scenario,climate_year,month,month_name,n_days,T_future_year_month_C,T_future_climatology_C,T_anomaly_from_future_climatology_C,delta_T_vs_historical_C,I_future_year_month_W_m2,I_future_climatology_W_m2,solar_factor_from_future_climatology,alpha_solar_vs_historical
rcp_2_6,2050,1,Jan,31,-2.1176265593,2.5007592830,-4.6183858423,-4.0766745684,49.3688208057,41.1947653217,1.1984246159,1.2414912607
rcp_2_6,2050,2,Feb,28,0.8621662685,3.1526042044,-2.2904379359,-2.0571141322,90.5892335347,75.9557091760,1.1926586496,1.2862296619
rcp_2_6,2050,3,Mar,31,3.6021285519,5.2896187075,-1.6874901556,-1.1963891995,127.7888576138,128.6348107509,0.9934236065,1.0088046671
rcp_2_6,2050,4,Apr,30,10.6893259684,8.3653120253,2.3240139431,3.3808827311,201.9066708883,184.7008241986,1.0931552242,1.1636441375
rcp_2_6,2050,5,May,31,10.8097061649,12.0711520850,-1.2614459200,0.1804264585,252.5045791134,233.6018291948,1.0809186725,1.1687536818
rcp_2_6,2050,6,Jun,30,16.2473327637,17.0940409342,-0.8467081706,0.7582780762,276.4357772827,260.6177925776,1.0606941857,1.1413590803
rcp_2_6,2050,7,Jul,31,17.2437881962,18.9219313474,-1.6781431512,-0.5207026131,238.2342578519,248.0878806722,0.9602817244,1.0224739234
rcp_2_6,2050,8,Aug,31,16.7324651903,18.7441941597,-2.0117289694,-0.7622657038,193.3777655325,215.1336930798,0.8988725232,0.9640100904
rcp_2_6,2050,9,Sep,30,16.8213836670,15.1048593188,1.7165243482,3.1020315755,182.9889241536,154.5684332227,1.1838699555,1.2439668527
rcp_2_6,2050,10,Oct,31,11.3881855626,10.4413618565,0.9468237061,2.1997216403,88.1376644258,91.6679472447,0.9614883618,1.0007541351
rcp_2_6,2050,11,Nov,30,5.1931620280,5.7149672251,-0.5218051971,0.5054268392,46.5907636484,50.3523618600,0.9252945031,0.9738705842
rcp_2_6,2050,12,Dec,31,6.0611975885,4.2027729931,1.8584245954,3.1975099625,26.5119382335,30.8514875359,0.8593406786,0.8757069170
rcp_2_6,2051,1,Jan,31,1.7998962402,2.5007592830,-0.7008630427,-0.1591517688,42.3538619626,41.1947653217,1.0281369886,1.0650841690
rcp_2_6,2051,2,Feb,28,2.1556320190,3.1526042044,-0.9969721854,-0.7636483817,61.9617765972,75.9557091760,0.8157619390,0.8797632108
rcp_2_6,2051,3,Mar,31,6.6365996330,5.2896187075,1.3469809255,1.8380818816,129.3468718990,128.6348107509,1.0055355245,1.0211041125
rcp_2_6,2051,4,Apr,30,6.1276489258,8.3653120253,-2.2376630995,-1.1807943115,163.5019340515,184.7008241986,0.8852257956,0.9423069886
rcp_2_6,2051,5,May,31,12.3710494503,12.0711520850,0.2998973653,1.7417697439,229.9250220022,233.6018291948,0.9842603664,1.0642409613
rcp_2_6,2051,6,Jun,30,15.6184753418,17.0940409342,-1.4755655924,0.1294206543,242.8498931885,260.6177925776,0.9318239203,1.0026883404
rcp_2_6,2051,7,Jul,31,16.7136447045,18.9219313474,-2.2082866428,-1.0508461048,213.5952619122,248.0878806722,0.8609661275,0.9167261981
rcp_2_6,2051,8,Aug,31,17.0793811429,18.7441941597,-1.6648130168,-0.4153497511,195.9348891474,215.1336930798,0.9107587303,0.9767576416
rcp_2_6,2051,9,Sep,30,16.0397837321,15.1048593188,0.9349244133,2.3204316406,148.9393984477,154.5684332227,0.9635822486,1.0124966611
rcp_2_6,2051,10,Oct,31,9.6683635096,10.4413618565,-0.7729983469,0.4798995873,102.9875050822,91.6679472447,1.1234843604,1.1693658125
rcp_2_6,2051,11,Nov,30,7.6826527913,5.7149672251,1.9676855663,2.9949176025,47.0930479685,50.3523618600,0.9352698906,0.9843696592
rcp_2_6,2051,12,Dec,31,1.4879101169,4.2027729931,-2.7148628762,-1.3757775091,31.0069401649,30.8514875359,1.0050387402,1.0241798143
rcp_2_6,2052,1,Jan,31,1.3714186145,2.5007592830,-1.1293406684,-0.5876293945,38.3503295222,41.1947653217,0.9309515232,0.9644062420
rcp_2_6,2052,2,Feb,29,4.1610559924,3.1526042044,1.0084517880,1.2417755917,70.3511561032,75.9557091760,0.9262128794,0.9988796703
rcp_2_6,2052,3,Mar,31,6.2634395476,5.2896187075,0.9738208402,1.4649217962,162.1716671605,128.6348107509,1.2607136918,1.2802331733
rcp_2_6,2052,4,Apr,30,6.1838226318,8.3653120253,-2.1814893934,-1.1246206055,184.6843811035,184.7008241986,0.9999109744,1.0643873053
rcp_2_6,2052,5,May,31,12.3214022729,12.0711520850,0.2502501879,1.6921225665,236.2149254584,233.6018291948,1.0111861122,1.0933546821
rcp_2_6,2052,6,Jun,30,17.8853841146,17.0940409342,0.7913431803,2.3963294271,286.7079915365,260.6177925776,1.1001090474,1.1837714089
rcp_2_6,2052,7,Jul,31,20.5650723365,18.9219313474,1.6431409891,2.8005815272,270.5878118700,248.0878806722,1.0906933911,1.1613316411
rcp_2_6,2052,8,Aug,31,21.7691227082,18.7441941597,3.0249285486,4.2743918142,239.6366778958,215.1336930798,1.1138965471,1.1946160143
rcp_2_6,2052,9,Sep,30,17.5017110189,15.1048593188,2.3968517001,3.7823589274,156.4040908813,154.5684332227,1.0118760191,1.0632419726
rcp_2_6,2052,10,Oct,31,12.6148533975,10.4413618565,2.1734915410,3.4263894752,96.6967246763,91.6679472447,1.0548586238,1.0979375015
rcp_2_6,2052,11,Nov,30,5.3007446289,5.7149672251,-0.4142225962,0.6130094401,49.0111692111,50.3523618600,0.9733638582,1.0244634827
rcp_2_6,2052,12,Dec,31,3.8234666394,4.2027729931,-0.3793063537,0.9597790134,24.8795147865,30.8514875359,0.8064283694,0.8217868870
rcp_2_6,2053,1,Jan,31,2.3568499165,2.5007592830,-0.1439093664,0.3978019074,40.3520735464,41.1947653217,0.9795437171,1.0147446473
rcp_2_6,2053,2,Feb,28,3.8734555926,3.1526042044,0.7208513882,0.9541751919,80.7916049276,75.9557091760,1.0636673109,1.1471182019
rcp_2_6,2053,3,Mar,31,6.4363826629,5.2896187075,1.1467639554,1.6378649115,105.4021295117,128.6348107509,0.8193904037,0.8320769287
rcp_2_6,2053,4,Apr,30,8.7025024414,8.3653120253,0.3371904161,1.3940592041,227.0491963704,184.7008241986,1.2292809052,1.3085474844
rcp_2_6,2053,5,May,31,11.7225253197,12.0711520850,-0.3486267652,1.0932456133,238.9025124581,233.6018291948,1.0226911034,1.1057945642
rcp_2_6,2053,6,Jun,30,17.5379292806,17.0940409342,0.4438883464,2.0488745931,265.0121208191,260.6177925776,1.0168611981,1.0941926312
rcp_2_6,2053,7,Jul,31,17.6973335512,18.9219313474,-1.2245977961,-0.0671572581,232.3904463245,248.0878806722,0.9367263153,0.9973929592
rcp_2_6,2053,8,Aug,31,18.1984430129,18.7441941597,-0.5457511468,0.7037121188,210.7222098074,215.1336930798,0.9794942242,1.0504741120
rcp_2_6,2053,9,Sep,30,16.1135884603,15.1048593188,1.0087291415,2.3942363688,158.1025292714,154.5684332227,1.0228642807,1.0747880324
rcp_2_6,2053,10,Oct,31,12.2230825117,10.4413618565,1.7817206551,3.0346185893,91.4818879404,91.6679472447,0.9979702905,1.0387259322
rcp_2_6,2053,11,Nov,30,6.6733764648,5.7149672251,0.9584092398,1.9856412760,47.0631855329,50.3523618600,0.9346768214,0.9837454551
rcp_2_6,2053,12,Dec,31,4.9080712103,4.2027729931,0.7052982172,2.0443835843,30.0026703035,30.8514875359,0.9724869917,0.9910081142
rcp_2_6,2054,1,Jan,31,0.7253890499,2.5007592830,-1.7753702331,-1.2336589592,51.3025467780,41.1947653217,1.2453656764,1.2901191974
rcp_2_6,2054,2,Feb,28,2.5286156791,3.1526042044,-0.6239885253,-0.3906647216,89.4160603796,75.9557091760,1.1772131595,1.2695723832
rcp_2_6,2054,3,Mar,31,5.9671995101,5.2896187075,0.6775808027,1.1686817588,126.7060184479,128.6348107509,0.9850056739,1.0002564006
rcp_2_6,2054,4,Apr,30,8.6443267822,8.3653120253,0.2790147569,1.3358835449,190.2332054138,184.7008241986,1.0299532026,1.0963667186
rcp_2_6,2054,5,May,31,12.6034467143,12.0711520850,0.5322946294,1.9741670079,228.0669412921,233.6018291948,0.9763063161,1.0556405681
rcp_2_6,2054,6,Jun,30,17.3979949951,17.0940409342,0.3039540609,1.9089403076,250.5439956665,260.6177925776,0.9613464729,1.0344560581
rcp_2_6,2054,7,Jul,31,19.9505654612,18.9219313474,1.0286341138,2.1860746519,247.1624124589,248.0878806722,0.9962695952,1.0607925320
rcp_2_6,2054,8,Aug,31,18.1304242534,18.7441941597,-0.6137699063,0.6356933594,214.6508311610,215.1336930798,0.9977555263,1.0700587349
rcp_2_6,2054,9,Sep,30,16.2974833171,15.1048593188,1.1926239982,2.5781312256,150.3967356364,154.5684332227,0.9730106756,1.0224037042
rcp_2_6,2054,10,Oct,31,10.3838934129,10.4413618565,-0.0574684436,1.1954294906,90.9535527383,91.6679472447,0.9922067143,1.0327269800
rcp_2_6,2054,11,Nov,30,3.3794148763,5.7149672251,-2.3355523488,-1.3083203125,59.5934645335,50.3523618600,1.1835286833,1.2456615340
rcp_2_6,2054,12,Dec,31,4.4989092427,4.2027729931,0.2961362496,1.6352216167,30.0866894261,30.8514875359,0.9752103328,0.9937833216
rcp_2_6,2055,1,Jan,31,3.4886947140,2.5007592830,0.9879354310,1.5296467049,36.2085674040,41.1947653217,0.8789604000,0.9105467633
rcp_2_6,2055,2,Feb,28,2.8255168370,3.1526042044,-0.3270873674,-0.0937635637,72.8244609833,75.9557091760,0.9587753412,1.0339968468
rcp_2_6,2055,3,Mar,31,6.0867565524,5.2896187075,0.7971378449,1.2882388010,123.7533585948,128.6348107509,0.9620518573,0.9769471928
rcp_2_6,2055,4,Apr,30,6.3060841878,8.3653120253,-2.0592278375,-1.0023590495,195.5188298543,184.7008241986,1.0585704244,1.1268292381
rcp_2_6,2055,5,May,31,13.4974729476,12.0711520850,1.4263208627,2.8681932412,236.6539635197,233.6018291948,1.0130655412,1.0953868328
rcp_2_6,2055,6,Jun,30,18.5897410075,17.0940409342,1.4957000732,3.1006863200,272.0209648132,260.6177925776,1.0437543888,1.1231310263
rcp_2_6,2055,7,Jul,31,16.7478864116,18.9219313474,-2.1740449358,-1.0166043977,218.2292866861,248.0878806722,0.8796450923,0.9366148973
rcp_2_6,2055,8,Aug,31,16.1107551821,18.7441941597,-2.6334389776,-1.3839757119,199.7401753087,215.1336930798,0.9284467368,0.9957274246
rcp_2_6,2055,9,Sep,30,14.3036346436,15.1048593188,-0.8012246753,0.5842825521,147.6898338318,154.5684332227,0.9554980325,1.0040020653
rcp_2_6,2055,10,Oct,31,8.7837032195,10.4413618565,-1.6576586370,-0.4047607028,83.6608226530,91.6679472447,0.9126507702,0.9499220879
rcp_2_6,2055,11,Nov,30,4.7339284261,5.7149672251,-0.9810387990,0.0461932373,52.3801116625,50.3523618600,1.0402711954,1.0948833191
rcp_2_6,2055,12,Dec,31,0.0284020209,4.2027729931,-4.1743709722,-2.8352856052,33.5025663376,30.8514875359,1.0859303396,1.1066120033
rcp_2_6,2056,1,Jan,31,4.5266753166,2.5007592830,2.0259160336,2.5676273075,32.7977598867,41.1947653217,0.7961632899,0.8247742523
rcp_2_6,2056,2,Feb,29,3.0763139396,3.1526042044,-0.0762902648,0.1570335389,75.7206389986,75.9557091760,0.9969051678,1.0751181801
rcp_2_6,2056,3,Mar,31,5.9686033187,5.2896187075,0.6789846113,1.1700855674,145.8868693690,128.6348107509,1.1341165624,1.1516759554
rcp_2_6,2056,4,Apr,30,10.9328857422,8.3653120253,2.5675737169,3.6244425049,214.9314614614,184.7008241986,1.1636735374,1.2387096176
rcp_2_6,2056,5,May,31,12.4191815776,12.0711520850,0.3480294926,1.7899018712,216.2099400182,233.6018291948,0.9255490026,1.0007587361
rcp_2_6,2056,6,Jun,30,18.8971262614,17.0940409342,1.8030853271,3.4080715739,270.9035044352,260.6177925776,1.0394666525,1.1185172112
rcp_2_6,2056,7,Jul,31,19.0604110226,18.9219313474,0.1384796752,1.2959202133,251.7305273241,248.0878806722,1.0146828883,1.0803983534
rcp_2_6,2056,8,Aug,31,20.7504036196,18.7441941597,2.0062094599,3.2556727256,232.7422741305,215.1336930798,1.0818494807,1.1602466297
rcp_2_6,2056,9,Sep,30,15.2082214355,15.1048593188,0.1033621167,1.4888693441,156.4339767456,154.5684332227,1.0120693694,1.0634451381
rcp_2_6,2056,10,Oct,31,11.4180760537,10.4413618565,0.9767141972,2.2296121314,93.2240348324,91.6679472447,1.0169752638,1.0585070408
rcp_2_6,2056,11,Nov,30,4.8069152832,5.7149672251,-0.9080519419,0.1191800944,48.7828969320,50.3523618600,0.9688303613,1.0196919864
rcp_2_6,2056,12,Dec,31,3.1961856965,4.2027729931,-1.0065872966,0.3324980705,34.1106155149,30.8514875359,1.1056392492,1.1266962712
rcp_2_6,2057,1,Jan,31,1.7902851720,2.5007592830,-0.7104741110,-0.1687628371,36.5956718076,41.1947653217,0.8883573319,0.9202813838
rcp_2_6,2057,2,Feb,28,3.0458613804,3.1526042044,-0.1067428240,0.1265809797,79.1466299466,75.9557091760,1.0420102821,1.1237620532
rcp_2_6,2057,3,Mar,31,5.8535520492,5.2896187075,0.5639333417,1.0550342978,147.7740045363,128.6348107509,1.1487870482,1.1665735826
rcp_2_6,2057,4,Apr,30,8.1969401042,8.3653120253,-0.1683719211,0.8884968669,166.9911334991,184.7008241986,0.9041168832,0.9624162127
rcp_2_6,2057,5,May,31,14.8225796607,12.0711520850,2.7514275757,4.1932999543,271.3429223337,233.6018291948,1.1615616336,1.2559496569
rcp_2_6,2057,6,Jun,30,15.2553944906,17.0940409342,-1.8386464437,-0.2336601969,249.8455604553,260.6177925776,0.9586665514,1.0315723309
rcp_2_6,2057,7,Jul,31,18.3872217978,18.9219313474,-0.5347095495,0.6227309885,230.3388279330,248.0878806722,0.9284565909,0.9885876500
rcp_2_6,2057,8,Aug,31,19.8061710481,18.7441941597,1.0619768884,2.3114401540,215.3749635758,215.1336930798,1.0011214910,1.0736686171
rcp_2_6,2057,9,Sep,30,17.5227315267,15.1048593188,2.4178722079,3.8033794352,169.5502805074,154.5684332227,1.0969269531,1.1526103549
rcp_2_6,2057,10,Oct,31,9.3688000095,10.4413618565,-1.0725618471,0.1803360871,86.2557519482,91.6679472447,0.9409586943,0.9793860661
rcp_2_6,2057,11,Nov,30,4.7032867432,5.7149672251,-1.0116804819,0.0155515544,44.4568111579,50.3523618600,0.8829141179,0.9292653149
rcp_2_6,2057,12,Dec,31,3.7538580125,4.2027729931,-0.4489149806,0.8901703865,36.4764588571,30.8514875359,1.1823241526,1.2048416471
rcp_2_6,2058,1,Jan,31,3.9470923639,2.5007592830,1.4463330809,1.9880443548,40.4453437713,41.1947653217,0.9818078451,1.0170901392
rcp_2_6,2058,2,Feb,28,5.4615402222,3.1526042044,2.3089360178,2.5422598215,67.1863562720,75.9557091760,0.8845464943,0.9539443148
rcp_2_6,2058,3,Mar,31,4.6871328046,5.2896187075,-0.6024859028,-0.1113849468,113.7445479362,128.6348107509,0.8842439093,0.8979345536
rcp_2_6,2058,4,Apr,30,10.6474934896,8.3653120253,2.2821814643,3.3390502523,180.2818169912,184.7008241986,0.9760747835,1.0390141074
rcp_2_6,2058,5,May,31,14.1591344034,12.0711520850,2.0879823184,3.5298546970,236.7117420320,233.6018291948,1.0133128788,1.0956542689
rcp_2_6,2058,6,Jun,30,18.5840728760,17.0940409342,1.4900319417,3.0950181885,246.2231994629,260.6177925776,0.9447674199,1.0166161821
rcp_2_6,2058,7,Jul,31,18.8101265200,18.9219313474,-0.1118048274,1.0456357107,257.0250039870,248.0878806722,1.0360240222,1.1031216359
rcp_2_6,2058,8,Aug,31,17.1384237966,18.7441941597,-1.6057703631,-0.3563070974,188.9953221967,215.1336930798,0.8785017330,0.9421631134
rcp_2_6,2058,9,Sep,30,14.2866271973,15.1048593188,-0.8182321215,0.5672751058,146.1296056112,154.5684332227,0.9454039390,0.9933955643
rcp_2_6,2058,10,Oct,31,11.1356427593,10.4413618565,0.6942809027,1.9471788369,89.9171367153,91.6679472447,0.9809005156,1.0209590528
rcp_2_6,2058,11,Nov,30,9.0623291016,5.7149672251,3.3473618765,4.3745939128,46.6437662443,50.3523618600,0.9263471369,0.9749784790
rcp_2_6,2058,12,Dec,31,3.7515052057,4.2027729931,-0.4512677874,0.8878175797,33.3846088071,30.8514875359,1.0821069411,1.1027157877
rcp_2_6,2059,1,Jan,31,3.8705375425,2.5007592830,1.3697782596,1.9114895335,44.8435836300,41.1947653217,1.0885748051,1.1276938818
rcp_2_6,2059,2,Feb,28,2.2777797154,3.1526042044,-0.8748244890,-0.6415006853,76.9868760109,75.9557091760,1.0135758963,1.0930968244
rcp_2_6,2059,3,Mar,31,4.6025449691,5.2896187075,-0.6870737383,-0.1959727823,119.8528714334,128.6348107509,0.9317296829,0.9461555438
rcp_2_6,2059,4,Apr,30,9.0621571859,8.3653120253,0.6968451606,1.7537139486,201.8344688416,184.7008241986,1.0927643107,1.1632280171
rcp_2_6,2059,5,May,31,11.5827735163,12.0711520850,-0.4883785687,0.9534938099,220.0363068119,233.6018291948,0.9419288692,1.0184696239
rcp_2_6,2059,6,Jun,30,18.8924936930,17.0940409342,1.7984527588,3.4034390055,306.3839892069,260.6177925776,1.1756065700,1.2650104541
rcp_2_6,2059,7,Jul,31,24.0440201298,18.9219313474,5.1220887824,6.2795293205,283.8164653163,248.0878806722,1.1440158405,1.2181074940
rcp_2_6,2059,8,Aug,31,18.1880207677,18.7441941597,-0.5561733920,0.6932898737,212.3793219289,215.1336930798,0.9871969327,1.0587350038
rcp_2_6,2059,9,Sep,30,14.7840647380,15.1048593188,-0.3207945809,1.0647126465,150.6835084279,154.5684332227,0.9748659884,1.0243531984
rcp_2_6,2059,10,Oct,31,11.6951717254,10.4413618565,1.2538098688,2.5067078030,93.5432345483,91.6679472447,1.0204573939,1.0621313759
rcp_2_6,2059,11,Nov,30,8.0278238932,5.7149672251,2.3128566681,3.3400887044,47.1751663844,50.3523618600,0.9369007658,0.9860861520
rcp_2_6,2059,12,Dec,31,6.8735991447,4.2027729931,2.6708261516,4.0099115187,31.4458244539,30.8514875359,1.0192644493,1.0386764537
rcp_2_6,2060,1,Jan,31,5.1614576770,2.5007592830,2.6606983941,3.2024096680,38.9641789159,41.1947653217,0.9458526736,0.9798428809
rcp_2_6,2060,2,Feb,29,3.3282049771,3.1526042044,0.1756007727,0.4089245764,77.5895535042,75.9557091760,1.0215104874,1.1016539303
rcp_2_6,2060,3,Mar,31,2.7040602161,5.2896187075,-2.5855584914,-2.0944575353,127.5522298505,128.6348107509,0.9915840751,1.0069366545
rcp_2_6,2060,4,Apr,30,8.7193491618,8.3653120253,0.3540371365,1.4109059245,182.3819292704,184.7008241986,0.9874451295,1.0511176369
rcp_2_6,2060,5,May,31,10.2140020555,12.0711520850,-1.8571500295,-0.4152776509,195.7841139763,233.6018291948,0.8381103635,0.9062148689
rcp_2_6,2060,6,Jun,30,18.8587809245,17.0940409342,1.7647399902,3.3697262370,270.8150446574,260.6177925776,1.0391272291,1.1181519749
rcp_2_6,2060,7,Jul,31,20.8087364935,18.9219313474,1.8868051462,3.0442456842,267.6071285125,248.0878806722,1.0786787641,1.1485388923
rcp_2_6,2060,8,Aug,31,17.6222327448,18.7441941597,-1.1219614149,0.1275018507,201.0397855697,215.1336930798,0.9344876792,1.0022061291
rcp_2_6,2060,9,Sep,30,15.0939565023,15.1048593188,-0.0109028165,1.3746044108,162.6252157847,154.5684332227,1.0521243723,1.1055334567
rcp_2_6,2060,10,Oct,31,11.2543876402,10.4413618565,0.8130257837,2.0659237179,111.5445717842,91.6679472447,1.2168328749,1.2665265433
rcp_2_6,2060,11,Nov,30,8.3136088053,5.7149672251,2.5986415802,3.6258736165,53.3332291285,50.3523618600,1.0592001479,1.1148060031
rcp_2_6,2060,12,Dec,31,6.5169293804,4.2027729931,2.3141563873,3.6532417543,26.4534723682,30.8514875359,0.8574456041,0.8737757507
rcp_2_6,2061,1,Jan,31,3.7084793583,2.5007592830,1.2077200753,1.7494313492,37.4401307260,41.1947653217,0.9088565121,0.9415172235
rcp_2_6,2061,2,Feb,28,5.0462232317,3.1526042044,1.8936190273,2.1269428310,60.7948304585,75.9557091760,0.8003984311,0.8631943463
rcp_2_6,2061,3,Mar,31,4.2369601342,5.2896187075,-1.0526585733,-0.5615576172,126.0951104933,128.6348107509,0.9802565088,0.9954337048
rcp_2_6,2061,4,Apr,30,7.3228474935,8.3653120253,-1.0424645318,0.0144042562,198.2938367208,184.7008241986,1.0735947583,1.1428223723
rcp_2_6,2061,5,May,31,9.6480870401,12.0711520850,-2.4230650449,-0.9811926663,208.7532236653,233.6018291948,0.8936283778,0.9662442543
rcp_2_6,2061,6,Jun,30,18.7160827637,17.0940409342,1.6220418294,3.2270280762,265.1752024333,260.6177925776,1.0174869483,1.0948659691
rcp_2_6,2061,7,Jul,31,18.7759931011,18.9219313474,-0.1459382463,1.0115022918,256.4142424060,248.0878806722,1.0335621462,1.1005003177
rcp_2_6,2061,8,Aug,31,21.4825557586,18.7441941597,2.7383615989,3.9878248645,254.1828229350,215.1336930798,1.1815109911,1.2671301969
rcp_2_6,2061,9,Sep,30,14.0815867106,15.1048593188,-1.0232726082,0.3622346191,151.4046577454,154.5684332227,0.9795315550,1.0292556036
rcp_2_6,2061,10,Oct,31,9.5755506946,10.4413618565,-0.8658111619,0.3870867723,85.9598244698,91.6679472447,0.9377304396,0.9760259743
rcp_2_6,2061,11,Nov,30,5.2554738363,5.7149672251,-0.4594933888,0.5677386475,55.4954103311,50.3523618600,1.1021411565,1.1600013274
rcp_2_6,2061,12,Dec,31,7.0675226027,4.2027729931,2.8647496096,4.2038349767,29.2356190220,30.8514875359,0.9476242916,0.9656719013
rcp_2_6,2062,1,Jan,31,0.8786985336,2.5007592830,-1.6220607494,-1.0803494755,41.0160862400,41.1947653217,0.9956625780,1.0314427564
rcp_2_6,2062,2,Feb,28,1.7101854597,3.1526042044,-1.4424187447,-1.2090949410,83.7999078206,75.9557091760,1.1032733251,1.1898315384
rcp_2_6,2062,3,Mar,31,4.3416669292,5.2896187075,-0.9479517783,-0.4568508222,122.6553051856,128.6348107509,0.9535156500,0.9682788204
rcp_2_6,2062,4,Apr,30,8.1218861898,8.3653120253,-0.2434258355,0.8134429525,180.4829625448,184.7008241986,0.9771638179,1.0401733650
rcp_2_6,2062,5,May,31,14.1245560185,12.0711520850,2.0534039335,3.4952763121,244.9665510116,233.6018291948,1.0486499693,1.1338628369
rcp_2_6,2062,6,Jun,30,15.8669921875,17.0940409342,-1.2270487467,0.3779375000,245.9904965719,260.6177925776,0.9438745304,1.0156553891
rcp_2_6,2062,7,Jul,31,17.6417246173,18.9219313474,-1.2802067301,-0.1227661920,259.6621123283,248.0878806722,1.0466537568,1.1144398003
rcp_2_6,2062,8,Aug,31,17.0059400989,18.7441941597,-1.7382540608,-0.4887907951,207.8660074049,215.1336930798,0.9662178175,1.0362356191
rcp_2_6,2062,9,Sep,30,13.1589050293,15.1048593188,-1.9459542895,-0.5604470622,131.9688948949,154.5684332227,0.8537894326,0.8971304225
rcp_2_6,2062,10,Oct,31,9.2943371188,10.4413618565,-1.1470247377,0.1058731965,85.9708605736,91.6679472447,0.9378508318,0.9761512831
rcp_2_6,2062,11,Nov,30,4.0342875163,5.7149672251,-1.6806797088,-0.6534476725,61.2248300552,50.3523618600,1.2159276704,1.2797614021
rcp_2_6,2062,12,Dec,31,-1.1915903399,4.2027729931,-5.3943633330,-4.0552779659,37.5861828096,30.8514875359,1.2182940212,1.2414965658
rcp_2_6,2063,1,Jan,31,1.0524045883,2.5007592830,-1.4483546947,-0.9066434208,44.6530814632,41.1947653217,1.0839503785,1.1229032716
rcp_2_6,2063,2,Feb,28,0.7312807356,3.1526042044,-2.4213234688,-2.1879996651,87.9990356990,75.9557091760,1.1585572257,1.2494527828
rcp_2_6,2063,3,Mar,31,5.9233683925,5.2896187075,0.6337496850,1.1248506411,128.1713031646,128.6348107509,0.9963967173,1.0118238102
rcp_2_6,2063,4,Apr,30,9.9549987793,8.3653120253,1.5896867540,2.6465555420,197.6115351359,184.7008241986,1.0699006677,1.1388900790
rcp_2_6,2063,5,May,31,10.8491368448,12.0711520850,-1.2220152402,0.2198571384,219.2968213481,233.6018291948,0.9387632884,1.0150468093
rcp_2_6,2063,6,Jun,30,15.6353627523,17.0940409342,-1.4586781820,0.1463080648,240.3582333883,260.6177925776,0.9222633306,0.9924006759
rcp_2_6,2063,7,Jul,31,18.2373657227,18.9219313474,-0.6845656247,0.4728749134,251.9433849704,248.0878806722,1.0155408813,1.0813119139
rcp_2_6,2063,8,Aug,31,17.1495164441,18.7441941597,-1.5946777156,-0.3452144500,213.5186895555,215.1336930798,0.9924930238,1.0644148806
rcp_2_6,2063,9,Sep,30,13.2082967122,15.1048593188,-1.8965626066,-0.5110553792,155.0804801941,154.5684332227,1.0033127526,1.0542440082
rcp_2_6,2063,10,Oct,31,9.1497399115,10.4413618565,-1.2916219451,-0.0387240108,106.2034189778,91.6679472447,1.1585665674,1.2058807253
rcp_2_6,2063,11,Nov,30,8.5723073324,5.7149672251,2.8573401073,3.8845721436,47.1783192317,50.3523618600,0.9369633814,0.9861520549
rcp_2_6,2063,12,Dec,31,5.7252955283,4.2027729931,1.5225225352,2.8616079023,31.3954535915,30.8514875359,1.0176317610,1.0370126707
rcp_2_6,2064,1,Jan,31,-0.1508129489,2.5007592830,-2.6515722319,-2.1098609580,43.8962453719,41.1947653217,1.0655782362,1.1038709071
rcp_2_6,2064,2,Feb,29,5.0425720215,3.1526042044,1.8899678171,2.1232916208,65.8124573806,75.9557091760,0.8664583360,0.9344370352
rcp_2_6,2064,3,Mar,31,4.3291803175,5.2896187075,-0.9604383899,-0.4693374338,135.1677077509,128.6348107509,1.0507863848,1.0670555866
rcp_2_6,2064,4,Apr,30,7.7941151937,8.3653120253,-0.5711968316,0.4856719564,178.1993659973,184.7008241986,0.9648000585,1.0270123648
rcp_2_6,2064,5,May,31,12.2065449376,12.0711520850,0.1353928526,1.5772652312,250.6102004513,233.6018291948,1.0728092383,1.1599852783
rcp_2_6,2064,6,Jun,30,13.4438262939,17.0940409342,-3.6502146403,-2.0452283936,230.7195332845,260.6177925776,0.8852792858,0.9526040258
rcp_2_6,2064,7,Jul,31,18.7172753119,18.9219313474,-0.2046560355,0.9527845026,253.1007030856,248.0878806722,1.0202058335,1.0862789896
rcp_2_6,2064,8,Aug,31,19.9154446510,18.7441941597,1.1712504913,2.4207137569,237.8844530659,215.1336930798,1.1057517289,1.1858809748
rcp_2_6,2064,9,Sep,30,14.4938415527,15.1048593188,-0.6110177661,0.7744894613,133.0495282491,154.5684332227,0.8607807265,0.9044766161
rcp_2_6,2064,10,Oct,31,9.8254906439,10.4413618565,-0.6158712126,0.6370267216,93.0741679899,91.6679472447,1.0153403756,1.0568053862
rcp_2_6,2064,11,Nov,30,3.7403940837,5.7149672251,-1.9745731414,-0.9473411051,48.4732631048,50.3523618600,0.9626810206,1.0132198178
rcp_2_6,2064,12,Dec,31,5.0566327495,4.2027729931,0.8538597564,2.1929451235,29.7246150740,30.8514875359,0.9634742908,0.9818237654
rcp_2_6,2065,1,Jan,31,-0.4515233194,2.5007592830,-2.9522826023,-2.4105713284,47.0253339275,41.1947653217,1.1415366385,1.1825589542
rcp_2_6,2065,2,Feb,28,4.2875616891,3.1526042044,1.1349574847,1.3682812884,79.8648655755,75.9557091760,1.0514662616,1.1339599093
rcp_2_6,2065,3,Mar,31,7.3376238423,5.2896187075,2.0480051348,2.5391060909,140.1937969577,128.6348107509,1.0898589281,1.1067330854
rcp_2_6,2065,4,Apr,30,8.8601949056,8.3653120253,0.4948828803,1.5517516683,180.5540534973,184.7008241986,0.9775487158,1.0405830819
rcp_2_6,2065,5,May,31,12.4900965537,12.0711520850,0.4189444687,1.8608168473,250.6496328538,233.6018291948,1.0729780401,1.1601677968
rcp_2_6,2065,6,Jun,30,14.7072306315,17.0940409342,-2.3868103027,-0.7818240560,258.5666598002,260.6177925776,0.9921297285,1.0675803542
rcp_2_6,2065,7,Jul,31,17.2352984028,18.9219313474,-1.6866329445,-0.5291924064,235.0961048988,248.0878806722,0.9476323642,1.0090053333
rcp_2_6,2065,8,Aug,31,20.5477373677,18.7441941597,1.8035432080,3.0530064737,225.9676786853,215.1336930798,1.0503593159,1.1264745032
rcp_2_6,2065,9,Sep,30,14.1925415039,15.1048593188,-0.9123178149,0.4731894124,145.5574275970,154.5684332227,0.9417021611,0.9895058727
rcp_2_6,2065,10,Oct,31,10.1735711867,10.4413618565,-0.2677906699,0.9851072644,85.4219942401,91.6679472447,0.9318632827,0.9699192113
rcp_2_6,2065,11,Nov,30,4.2159444173,5.7149672251,-1.4990228078,-0.4717907715,52.0239137650,50.3523618600,1.0331970903,1.0874378379
rcp_2_6,2065,12,Dec,31,4.4324508175,4.2027729931,0.2296778244,1.5687631915,29.6793762638,30.8514875359,0.9620079495,0.9803294975
rcp_2_6,2066,1,Jan,31,4.7277201991,2.5007592830,2.2269609161,2.7686721900,46.0077704768,41.1947653217,1.1168353580,1.1569700073
rcp_2_6,2066,2,Feb,28,2.9428591047,3.1526042044,-0.2097450997,0.0235787040,77.0463348116,75.9557091760,1.0143587052,1.0939410491
rcp_2_6,2066,3,Mar,31,3.4478346302,5.2896187075,-1.8417840773,-1.3506831212,119.8870754857,128.6348107509,0.9319955834,0.9464255611
rcp_2_6,2066,4,Apr,30,6.8386973063,8.3653120253,-1.5266147190,-0.4697459310,166.8351716359,184.7008241986,0.9032724806,0.9615173612
rcp_2_6,2066,5,May,31,11.4547916535,12.0711520850,-0.6163604314,0.8255119471,235.5103604717,233.6018291948,1.0081700185,1.0900935020
rcp_2_6,2066,6,Jun,30,18.2120951335,17.0940409342,1.1180541992,2.7230404460,249.9355050405,260.6177925776,0.9590116721,1.0319436977
rcp_2_6,2066,7,Jul,31,19.3049867692,18.9219313474,0.3830554218,1.5404959599,245.6180176273,248.0878806722,0.9900444027,1.0541641677
rcp_2_6,2066,8,Aug,31,21.0615510018,18.7441941597,2.3173568421,3.5668201077,233.9446366833,215.1336930798,1.0874383893,1.1662405434
rcp_2_6,2066,9,Sep,30,14.5442565918,15.1048593188,-0.5606027270,0.8249045003,162.5399325689,154.5684332227,1.0515726218,1.1049536976
rcp_2_6,2066,10,Oct,31,10.5370227445,10.4413618565,0.0956608879,1.3485588221,84.3408115141,91.6679472447,0.9200687268,0.9576429831
rcp_2_6,2066,11,Nov,30,6.1961222331,5.7149672251,0.4811550080,1.5083870443,45.7771837234,50.3523618600,0.9091367720,0.9568646050
rcp_2_6,2066,12,Dec,31,4.1085382277,4.2027729931,-0.0942347654,1.2448506017,28.6149096335,30.8514875359,0.9275050223,0.9451694582
rcp_2_6,2067,1,Jan,31,5.4938945155,2.5007592830,2.9931352325,3.5348465064,35.2182369540,41.1947653217,0.8549201987,0.8856426522
rcp_2_6,2067,2,Feb,28,3.9743739537,3.1526042044,0.8217697493,1.0550935530,72.2470170770,75.9557091760,0.9511729646,1.0257980195
rcp_2_6,2067,3,Mar,31,7.6449417606,5.2896187075,2.3553230532,2.8464240093,142.1296115998,128.6348107509,1.1049078455,1.1220150034
rcp_2_6,2067,4,Apr,30,6.9448476156,8.3653120253,-1.4204644097,-0.3635956217,137.0992539724,184.7008241986,0.7422774347,0.7901410213
rcp_2_6,2067,5,May,31,11.5445133332,12.0711520850,-0.5266387518,0.9152336268,238.7683605071,233.6018291948,1.0221168273,1.1051736227
rcp_2_6,2067,6,Jun,30,16.4715830485,17.0940409342,-0.6224578857,0.9825283610,236.9567970276,260.6177925776,0.9092118949,0.9783566896
rcp_2_6,2067,7,Jul,31,17.7449143933,18.9219313474,-1.1770169541,-0.0195764160,253.1396725562,248.0878806722,1.0203629128,1.0864462420
rcp_2_6,2067,8,Aug,31,19.9793327085,18.7441941597,1.2351385489,2.4846018145,224.7478933027,215.1336930798,1.0446894212,1.1203937347
rcp_2_6,2067,9,Sep,30,16.1389109294,15.1048593188,1.0340516106,2.4195588379,180.3745346069,154.5684332227,1.1669558321,1.2261941162
rcp_2_6,2067,10,Oct,31,9.3890932145,10.4413618565,-1.0522686421,0.2006292921,82.2996101379,91.6679472447,0.8978013865,0.9344662773
rcp_2_6,2067,11,Nov,30,5.0246938070,5.7149672251,-0.6902734181,0.3369586182,53.2953566869,50.3523618600,1.0584479996,1.1140143686
rcp_2_6,2067,12,Dec,31,7.1057178128,4.2027729931,2.9029448197,4.2420301868,29.0124302833,30.8514875359,0.9403899974,0.9582998291
rcp_2_6,2068,1,Jan,31,4.4713321809,2.5007592830,1.9705728979,2.5122841718,36.2485194052,41.1947653217,0.8799302320,0.9115514472
rcp_2_6,2068,2,Feb,29,2.9826660156,3.1526042044,-0.1699381888,0.0633856149,79.8191268526,75.9557091760,1.0508640854,1.1333104889
rcp_2_6,2068,3,Mar,31,6.1930729035,5.2896187075,0.9034541961,1.3945551522,118.2688113797,128.6348107509,0.9194152865,0.9336504850
rcp_2_6,2068,4,Apr,30,7.2191294352,8.3653120253,-1.1461825901,-0.0893138021,187.3690597534,184.7008241986,1.0144462569,1.0798598529
rcp_2_6,2068,5,May,31,11.8479771768,12.0711520850,-0.2231749082,1.2186974704,230.6560474519,233.6018291948,0.9873897317,1.0676246175
rcp_2_6,2068,6,Jun,30,18.2673573812,17.0940409342,1.1733164469,2.7783026937,270.5632138570,260.6177925776,1.0381609451,1.1171122059
rcp_2_6,2068,7,Jul,31,22.4283703220,18.9219313474,3.5064389746,4.6638795127,262.1215465915,248.0878806722,1.0565673175,1.1249954082
rcp_2_6,2068,8,Aug,31,18.0308325983,18.7441941597,-0.7133615614,0.5361017043,197.8013569001,215.1336930798,0.9194345807,0.9860621950
rcp_2_6,2068,9,Sep,30,14.5359944661,15.1048593188,-0.5688648527,0.8166423747,130.5788408915,154.5684332227,0.8447963026,0.8876807735
rcp_2_6,2068,10,Oct,31,8.6956176758,10.4413618565,-1.7457441808,-0.4928462465,97.7290979201,91.6679472447,1.0661207200,1.1096595253
rcp_2_6,2068,11,Nov,30,5.6291758219,5.7149672251,-0.0857914031,0.9414406331,52.0010638555,50.3523618600,1.0327432902,1.0869602142
rcp_2_6,2068,12,Dec,31,3.4079845798,4.2027729931,-0.7947884133,0.5442969538,31.3226578466,30.8514875359,1.0152722072,1.0346081789
rcp_2_6,2069,1,Jan,31,2.3266837828,2.5007592830,-0.1740755002,0.3676357737,41.7945910731,41.1947653217,1.0145607275,1.0510200307
rcp_2_6,2069,2,Feb,28,3.2652522496,3.1526042044,0.1126480452,0.3459718489,69.3036429541,75.9557091760,0.9124217746,0.9840065730
rcp_2_6,2069,3,Mar,31,3.9720055365,5.2896187075,-1.3176131710,-0.8265122149,113.5678107969,128.6348107509,0.8828699645,0.8965393361
rcp_2_6,2069,4,Apr,30,9.8711273193,8.3653120253,1.5058152941,2.5626840820,169.2321296692,184.7008241986,0.9162499973,0.9753316951
rcp_2_6,2069,5,May,31,11.6878543977,12.0711520850,-0.3832976873,1.0585746913,236.4888684673,233.6018291948,1.0123588042,1.0946226666
rcp_2_6,2069,6,Jun,30,15.2418395996,17.0940409342,-1.8522013346,-0.2472150879,256.4914927165,260.6177925776,0.9841672365,1.0590123215
rcp_2_6,2069,7,Jul,31,17.5734144642,18.9219313474,-1.3485168832,-0.1910763451,243.8914078743,248.0878806722,0.9830847328,1.0467537580
rcp_2_6,2069,8,Aug,31,19.2698177215,18.7441941597,0.5256235618,1.7750868274,210.5656820728,215.1336930798,0.9787666407,1.0496938035
rcp_2_6,2069,9,Sep,30,15.1603373210,15.1048593188,0.0554780022,1.4409852295,172.3889282227,154.5684332227,1.1152919430,1.1719076085
rcp_2_6,2069,10,Oct,31,10.6026217553,10.4413618565,0.1612598988,1.4141578330,93.6797533343,91.6679472447,1.0219466689,1.0636814708
rcp_2_6,2069,11,Nov,30,5.0700754801,5.7149672251,-0.6448917449,0.3823402913,45.5237586975,50.3523618600,0.9041037404,0.9515673495
rcp_2_6,2069,12,Dec,31,5.1767735635,4.2027729931,0.9740005704,2.3130859375,32.4799539505,30.8514875359,1.0527840485,1.0728344374
rcp_2_6,2070,1,Jan,31,3.5383980043,2.5007592830,1.0376387214,1.5793499953,40.2073380870,41.1947653217,0.9760302741,1.0111049451
rcp_2_6,2070,2,Feb,28,2.5245786394,3.1526042044,-0.6280255650,-0.3947017613,76.1928129877,75.9557091760,1.0031216062,1.0818223343
rcp_2_6,2070,3,Mar,31,4.8469385947,5.2896187075,-0.4426801128,0.0484208433,125.2150666022,128.6348107509,0.9734150956,0.9884863668
rcp_2_6,2070,4,Apr,30,8.5311716715,8.3653120253,0.1658596463,1.2227284342,173.7249114990,184.7008241986,0.9405746415,1.0012248427
rcp_2_6,2070,5,May,31,11.1173617455,12.0711520850,-0.9537903395,0.4880820391,227.5853778470,233.6018291948,0.9742448449,1.0534115826
rcp_2_6,2070,6,Jun,30,18.6477640788,17.0940409342,1.5537231445,3.1587093913,280.4744684855,260.6177925776,1.0761907915,1.1580341899
rcp_2_6,2070,7,Jul,31,19.6724085654,18.9219313474,0.7504772180,1.9079177561,238.1408716017,248.0878806722,0.9599053003,1.0220731204
rcp_2_6,2070,8,Aug,31,17.6595055365,18.7441941597,-1.0846886232,0.1647746425,206.7341178156,215.1336930798,0.9609564864,1.0305930211
rcp_2_6,2070,9,Sep,30,13.7141886393,15.1048593188,-1.3906706795,-0.0051634521,153.0497734070,154.5684332227,0.9901748385,1.0404391731
rcp_2_6,2070,10,Oct,31,12.0913942399,10.4413618565,1.6500323833,2.9029303175,81.9444656372,91.6679472447,0.8939271370,0.9304338091
rcp_2_6,2070,11,Nov,30,4.3985941569,5.7149672251,-1.3163730682,-0.2891410319,54.2828872045,50.3523618600,1.0780603968,1.1346563768
rcp_2_6,2070,12,Dec,31,2.4688730548,4.2027729931,-1.7338999383,-0.3948145713,30.9687405248,30.8514875359,1.0038005619,1.0229180549
rcp_4_5,2050,1,Jan,31,3.3248133506,3.1216073454,0.2032060052,1.3657653415,45.0425122015,41.6667844667,1.0810172366,1.1326963931
rcp_4_5,2050,2,Feb,28,3.9589309692,3.3445007942,0.6144301751,1.0396505685,72.4893320969,75.1011250409,0.9652229851,1.0292385251
rcp_4_5,2050,3,Mar,31,5.6242941580,5.9752765427,-0.3509823847,0.8257764066,117.0930033038,126.6457242131,0.9245713113,0.9243682933
rcp_4_5,2050,4,Apr,30,8.0729634603,8.6894138881,-0.6164504278,0.7645202230,179.5902191162,187.8521713923,0.9560188620,1.0350282371
rcp_4_5,2050,5,May,31,12.9351137223,12.5692624328,0.3658512895,2.3058340159,213.8585293678,234.3367098912,0.9126121531,0.9898748944
rcp_4_5,2050,6,Jun,30,14.8801493327,17.6820990184,-2.8019496857,-0.6089053548,267.4778539022,268.9561281598,0.9945036603,1.1043732484
rcp_4_5,2050,7,Jul,31,18.1983416157,19.6205359018,-1.4221942861,0.4338508065,234.7181691816,249.8543407774,0.9394200175,1.0073832769
rcp_4_5,2050,8,Aug,31,19.7335096790,19.1731152981,0.5603943809,2.2387787850,239.3516252579,211.1083429984,1.1337857228,1.1931949946
rcp_4_5,2050,9,Sep,30,13.3649220785,15.7438634963,-2.3789414179,-0.3544300130,145.6657752991,158.2623043121,0.9204072690,0.9902424252
rcp_4_5,2050,10,Oct,31,12.1631341750,11.0741612776,1.0889728974,2.9746702526,83.2991108433,94.6868076823,0.8797330154,0.9458150516
rcp_4_5,2050,11,Nov,30,5.7743377686,6.9770602756,-1.2027225071,1.0866025798,45.6679586569,49.8145917802,0.9167586650,0.9545815113
rcp_4_5,2050,12,Dec,31,0.2791935090,4.3901339529,-4.1109404439,-2.5844941170,32.7734412224,31.3885007688,1.0441225423,1.0825285168
rcp_4_5,2051,1,Jan,31,4.0075900170,3.1216073454,0.8859826716,2.0485420079,43.6987690157,41.6667844667,1.0487674913,1.0989049151
rcp_4_5,2051,2,Feb,28,3.7865001134,3.3445007942,0.4419993192,0.8672197127,68.4453693117,75.1011250409,0.9113760849,0.9718203896
rcp_4_5,2051,3,Mar,31,4.2516144783,5.9752765427,-1.7236620644,-0.5469032731,121.8922901769,126.6457242131,0.9624666836,0.9622553445
rcp_4_5,2051,4,Apr,30,7.6356374105,8.6894138881,-1.0537764776,0.3271941732,177.0360070546,187.8521713923,0.9424219360,1.0203076046
rcp_4_5,2051,5,May,31,12.2710472845,12.5692624328,-0.2982151483,1.6417675781,253.2727267358,234.3367098912,1.0808068734,1.1723091633
rcp_4_5,2051,6,Jun,30,17.3905141195,17.6820990184,-0.2915848989,1.9014594320,271.9197489421,268.9561281598,1.0110189747,1.1227131221
rcp_4_5,2051,7,Jul,31,20.1552222467,19.6205359018,0.5346863449,2.3907314374,266.8896002000,249.8543407774,1.0681807623,1.1454593437
rcp_4_5,2051,8,Aug,31,21.7783144059,19.1731152981,2.6051991077,4.2835835118,233.7958991758,211.1083429984,1.1074687805,1.1654990700
rcp_4_5,2051,9,Sep,30,16.7771240234,15.7438634963,1.0332605271,3.0577719320,141.8587677002,158.2623043121,0.8963522193,0.9643622181
rcp_4_5,2051,10,Oct,31,10.1630928286,11.0741612776,-0.9110684490,0.9746289063,105.4713970923,94.6868076823,1.1138974866,1.1975690241
rcp_4_5,2051,11,Nov,30,5.9200408936,6.9770602756,-1.0570193821,1.2323057048,56.6504227956,49.8145917802,1.1372254749,1.1841441526
rcp_4_5,2051,12,Dec,31,3.4322637743,4.3901339529,-0.9578701787,0.5685761482,28.8858932987,31.3885007688,0.9202699266,0.9541202285
rcp_4_5,2052,1,Jan,31,3.6306910361,3.1216073454,0.5090836907,1.6716430270,35.8638329352,41.6667844667,0.8607295570,0.9018776312
rcp_4_5,2052,2,Feb,29,4.2302130337,3.3445007942,0.8857122396,1.3109326330,70.9422080435,75.1011250409,0.9446224408,1.0072717110
rcp_4_5,2052,3,Mar,31,6.0971650154,5.9752765427,0.1218884727,1.2986472640,131.3975651649,126.6457242131,1.0375207373,1.0372929178
rcp_4_5,2052,4,Apr,30,7.4282948812,8.6894138881,-1.2611190069,0.1198516439,160.4746695201,187.8521713923,0.8542603917,0.9248600236
rcp_4_5,2052,5,May,31,13.2794012254,12.5692624328,0.7101387926,2.6501215190,248.5782783262,234.3367098912,1.0607739540,1.1505802351
rcp_4_5,2052,6,Jun,30,20.5447082520,17.6820990184,2.8626092336,5.0556535645,291.9041221619,268.9561281598,1.0853224433,1.2052254006
rcp_4_5,2052,7,Jul,31,24.2793825211,19.6205359018,4.6588466193,6.5148917118,273.9328736336,249.8543407774,1.0963702803,1.1756882599
rcp_4_5,2052,8,Aug,31,18.7851365612,19.1731152981,-0.3879787369,1.2904056672,211.1457617975,211.1083429984,1.0001772493,1.0525855667
rcp_4_5,2052,9,Sep,30,16.9739349365,15.7438634963,1.2300714402,3.2545828451,184.4372828166,158.2623043121,1.1653898483,1.2538128594
rcp_4_5,2052,10,Oct,31,11.4821816721,11.0741612776,0.4080203946,2.2937177498,110.1178572870,94.6868076823,1.1629693722,1.2503269941
rcp_4_5,2052,11,Nov,30,7.1070322673,6.9770602756,0.1299719916,2.4192970785,45.1150388082,49.8145917802,0.9056591090,0.9430240193
rcp_4_5,2052,12,Dec,31,5.4957915275,4.3901339529,1.1056575746,2.6321039015,36.9861912266,31.3885007688,1.1783357064,1.2216784456
rcp_4_5,2053,1,Jan,31,6.2972323510,3.1216073454,3.1756250056,4.3381843419,46.7525587082,41.6667844667,1.1220582367,1.1756994010
rcp_4_5,2053,2,Feb,28,3.8804855347,3.3445007942,0.5359847405,0.9612051340,81.4913226536,75.1011250409,1.0850879079,1.1570531319
rcp_4_5,2053,3,Mar,31,4.7158774099,5.9752765427,-1.2593991328,-0.0826403415,114.9208043621,126.6457242131,0.9074195365,0.9072202847
rcp_4_5,2053,4,Apr,30,7.4264353434,8.6894138881,-1.2629785447,0.1179921061,192.3040611267,187.8521713923,1.0236988995,1.1083016344
rcp_4_5,2053,5,May,31,12.7298761183,12.5692624328,0.1606136855,2.1005964119,249.7276174484,234.3367098912,1.0656786022,1.1559001162
rcp_4_5,2053,6,Jun,30,18.8882751465,17.6820990184,1.2061761281,3.3992204590,272.0301030477,268.9561281598,1.0114292800,1.1231687566
rcp_4_5,2053,7,Jul,31,17.0136452952,19.6205359018,-2.6068906066,-0.7508455141,232.4636861740,249.8543407774,0.9303968282,0.9977072962
rcp_4_5,2053,8,Aug,31,19.2449045489,19.1731152981,0.0717892508,1.7501736549,201.5905493459,211.1083429984,0.9549151231,1.0049517490
rcp_4_5,2053,9,Sep,30,13.8925659180,15.7438634963,-1.8512975784,0.1732138265,154.4921488444,158.2623043121,0.9761778050,1.0502445055
rcp_4_5,2053,10,Oct,31,9.8817473381,11.0741612776,-1.1924139395,0.6932834158,77.5382425247,94.6868076823,0.8188917170,0.8804035975
rcp_4_5,2053,11,Nov,30,9.7482299805,6.9770602756,2.7711697049,5.0604947917,49.2387461027,49.8145917802,0.9884402209,1.0292204436
rcp_4_5,2053,12,Dec,31,4.5249604256,4.3901339529,0.1348264726,1.6612727996,31.8538876657,31.3885007688,1.0148266685,1.0521550524
rcp_4_5,2054,1,Jan,31,3.7580517184,3.1216073454,0.6364443731,1.7990037094,44.1116743088,41.6667844667,1.0586771903,1.1092883576
rcp_4_5,2054,2,Feb,28,1.3673542568,3.3445007942,-1.9771465374,-1.5519261439,80.2643690790,75.1011250409,1.0687505551,1.1396322529
rcp_4_5,2054,3,Mar,31,5.9103058846,5.9752765427,-0.0649706581,1.1117881332,128.7631245275,126.6457242131,1.0167190825,1.0164958307
rcp_4_5,2054,4,Apr,30,7.4144694010,8.6894138881,-1.2749444871,0.1060261637,177.3396586100,187.8521713923,0.9440383749,1.0220576328
rcp_4_5,2054,5,May,31,15.5446157148,12.5692624328,2.9753532820,4.9153360084,251.5390172159,234.3367098912,1.0734085041,1.1642844400
rcp_4_5,2054,6,Jun,30,19.2902709961,17.6820990184,1.6081719777,3.8012163086,261.1968335470,268.9561281598,0.9711503335,1.0784399207
rcp_4_5,2054,7,Jul,31,18.1456042874,19.6205359018,-1.4749316144,0.3811134781,235.1727513959,249.8543407774,0.9412394064,1.0093342912
rcp_4_5,2054,8,Aug,31,17.8024488880,19.1731152981,-1.3706664102,0.3077179940,189.9059903545,211.1083429984,0.8995664864,0.9467028974
rcp_4_5,2054,9,Sep,30,14.0619588216,15.7438634963,-1.6819046747,0.3426067301,141.8888754527,158.2623043121,0.8965424589,0.9645668919
rcp_4_5,2054,10,Oct,31,10.2913257230,11.0741612776,-0.7828355546,1.1028618007,89.7606980108,94.6868076823,0.9479746990,1.0191827783
rcp_4_5,2054,11,Nov,30,6.6849650065,6.9770602756,-0.2920952691,1.9972298177,53.4409958839,49.8145917802,1.0727980291,1.1170586143
rcp_4_5,2054,12,Dec,31,3.5978127756,4.3901339529,-0.7923211773,0.7341251496,27.5874086503,31.3885007688,0.8789017626,0.9112304187
rcp_4_5,2055,1,Jan,31,5.4048087828,3.1216073454,2.2832014374,3.4457607737,41.0981390245,41.6667844667,0.9863525480,1.0335061603
rcp_4_5,2055,2,Feb,28,1.6674630301,3.3445007942,-1.6770377640,-1.2518173706,83.6970013891,75.1011250409,1.1144573579,1.1883704232
rcp_4_5,2055,3,Mar,31,7.5340270996,5.9752765427,1.5587505569,2.7355093482,115.2641448359,126.6457242131,0.9101305674,0.9099307203
rcp_4_5,2055,4,Apr,30,10.5184397380,8.6894138881,1.8290258498,3.2099965007,173.4810483297,187.8521713923,0.9234977006,0.9998193916
rcp_4_5,2055,5,May,31,11.6600302419,12.5692624328,-0.9092321909,1.0307505355,243.0861619519,234.3367098912,1.0373370953,1.1251591863
rcp_4_5,2055,6,Jun,30,21.0898824056,17.6820990184,3.4077833872,5.6008277181,284.3890894572,268.9561281598,1.0573809617,1.1741970334
rcp_4_5,2055,7,Jul,31,19.5272275863,19.6205359018,-0.0933083155,1.7627367770,246.6219349523,249.8543407774,0.9870628390,1.0584728649
rcp_4_5,2055,8,Aug,31,18.5717133553,19.1731152981,-0.6014019428,1.0769824613,212.8604591124,211.1083429984,1.0082996062,1.0611335272
rcp_4_5,2055,9,Sep,30,16.9384124756,15.7438634963,1.1945489793,3.2190603841,184.8034085592,158.2623043121,1.1677032592,1.2563017985
rcp_4_5,2055,10,Oct,31,10.1260563020,11.0741612776,-0.9481049756,0.9375923797,95.4901752472,94.6868076823,1.0084844720,1.0842378042
rcp_4_5,2055,11,Nov,30,7.7471638997,6.9770602756,0.7701036241,3.0594287109,52.6389027596,49.8145917802,1.0566964594,1.1002927397
rcp_4_5,2055,12,Dec,31,3.0116862635,4.3901339529,-1.3784476894,0.1479986375,33.7822985957,31.3885007688,1.0762635286,1.1158517454
rcp_4_5,2056,1,Jan,31,2.7144204417,3.1216073454,-0.4071869037,0.7553724326,39.8162742276,41.6667844667,0.9555878798,1.0012707551
rcp_4_5,2056,2,Feb,29,5.1301069588,3.3445007942,1.7856061647,2.2108265582,71.0981893868,75.1011250409,0.9466993916,1.0094864094
rcp_4_5,2056,3,Mar,31,4.1445292811,5.9752765427,-1.8307472616,-0.6539884703,127.1910512370,126.6457242131,1.0043059253,1.0040853991
rcp_4_5,2056,4,Apr,30,6.9820332845,8.6894138881,-1.7073806036,-0.3264099528,187.6648963928,187.8521713923,0.9990030725,1.0815648415
rcp_4_5,2056,5,May,31,14.8284961331,12.5692624328,2.2592337003,4.1992164267,250.4802600491,234.3367098912,1.0688904020,1.1593838305
rcp_4_5,2056,6,Jun,30,18.2204325358,17.6820990184,0.5383335174,2.7313778483,248.1396230062,268.9561281598,0.9226025996,1.0245287882
rcp_4_5,2056,7,Jul,31,20.3039058562,19.6205359018,0.6833699544,2.5394150469,250.7630839194,249.8543407774,1.0036370917,1.0762461981
rcp_4_5,2056,8,Aug,31,17.2866959110,19.1731152981,-1.8864193871,-0.2080349830,181.2702036212,211.1083429984,0.8586595918,0.9036525212
rcp_4_5,2056,9,Sep,30,14.5088765462,15.7438634963,-1.2349869501,0.7895244548,145.7221261342,158.2623043121,0.9207633288,0.9906255007
rcp_4_5,2056,10,Oct,31,10.9387955204,11.0741612776,-0.1353657572,1.7503315981,102.2661497055,94.6868076823,1.0800464416,1.1611752236
rcp_4_5,2056,11,Nov,30,7.1682189941,6.9770602756,0.1911587185,2.4804838053,39.7967190107,49.8145917802,0.7988968210,0.8318570239
rcp_4_5,2056,12,Dec,31,4.1394141413,4.3901339529,-0.2507198117,1.2757265152,29.8992819017,31.3885007688,0.9525552725,0.9875931267
rcp_4_5,2057,1,Jan,31,4.1287152690,3.1216073454,1.0071079237,2.1696672600,38.3453711540,41.6667844667,0.9202863059,0.9642815526
rcp_4_5,2057,2,Feb,28,3.6103526524,3.3445007942,0.2658518582,0.6910722517,67.3253979683,75.1011250409,0.8964632412,0.9559184959
rcp_4_5,2057,3,Mar,31,6.7781381915,5.9752765427,0.8028616488,1.9796204401,118.6573614305,126.6457242131,0.9369235493,0.9367178190
rcp_4_5,2057,4,Apr,30,8.1472340902,8.6894138881,-0.5421797979,0.8387908529,179.3386286418,187.8521713923,0.9546795617,1.0335782514
rcp_4_5,2057,5,May,31,11.8862058578,12.5692624328,-0.6830565750,1.2569261514,229.7389934909,234.3367098912,0.9803798713,1.0633799016
rcp_4_5,2057,6,Jun,30,19.6325846354,17.6820990184,1.9504856170,4.1435299479,296.4114746094,268.9561281598,1.1020811336,1.2238355375
rcp_4_5,2057,7,Jul,31,16.7164050687,19.6205359018,-2.9041308331,-1.0480857406,233.0827365998,249.8543407774,0.9328744735,1.0003641891
rcp_4_5,2057,8,Aug,31,20.0055374638,19.1731152981,0.8324221656,2.5108065697,228.0186137538,211.1083429984,1.0801023328,1.1366986471
rcp_4_5,2057,9,Sep,30,13.6526845296,15.7438634963,-2.0911789667,-0.0666675618,153.9248636882,158.2623043121,0.9725933434,1.0463880758
rcp_4_5,2057,10,Oct,31,10.4793632261,11.0741612776,-0.5947980515,1.2908993038,86.3194477943,94.6868076823,0.9116311966,0.9801092970
rcp_4_5,2057,11,Nov,30,5.6682128906,6.9770602756,-1.3088473850,0.9804777018,47.9149694443,49.8145917802,0.9618661467,1.0015499989
rcp_4_5,2057,12,Dec,31,4.2259787283,4.3901339529,-0.1641552247,1.3622911023,31.6576659603,31.3885007688,1.0085752803,1.0456737193
rcp_4_5,2058,1,Jan,31,2.6252677671,3.1216073454,-0.4963395782,0.6662197581,38.1565520071,41.6667844667,0.9157546591,0.9595332657
rcp_4_5,2058,2,Feb,28,0.7446692330,3.3445007942,-2.5998315611,-2.1746111676,78.6652043206,75.1011250409,1.0474570691,1.1169265398
rcp_4_5,2058,3,Mar,31,4.3113452542,5.9752765427,-1.6639312885,-0.4871724972,115.4523486476,126.6457242131,0.9116166327,0.9114164593
rcp_4_5,2058,4,Apr,30,10.1052419027,8.6894138881,1.4158280146,2.7967986654,201.5483172099,187.8521713923,1.0729091696,1.1615788459
rcp_4_5,2058,5,May,31,11.7550235871,12.5692624328,-0.8142388457,1.1257438807,207.1878632576,234.3367098912,0.8841459938,0.9589987590
rcp_4_5,2058,6,Jun,30,17.7959818522,17.6820990184,0.1138828338,2.3069271647,285.1152364095,268.9561281598,1.0600808331,1.1771951779
rcp_4_5,2058,7,Jul,31,21.2729157479,19.6205359018,1.6523798461,3.5084249386,271.6490773847,249.8543407774,1.0872297697,1.1658864701
rcp_4_5,2058,8,Aug,31,15.7843283376,19.1731152981,-3.3887869605,-1.7104025564,178.0122803719,211.1083429984,0.8432271214,0.8874114044
rcp_4_5,2058,9,Sep,30,17.4075856527,15.7438634963,1.6637221563,3.6882335612,178.9204892476,158.2623043121,1.1305313039,1.2163094511
rcp_4_5,2058,10,Oct,31,11.0716011293,11.0741612776,-0.0025601482,1.8831372070,84.4102989935,94.6868076823,0.8914684216,0.9584319747
rcp_4_5,2058,11,Nov,30,8.1175384521,6.9770602756,1.1404781765,3.4298032633,47.7302246094,49.8145917802,0.9581574977,0.9976883417
rcp_4_5,2058,12,Dec,31,3.9271318989,4.3901339529,-0.4630020540,1.0634442729,32.2338438496,31.3885007688,1.0269316170,1.0647052574
rcp_4_5,2059,1,Jan,31,2.5724329795,3.1216073454,-0.5491743659,0.6133849704,41.4970671438,41.6667844667,0.9959267958,1.0435381150
rcp_4_5,2059,2,Feb,28,2.0110528128,3.3445007942,-1.3334479813,-0.9082275878,78.1889345646,75.1011250409,1.0411153564,1.1101642319
rcp_4_5,2059,3,Mar,31,6.8007330125,5.9752765427,0.8254564698,2.0022152612,119.1144419024,126.6457242131,0.9405326760,0.9403261532
rcp_4_5,2059,4,Apr,30,9.0093251546,8.6894138881,0.3199112665,1.7008819173,182.0113306681,187.8521713923,0.9689072494,1.0489817744
rcp_4_5,2059,5,May,31,11.1607193485,12.5692624328,-1.4085430843,0.5314396421,220.4735936811,234.3367098912,0.9408410393,1.0204936689
rcp_4_5,2059,6,Jun,30,17.3515838623,17.6820990184,-0.3305151561,1.8625291748,249.9681686401,268.9561281598,0.9294012758,1.0320785605
rcp_4_5,2059,7,Jul,31,17.2373342206,19.6205359018,-2.3832016812,-0.5271565886,229.7706362817,249.8543407774,0.9196183487,0.9861490370
rcp_4_5,2059,8,Aug,31,17.6233973349,19.1731152981,-1.5497179632,0.1286664409,197.5036229780,211.1083429984,0.9355557444,0.9845779576
rcp_4_5,2059,9,Sep,30,13.0031809489,15.7438634963,-2.7406825474,-0.7161711426,164.9416467031,158.2623043121,1.0422042534,1.1212806572
rcp_4_5,2059,10,Oct,31,10.7120764948,11.0741612776,-0.3620847828,1.5236125725,104.2927066434,94.6868076823,1.1014491796,1.1841856500
rcp_4_5,2059,11,Nov,30,8.3974599202,6.9770602756,1.4203996446,3.7097247314,42.6714162985,49.8145917802,0.8566047572,0.8919458249
rcp_4_5,2059,12,Dec,31,5.3191538165,4.3901339529,0.9290198635,2.4554661905,30.4020485263,31.3885007688,0.9685728143,1.0041998420
rcp_4_5,2060,1,Jan,31,0.9721679688,3.1216073454,-2.1494393766,-0.9868800403,44.5174244604,41.6667844667,1.0684151664,1.1194918678
rcp_4_5,2060,2,Feb,29,3.0888514025,3.3445007942,-0.2556493916,0.1695710019,92.6775964540,75.1011250409,1.2340373916,1.3158812466
rcp_4_5,2060,3,Mar,31,7.5554169686,5.9752765427,1.5801404259,2.7568992172,119.3869982073,126.6457242131,0.9426847922,0.9424777968
rcp_4_5,2060,4,Apr,30,10.2132212321,8.6894138881,1.5238073440,2.9047779948,185.6406700134,187.8521713923,0.9882274378,1.0698986635
rcp_4_5,2060,5,May,31,14.5027140956,12.5692624328,1.9334516628,3.8734343892,213.6533087454,234.3367098912,0.9117364021,0.9889250013
rcp_4_5,2060,6,Jun,30,17.6354298910,17.6820990184,-0.0466691274,2.1463752035,282.1518824259,268.9561281598,1.0490628503,1.1649599636
rcp_4_5,2060,7,Jul,31,20.0994046119,19.6205359018,0.4788687101,2.3349138026,233.9008963800,249.8543407774,0.9361490205,1.0038756364
rcp_4_5,2060,8,Aug,31,19.5500084662,19.1731152981,0.3768931680,2.0552775721,216.0204307802,211.1083429984,1.0232680893,1.0768863443
rcp_4_5,2060,9,Sep,30,18.4865285238,15.7438634963,2.7426650274,4.7671764323,163.8766011556,158.2623043121,1.0354746310,1.1140404301
rcp_4_5,2060,10,Oct,31,10.6025922222,11.0741612776,-0.4715690554,1.4141282998,92.8004600156,94.6868076823,0.9800780308,1.0536975844
rcp_4_5,2060,11,Nov,30,5.0902282715,6.9770602756,-1.8868320041,0.4024930827,48.0975237846,49.8145917802,0.9655308227,1.0053658690
rcp_4_5,2060,12,Dec,31,4.8798207929,4.3901339529,0.4896868400,2.0161331669,33.6379530814,31.3885007688,1.0716648536,1.1110839173
rcp_4_5,2061,1,Jan,31,4.5144269389,3.1216073454,1.3928195936,2.5553789299,40.3491898198,41.6667844667,0.9683778179,1.0146721295
rcp_4_5,2061,2,Feb,28,3.6639720372,3.3445007942,0.3194712430,0.7446916365,71.9797207628,75.1011250409,0.9584373167,1.0220028174
rcp_4_5,2061,3,Mar,31,6.9570351878,5.9752765427,0.9817586451,2.1585174364,133.1990838205,126.6457242131,1.0517456049,1.0515146619
rcp_4_5,2061,4,Apr,30,10.3557759603,8.6894138881,1.6663620722,3.0473327230,208.1339635213,187.8521713923,1.1079667697,1.1995337519
rcp_4_5,2061,5,May,31,12.7061147382,12.5692624328,0.1368523054,2.0768350318,218.5070618660,234.3367098912,0.9324491326,1.0113912942
rcp_4_5,2061,6,Jun,30,15.4559000651,17.6820990184,-2.2261989533,-0.0331546224,258.7046681722,268.9561281598,0.9618842669,1.0681501687
rcp_4_5,2061,7,Jul,31,21.4172727523,19.6205359018,1.7967368505,3.6527819430,273.2891813709,249.8543407774,1.0937940102,1.1729256070
rcp_4_5,2061,8,Aug,31,18.5850022839,19.1731152981,-0.5881130142,1.0902713899,218.9887878664,211.1083429984,1.0373289125,1.0916839410
rcp_4_5,2061,9,Sep,30,14.5683074951,15.7438634963,-1.1755560012,0.8489554036,138.4447233200,158.2623043121,0.8747801564,0.9411533924
rcp_4_5,2061,10,Oct,31,11.9398636356,11.0741612776,0.8657023581,2.7513997133,108.4998333839,94.6868076823,1.1458812060,1.2319552330
rcp_4_5,2061,11,Nov,30,5.8956644694,6.9770602756,-1.0813958062,1.2079292806,45.6815202077,49.8145917802,0.9170309055,0.9548649837
rcp_4_5,2061,12,Dec,31,6.3947025422,4.3901339529,2.0045685893,3.5310149162,30.8177938307,31.3885007688,0.9818179612,1.0179321854
rcp_4_5,2062,1,Jan,31,3.7400512695,3.1216073454,0.6184439242,1.7810032605,41.6473970721,41.6667844667,0.9995347038,1.0473185029
rcp_4_5,2062,2,Feb,28,3.1394097464,3.3445007942,-0.2050910477,0.2201293457,77.5120301247,75.1011250409,1.0321021167,1.1005532160
rcp_4_5,2062,3,Mar,31,5.4946259529,5.9752765427,-0.4806505898,0.6961082015,131.0837937632,126.6457242131,1.0350431851,1.0348159096
rcp_4_5,2062,4,Apr,30,9.7671274821,8.6894138881,1.0777135940,2.4586842448,177.4657849630,187.8521713923,0.9447097877,1.0227845339
rcp_4_5,2062,5,May,31,12.3898148075,12.5692624328,-0.1794476253,1.7605351011,229.3952518586,234.3367098912,0.9789130007,1.0617888442
rcp_4_5,2062,6,Jun,30,15.7397104899,17.6820990184,-1.9423885285,0.2506558024,256.8371551514,268.9561281598,0.9549407069,1.0604395064
rcp_4_5,2062,7,Jul,31,16.5702317761,19.6205359018,-3.0503041257,-1.1942590332,224.8441031671,249.8543407774,0.8999007280,0.9650049258
rcp_4_5,2062,8,Aug,31,20.7259314752,19.1731152981,1.5528161771,3.2312005812,233.4546892720,211.1083429984,1.1058525019,1.1637981000
rcp_4_5,2062,9,Sep,30,14.9328491211,15.7438634963,-0.8110143752,1.2134970296,146.9916184743,158.2623043121,0.9287847736,0.9992555662
rcp_4_5,2062,10,Oct,31,11.3503191548,11.0741612776,0.2761578772,2.1618552325,81.2291461575,94.6868076823,0.8578718424,0.9223117544
rcp_4_5,2062,11,Nov,30,6.4286631266,6.9770602756,-0.5483971490,1.7409279378,52.1119647980,49.8145917802,1.0461184752,1.0892783381
rcp_4_5,2062,12,Dec,31,6.2172339655,4.3901339529,1.8271000125,3.3535463395,31.0601545457,31.3885007688,0.9895392830,1.0259375206
rcp_4_5,2063,1,Jan,31,4.4407545520,3.1216073454,1.3191472067,2.4817065430,40.6457497997,41.6667844667,0.9754952373,1.0221298045
rcp_4_5,2063,2,Feb,28,2.9496503557,3.3445007942,-0.3948504384,0.0303699551,67.8434604917,75.1011250409,0.9033614404,0.9632741976
rcp_4_5,2063,3,Mar,31,6.6023215017,5.9752765427,0.6270449590,1.8038037503,118.7638795914,126.6457242131,0.9377646212,0.9375587062
rcp_4_5,2063,4,Apr,30,8.4365895589,8.6894138881,-0.2528243292,1.1281463216,194.1601786296,187.8521713923,1.0335796344,1.1189989543
rcp_4_5,2063,5,May,31,11.9703113187,12.5692624328,-0.5989511141,1.3410316123,254.6111851354,234.3367098912,1.0865185623,1.1785044101
rcp_4_5,2063,6,Jun,30,16.4601613363,17.6820990184,-1.2219376821,0.9711066488,233.7022684733,268.9561281598,0.8689233819,0.9649192621
rcp_4_5,2063,7,Jul,31,17.7328757009,19.6205359018,-1.8876602009,-0.0316151084,238.0342586886,249.8543407774,0.9526921083,1.0216155501
rcp_4_5,2063,8,Aug,31,18.6339377126,19.1731152981,-0.5391775855,1.1392068186,192.2345536755,211.1083429984,0.9105966678,0.9583110496
rcp_4_5,2063,9,Sep,30,15.8673421224,15.7438634963,0.1234786261,2.1479900309,149.8849751790,158.2623043121,0.9470668068,1.0189247339
rcp_4_5,2063,10,Oct,31,9.6382761309,11.0741612776,-1.4358851466,0.4498122086,77.1574971907,94.6868076823,0.8148706148,0.8760804461
rcp_4_5,2063,11,Nov,30,6.5396474202,6.9770602756,-0.4374128554,1.8519122314,66.5444580078,49.8145917802,1.3358426844,1.3909557414
rcp_4_5,2063,12,Dec,31,5.4052852508,4.3901339529,1.0151512978,2.5415976247,30.5722705933,31.3885007688,0.9739958853,1.0098223899
rcp_4_5,2064,1,Jan,31,1.5208257860,3.1216073454,-1.6007815594,-0.4382222231,40.7532621045,41.6667844667,0.9780755253,1.0248334459
rcp_4_5,2064,2,Feb,29,2.2363670612,3.3445007942,-1.1081337330,-0.6829133395,71.7089418214,75.1011250409,0.9548317922,1.0181581673
rcp_4_5,2064,3,Mar,31,4.3833657542,5.9752765427,-1.5919107885,-0.4151519972,145.8788137128,126.6457242131,1.1518652889,1.1516123616
rcp_4_5,2064,4,Apr,30,12.2910644531,8.6894138881,3.6016505650,4.9826212158,229.5090305328,187.8521713923,1.2217534076,1.3227241909
rcp_4_5,2064,5,May,31,13.6561466340,12.5692624328,1.0868842012,3.0268669276,236.9948908898,234.3367098912,1.0113434254,1.0969648640
rcp_4_5,2064,6,Jun,30,18.3293853760,17.6820990184,0.6472863576,2.8403306885,273.5865257263,268.9561281598,1.0172161817,1.1295949767
rcp_4_5,2064,7,Jul,31,21.9622871645,19.6205359018,2.3417512627,4.1977963552,245.9877850932,249.8543407774,0.9845247608,1.0557511670
rcp_4_5,2064,8,Aug,31,19.7825376449,19.1731152981,0.6094223468,2.2878067509,222.1135321586,211.1083429984,1.0521305269,1.1072611457
rcp_4_5,2064,9,Sep,30,15.8567311605,15.7438634963,0.1128676642,2.1373790690,157.7263525009,158.2623043121,0.9966135220,1.0722307660
rcp_4_5,2064,10,Oct,31,12.4288497433,11.0741612776,1.3546884657,3.2403858209,97.0411606450,94.6868076823,1.0248646355,1.1018483803
rcp_4_5,2064,11,Nov,30,7.7116475423,6.9770602756,0.7345872667,3.0239123535,48.1052921931,49.8145917802,0.9656867692,1.0055282494
rcp_4_5,2064,12,Dec,31,5.0116577148,4.3901339529,0.6215237619,2.1479700888,28.9235269485,31.3885007688,0.9214688896,0.9553632929
rcp_4_5,2065,1,Jan,31,2.9071172899,3.1216073454,-0.2144900555,0.9480692808,37.9789030475,41.6667844667,0.9114910962,0.9550658787
rcp_4_5,2065,2,Feb,28,3.4344580514,3.3445007942,0.0899572572,0.5151776507,68.2968038831,75.1011250409,0.9093978798,0.9697109859
rcp_4_5,2065,3,Mar,31,9.2517158754,5.9752765427,3.2764393327,4.4531981241,136.2030606424,126.6457242131,1.0754651331,1.0752289817
rcp_4_5,2065,4,Apr,30,9.9634724935,8.6894138881,1.2740586054,2.6550292562,187.2822905223,187.8521713923,0.9969663333,1.0793597778
rcp_4_5,2065,5,May,31,10.9406708748,12.5692624328,-1.6285915580,0.3113911684,227.7831871279,234.3367098912,0.9720337340,1.0543271712
rcp_4_5,2065,6,Jun,30,16.8976094564,17.6820990184,-0.7844895620,1.4085547689,245.9649258931,268.9561281598,0.9145169050,1.0155498119
rcp_4_5,2065,7,Jul,31,24.0206485871,19.6205359018,4.4001126853,6.2561577778,285.5708854429,249.8543407774,1.1429494663,1.2256372626
rcp_4_5,2065,8,Aug,31,21.8136380103,19.1731152981,2.6405227122,4.3189071163,215.2196276265,211.1083429984,1.0194747615,1.0728942498
rcp_4_5,2065,9,Sep,30,15.4976511637,15.7438634963,-0.2462123326,1.7782990723,140.8213713964,158.2623043121,0.8897973021,0.9573099518
rcp_4_5,2065,10,Oct,31,11.2964536605,11.0741612776,0.2222923830,2.1079897382,93.9878291776,94.6868076823,0.9926179948,1.0671795005
rcp_4_5,2065,11,Nov,30,5.9647491455,6.9770602756,-1.0123111301,1.2770139567,45.6084955533,49.8145917802,0.9155649765,0.9533385746
rcp_4_5,2065,12,Dec,31,5.8236251339,4.3901339529,1.4334911809,2.9599375079,29.0636782031,31.3885007688,0.9259339405,0.9599925819
rcp_4_5,2066,1,Jan,31,3.3422634986,3.1216073454,0.2206561532,1.3832154895,37.0601683894,41.6667844667,0.8894415267,0.9319622066
rcp_4_5,2066,2,Feb,28,4.2710396903,3.3445007942,0.9265388961,1.3517592896,67.1656252657,75.1011250409,0.8943358069,0.9536499659
rcp_4_5,2066,3,Mar,31,6.9566483036,5.9752765427,0.9813717609,2.1581305522,126.7887613850,126.6457242131,1.0011294276,1.0009095989
rcp_4_5,2066,4,Apr,30,7.0332946777,8.6894138881,-1.6561192104,-0.2751485596,178.7159113566,187.8521713923,0.9513646291,1.0299893590
rcp_4_5,2066,5,May,31,14.4682558121,12.5692624328,1.8989933793,3.8389761057,272.5254643348,234.3367098912,1.1629653095,1.2614232223
rcp_4_5,2066,6,Jun,30,17.7961944580,17.6820990184,0.1140954396,2.3071397705,290.0988179525,268.9561281598,1.0786101805,1.1977715885
rcp_4_5,2066,7,Jul,31,18.2575289819,19.6205359018,-1.3630069199,0.4930381726,239.3590469360,249.8543407774,0.9579943506,1.0273013883
rcp_4_5,2066,8,Aug,31,15.7381276777,19.1731152981,-3.4349876205,-1.7566032164,191.3301364530,211.1083429984,0.9063125300,0.9538024272
rcp_4_5,2066,9,Sep,30,16.8979370117,15.7438634963,1.1540735154,3.1785849202,167.0152908961,158.2623043121,1.0553068314,1.1353773827
rcp_4_5,2066,10,Oct,31,9.9977013373,11.0741612776,-1.0764599403,0.8092374149,100.3027596012,94.6868076823,1.0593108170,1.1388820215
rcp_4_5,2066,11,Nov,30,7.0734405518,6.9770602756,0.0963802762,2.3857053630,49.3725637118,49.8145917802,0.9911265344,1.0320175867
rcp_4_5,2066,12,Dec,31,3.5435653194,4.3901339529,-0.8465686335,0.6798776934,33.4911109863,31.3885007688,1.0669866405,1.1062336254
rcp_4_5,2067,1,Jan,31,4.5375848586,3.1216073454,1.4159775132,2.5785368495,39.3207359314,41.6667844667,0.9436949943,0.9888093178
rcp_4_5,2067,2,Feb,28,6.8272225516,3.3445007942,3.4827217574,3.9079421509,79.9294500351,75.1011250409,1.0642909809,1.1348769106
rcp_4_5,2067,3,Mar,31,5.8489606304,5.9752765427,-0.1263159123,1.0504428790,128.9754921698,126.6457242131,1.0183959464,1.0181723264
rcp_4_5,2067,4,Apr,30,5.3876424154,8.6894138881,-3.3017714727,-1.9208008219,201.8373826345,187.8521713923,1.0744479616,1.1632448101
rcp_4_5,2067,5,May,31,11.4950305570,12.5692624328,-1.0742318758,0.8657508506,228.6363215293,234.3367098912,0.9756743689,1.0582760262
rcp_4_5,2067,6,Jun,30,18.5790873210,17.6820990184,0.8969883026,3.0900326335,278.8603248596,268.9561281598,1.0368245809,1.1513696492
rcp_4_5,2067,7,Jul,31,18.8944308373,19.6205359018,-0.7261050645,1.1299400280,255.6258458784,249.8543407774,1.0230994790,1.0971166108
rcp_4_5,2067,8,Aug,31,23.7446259529,19.1731152981,4.5715106548,6.2498950589,237.5660954137,211.1083429984,1.1253278390,1.1842939258
rcp_4_5,2067,9,Sep,30,16.6370086670,15.7438634963,0.8931451707,2.9176565755,162.5296429952,158.2623043121,1.0269637088,1.1048837486
rcp_4_5,2067,10,Oct,31,11.7157730595,11.0741612776,0.6416117819,2.5273091372,109.8928000542,94.6868076823,1.1605925128,1.2477715945
rcp_4_5,2067,11,Nov,30,9.3148752848,6.9770602756,2.3378150092,4.6271400960,52.6611537933,49.8145917802,1.0571431364,1.1007578454
rcp_4_5,2067,12,Dec,31,4.2033917827,4.3901339529,-0.1867421702,1.3397041567,29.2040107481,31.3885007688,0.9304047671,0.9646278590
rcp_4_5,2068,1,Jan,31,-2.8325096869,3.1216073454,-5.9541170322,-4.7915576959,49.0931225131,41.6667844667,1.1782316092,1.2345582002
rcp_4_5,2068,2,Feb,29,3.7745592841,3.3445007942,0.4300584899,0.8552788834,77.2158573414,75.1011250409,1.0281584637,1.0963480118
rcp_4_5,2068,3,Mar,31,6.5475995464,5.9752765427,0.5723230037,1.7490817950,155.9784229648,126.6457242131,1.2316122312,1.2313417929
rcp_4_5,2068,4,Apr,30,8.6219919840,8.6894138881,-0.0674219041,1.3135487467,196.9743385315,187.8521713923,1.0485603497,1.1352177383
rcp_4_5,2068,5,May,31,10.4996682444,12.5692624328,-2.0695941884,-0.1296114620,199.3215018242,234.3367098912,0.8505773676,0.9225881762
rcp_4_5,2068,6,Jun,30,16.3536346436,17.6820990184,-1.3284643748,0.8645799561,272.3373179118,268.9561281598,1.0125715290,1.1244371976
rcp_4_5,2068,7,Jul,31,21.8889780352,19.6205359018,2.2684421334,4.1244872259,270.2397431404,249.8543407774,1.0815891463,1.1598377703
rcp_4_5,2068,8,Aug,31,18.9870605469,19.1731152981,-0.1860547513,1.4923296528,224.9078263314,211.1083429984,1.0653668308,1.1211910190
rcp_4_5,2068,9,Sep,30,15.1256978353,15.7438634963,-0.6181656610,1.4063457438,148.3566589355,158.2623043121,0.9374099510,1.0085351720
rcp_4_5,2068,10,Oct,31,12.6217090238,11.0741612776,1.5475477462,3.4332451014,92.4998348605,94.6868076823,0.9769030885,1.0502841531
rcp_4_5,2068,11,Nov,30,7.3375498454,6.9770602756,0.3604895698,2.6498146566,52.2006368637,49.8145917802,1.0478985172,1.0911318196
rcp_4_5,2068,12,Dec,31,4.1056853264,4.3901339529,-0.2844486266,1.2419977004,33.6129079019,31.3885007688,1.0708669442,1.1102566584
rcp_4_5,2069,1,Jan,31,3.0972683814,3.1216073454,-0.0243389639,1.1382203724,38.0515899043,41.6667844667,0.9132355758,0.9568937550
rcp_4_5,2069,2,Feb,28,2.0563103812,3.3445007942,-1.2881904130,-0.8629700195,76.8900418282,75.1011250409,1.0238201064,1.0917219259
rcp_4_5,2069,3,Mar,31,3.9936169040,5.9752765427,-1.9816596387,-0.8049008474,111.9859532387,126.6457242131,0.8842458278,0.8840516645
rcp_4_5,2069,4,Apr,30,6.6844777425,8.6894138881,-2.0049361456,-0.6239654948,164.2399106344,187.8521713923,0.8743040308,0.9465601523
rcp_4_5,2069,5,May,31,12.0362598050,12.5692624328,-0.5330026278,1.4069800986,252.7399369517,234.3367098912,1.0785332655,1.1698430693
rcp_4_5,2069,6,Jun,30,16.0444335938,17.6820990184,-1.6376654246,0.5553789063,258.6677459717,268.9561281598,0.9617469873,1.0679977229
rcp_4_5,2069,7,Jul,31,18.7691857123,19.6205359018,-0.8513501895,1.0046949030,250.6346484769,249.8543407774,1.0031230504,1.0756949680
rcp_4_5,2069,8,Aug,31,17.6908323226,19.1731152981,-1.4822829755,0.1961014286,186.2397543384,211.1083429984,0.8821998775,0.9284262951
rcp_4_5,2069,9,Sep,30,16.5151794434,15.7438634963,0.7713159470,2.7958273519,164.6011694590,158.2623043121,1.0400529057,1.1189660777
rcp_4_5,2069,10,Oct,31,11.3397039598,11.0741612776,0.2655426822,2.1512400375,92.7575954929,94.6868076823,0.9796253329,1.0532108816
rcp_4_5,2069,11,Nov,30,3.4320017497,6.9770602756,-3.5450585259,-1.2557334391,52.0485621134,49.8145917802,1.0448457019,1.0879530538
rcp_4_5,2069,12,Dec,31,4.2877955283,4.3901339529,-0.1023384247,1.4241079023,31.5063523169,31.3885007688,1.0037546090,1.0406757292
rcp_4_5,2070,1,Jan,31,0.8497796828,3.1216073454,-2.2718276626,-1.1092683263,51.2021800318,41.6667844667,1.2288488466,1.2875952473
rcp_4_5,2070,2,Feb,28,4.3434906006,3.3445007942,0.9989898064,1.4242101999,73.0061558996,75.1011250409,0.9721046903,1.0365766389
rcp_4_5,2070,3,Mar,31,5.7214709866,5.9752765427,-0.2538055561,0.9229532353,141.5698133899,126.6457242131,1.1178412400,1.1175957836
rcp_4_5,2070,4,Apr,30,10.9829589844,8.6894138881,2.2935450963,3.6745157471,210.1473012288,187.8521713923,1.1186844404,1.2111371754
rcp_4_5,2070,5,May,31,11.2389949676,12.5692624328,-1.3302674652,0.6097152612,218.9597559283,234.3367098912,0.9343809428,1.0134866536
rcp_4_5,2070,6,Jun,30,16.9481496175,17.6820990184,-0.7339494009,1.4590949300,268.6148050944,268.9561281598,0.9987309340,1.1090675379
rcp_4_5,2070,7,Jul,31,19.5684253323,19.6205359018,-0.0521105695,1.8039345231,254.3902120283,249.8543407774,1.0181540622,1.0918134130
rcp_4_5,2070,8,Aug,31,20.7677326818,19.1731152981,1.5946173836,3.2730017877,221.7447632820,211.1083429984,1.0503837041,1.1054227910
rcp_4_5,2070,9,Sep,30,19.6546549479,15.7438634963,3.9107914516,5.9353028564,186.6046017965,158.2623043121,1.1790843221,1.2685463903
rcp_4_5,2070,10,Oct,31,12.3167704921,11.0741612776,1.2426092145,3.1283065697,103.2879606062,94.6868076823,1.0908379228,1.1727773178
rcp_4_5,2070,11,Nov,30,9.3965983073,6.9770602756,2.4195380317,4.7088631185,52.8088619868,49.8145917802,1.0601082956,1.1038453385
rcp_4_5,2070,12,Dec,31,4.3666627945,4.3901339529,-0.0234711584,1.5029751685,31.2067960924,31.3885007688,0.9942111069,1.0307811883
rcp_8_5,2050,1,Jan,31,3.7299214025,3.3754196050,0.3545017975,1.7708733934,37.8186481845,42.2867708953,0.8943375761,0.9510359058
rcp_8_5,2050,2,Feb,28,5.5200871059,4.6936692339,0.8264178720,2.6008067052,83.0783967291,74.6111906793,1.1134843979,1.1795871757
rcp_8_5,2050,3,Mar,31,6.1094084709,6.8913893927,-0.7819809218,1.3108907195,135.9754154451,129.3700801451,1.0510576734,1.0734318803
rcp_8_5,2050,4,Apr,30,7.8782368978,8.5459015377,-0.6676646399,0.5697936605,215.3172683716,192.6115619871,1.1178834030,1.2409331298
rcp_8_5,2050,5,May,31,13.0743457425,12.6189521754,0.4553935671,2.4450660361,234.3228207250,228.8374054113,1.0239707984,1.0845968038
rcp_8_5,2050,6,Jun,30,21.2070434570,17.6557658846,3.5512775724,5.7179887695,279.9956700643,260.8898887937,1.0732331228,1.1560573079
rcp_8_5,2050,7,Jul,31,21.3864322785,20.1356460876,1.2507861909,3.6219414693,261.0183605071,250.6833276822,1.0412274439,1.1202606609
rcp_8_5,2050,8,Aug,31,22.9338713615,19.5291303175,3.4047410441,5.4391404675,224.9514773584,210.8496274142,1.0668810759,1.1214086243
rcp_8_5,2050,9,Sep,30,17.8781219482,16.5718272376,1.3062947107,4.1587698568,184.8841156006,158.5625468148,1.1660011731,1.2568504485
rcp_8_5,2050,10,Oct,31,13.1385931200,11.6243310978,1.5142620221,3.9501291976,95.4749163351,93.2110759512,1.0242872466,1.0840645477
rcp_8_5,2050,11,Nov,30,6.7933848063,6.7892666287,0.0041181776,2.1056496175,59.6470587095,50.2423692098,1.1871864255,1.2467817945
rcp_8_5,2050,12,Dec,31,7.3656242124,5.1263537898,2.2392704227,4.5019365864,30.7781629562,31.7615687529,0.9690378708,1.0166231513
rcp_8_5,2051,1,Jan,31,3.3271868306,3.3754196050,-0.0482327744,1.3681388215,41.2647673084,42.2867708953,0.9758316002,1.0376964074
rcp_8_5,2051,2,Feb,28,5.2116851807,4.6936692339,0.5180159467,2.2924047800,66.7225158896,74.6111906793,0.8942695497,0.9473584851
rcp_8_5,2051,3,Mar,31,6.2228511687,6.8913893927,-0.6685382239,1.4243334173,132.1365609938,129.3700801451,1.0213842400,1.0431267789
rcp_8_5,2051,4,Apr,30,7.6345204671,8.5459015377,-0.9113810706,0.3260772298,191.2421639125,192.6115619871,0.9928903641,1.1021816263
rcp_8_5,2051,5,May,31,15.1570769279,12.6189521754,2.5381247525,4.5277972215,269.6067971260,228.8374054113,1.1781587745,1.2479137523
rcp_8_5,2051,6,Jun,30,14.4524261475,17.6557658846,-3.2033397372,-1.0366285400,211.1915992737,260.8898887937,0.8095047311,0.8719763118
rcp_8_5,2051,7,Jul,31,15.8811891617,20.1356460876,-4.2544569259,-1.8833016476,231.0747513310,250.6833276822,0.9217794955,0.9917461482
rcp_8_5,2051,8,Aug,31,17.1718710622,19.5291303175,-2.3572592552,-0.3228598318,206.1543896583,210.8496274142,0.9777318186,1.0277030105
rcp_8_5,2051,9,Sep,30,13.8785115560,16.5718272376,-2.6933156816,0.1591594645,139.5208751678,158.5625468148,0.8799106597,0.9484691206
rcp_8_5,2051,10,Oct,31,9.9543683452,11.6243310978,-1.6699627526,0.7659044229,107.2856862468,93.2110759512,1.1509971873,1.2181692679
rcp_8_5,2051,11,Nov,30,6.5229858398,6.7892666287,-0.2662807888,1.8352506510,49.0318307241,50.2423692098,0.9759060230,1.0248953632
rcp_8_5,2051,12,Dec,31,4.6578369141,5.1263537898,-0.4685168757,1.7941492881,39.8875464163,31.7615687529,1.2558430828,1.3175121333
rcp_8_5,2052,1,Jan,31,5.4290141444,3.3754196050,2.0535945394,3.4699661353,46.6581778065,42.2867708953,1.1033752831,1.1733259786
rcp_8_5,2052,2,Feb,29,6.6328903724,4.6936692339,1.9392211385,3.7136099717,79.9165662897,74.6111906793,1.0711069688,1.1346939810
rcp_8_5,2052,3,Mar,31,7.5738978232,6.8913893927,0.6825084305,2.7753800718,133.6239285008,129.3700801451,1.0328812377,1.0548685169
rcp_8_5,2052,4,Apr,30,8.5898274740,8.5459015377,0.0439259363,1.2813842367,178.5758628845,192.6115619871,0.9271295090,1.0291822208
rcp_8_5,2052,5,May,31,12.6106173608,12.6189521754,-0.0083348147,1.9813376544,222.7419277314,228.8374054113,0.9733632809,1.0309929786
rcp_8_5,2052,6,Jun,30,15.3469665527,17.6557658846,-2.3087993319,-0.1420881348,244.0597610474,260.8898887937,0.9354895361,1.0076836912
rcp_8_5,2052,7,Jul,31,18.1304675687,20.1356460876,-2.0051785189,0.3659767594,225.8767343337,250.6833276822,0.9010441038,0.9694368595
rcp_8_5,2052,8,Aug,31,18.8062931184,19.5291303175,-0.7228371991,1.3115622244,218.2710844471,210.8496274142,1.0351978665,1.0881061081
rcp_8_5,2052,9,Sep,30,16.2495463053,16.5718272376,-0.3222809322,2.5301942139,171.2052494049,158.5625468148,1.0797332210,1.1638609072
rcp_8_5,2052,10,Oct,31,11.6247676726,11.6243310978,0.0004365748,2.4363037503,89.9891558001,93.2110759512,0.9654341491,1.0217767894
rcp_8_5,2052,11,Nov,30,7.4910064697,6.7892666287,0.7017398410,2.8032712809,55.1613664150,50.2423692098,1.0979053592,1.1530189232
rcp_8_5,2052,12,Dec,31,6.5687994188,5.1263537898,1.4424456290,3.7051117928,32.4804535220,31.7615687529,1.0226337929,1.0728509385
rcp_8_5,2053,1,Jan,31,0.0973235100,3.3754196050,-3.2780960950,-1.8617244991,55.5048517719,42.2867708953,1.3125819399,1.3957957122
rcp_8_5,2053,2,Feb,28,4.2429024833,4.6936692339,-0.4507667507,1.3236220826,70.0416679382,74.6111906793,0.9387555312,0.9944854080
rcp_8_5,2053,3,Mar,31,6.2980848743,6.8913893927,-0.5933045184,1.4995671229,130.9381748938,129.3700801451,1.0121210001,1.0336663493
rcp_8_5,2053,4,Apr,30,8.0522216797,8.5459015377,-0.4936798580,0.7437784424,211.5620379130,192.6115619871,1.0983870113,1.2192906953
rcp_8_5,2053,5,May,31,12.1229100381,12.6189521754,-0.4960421373,1.4936303317,207.3504737116,228.8374054113,0.9061039358,0.9597514248
rcp_8_5,2053,6,Jun,30,19.8828989665,17.6557658846,2.2271330818,4.3938442790,272.9579068502,260.8898887937,1.0462571321,1.1269995100
rcp_8_5,2053,7,Jul,31,20.1225782825,20.1356460876,-0.0130678051,2.3580874732,243.4905919721,250.6833276822,0.9713074827,1.0450335025
rcp_8_5,2053,8,Aug,31,20.2107632545,19.5291303175,0.6816329370,2.7160323604,215.1890982351,210.8496274142,1.0205808797,1.0727420573
rcp_8_5,2053,9,Sep,30,18.4160837809,16.5718272376,1.8442565434,4.6967316895,172.5312896729,158.5625468148,1.0880961055,1.1728753880
rcp_8_5,2053,10,Oct,31,10.8455269106,11.6243310978,-0.7788041872,1.6570629883,96.5331118184,93.2110759512,1.0356399262,1.0960797686
rcp_8_5,2053,11,Nov,30,5.8487345378,6.7892666287,-0.9405320909,1.1609993490,50.2141750336,50.2423692098,0.9994388367,1.0496094965
rcp_8_5,2053,12,Dec,31,2.9709886120,5.1263537898,-2.1553651777,0.1073009860,32.3050376369,31.7615687529,1.0171108955,1.0670568354
rcp_8_5,2054,1,Jan,31,0.3173759214,3.3754196050,-3.0580436835,-1.6416720876,42.0877986108,42.2867708953,0.9952946919,1.0583934010
rcp_8_5,2054,2,Feb,28,0.0693882533,4.6936692339,-4.6242809806,-2.8498921473,73.2882141386,74.6111906793,0.9822683899,1.0405814379
rcp_8_5,2054,3,Mar,31,4.3833047190,6.8913893927,-2.5080846737,-0.4152130324,123.2920631901,129.3700801451,0.9530183722,0.9733055846
rcp_8_5,2054,4,Apr,30,6.9974934896,8.5459015377,-1.5484080481,-0.3109497477,202.5062210083,192.6115619871,1.0513710544,1.1670995111
rcp_8_5,2054,5,May,31,12.5098620999,12.6189521754,-0.1090900755,1.8805823935,224.4882271059,228.8374054113,0.9809944607,1.0390759759
rcp_8_5,2054,6,Jun,30,20.9723958333,17.6557658846,3.3166299487,5.4833411458,283.5330813090,260.8898887937,1.0867921429,1.1706627127
rcp_8_5,2054,7,Jul,31,21.7760098365,20.1356460876,1.6403637489,4.0115190272,253.2105673513,250.6833276822,1.0100814031,1.0867505143
rcp_8_5,2054,8,Aug,31,21.3536997149,19.5291303175,1.8245693974,3.8589688209,231.5585181944,210.8496274142,1.0982163973,1.1543454721
rcp_8_5,2054,9,Sep,30,19.3331807454,16.5718272376,2.7613535079,5.6138286540,165.8691173553,158.5625468148,1.0460800529,1.1275856439
rcp_8_5,2054,10,Oct,31,12.0281746157,11.6243310978,0.4038435179,2.8397106934,94.9252456542,93.2110759512,1.0183901933,1.0778233430
rcp_8_5,2054,11,Nov,30,7.0430084229,6.7892666287,0.2537417942,2.3552732340,48.7293420792,50.2423692098,0.9698854343,1.0185725479
rcp_8_5,2054,12,Dec,31,5.8809312390,5.1263537898,0.7545774492,3.0172436130,35.4158029710,31.7615687529,1.1150520696,1.1698074792
rcp_8_5,2055,1,Jan,31,3.2754743022,3.3754196050,-0.0999453027,1.3164262932,45.9722656435,42.2867708953,1.0871547926,1.1560771576
rcp_8_5,2055,2,Feb,28,6.2893556867,4.6936692339,1.5956864528,3.3700752860,77.0373464993,74.6111906793,1.0325173181,1.0938134287
rcp_8_5,2055,3,Mar,31,5.8622495590,6.8913893927,-1.0291398337,1.0637318076,120.0192428097,129.3700801451,0.9277202478,0.9474689307
rcp_8_5,2055,4,Apr,30,7.6086446126,8.5459015377,-0.9372569251,0.3002013753,177.6767183940,192.6115619871,0.9224613339,1.0240002018
rcp_8_5,2055,5,May,31,11.0467854161,12.6189521754,-1.5721667593,0.4175057097,215.0458687813,228.8374054113,0.9397321578,0.9953706653
rcp_8_5,2055,6,Jun,30,16.9143615723,17.6557658846,-0.7414043124,1.4253068848,252.1210927327,260.8898887937,0.9663889003,1.0409676395
rcp_8_5,2055,7,Jul,31,20.4342474168,20.1356460876,0.2986013292,2.6697566075,242.5156877579,250.6833276822,0.9674184957,1.0408493261
rcp_8_5,2055,8,Aug,31,17.0938809303,19.5291303175,-2.4352493872,-0.4008499638,195.0291520396,210.8496274142,0.9249679709,0.9722424394
rcp_8_5,2055,9,Sep,30,15.6312296549,16.5718272376,-0.9405975826,1.9118775635,156.9060810089,158.5625468148,0.9895532341,1.0666545239
rcp_8_5,2055,10,Oct,31,10.8002112604,11.6243310978,-0.8241198374,1.6117473381,89.6888538484,93.2110759512,0.9622124081,1.0183670278
rcp_8_5,2055,11,Nov,30,9.1211201986,6.7892666287,2.3318535699,4.4333850098,50.8245355606,50.2423692098,1.0115871596,1.0623676510
rcp_8_5,2055,12,Dec,31,5.3729946998,5.1263537898,0.2466409100,2.5093070738,33.1169743538,31.7615687529,1.0426743909,1.0938756441
rcp_8_5,2056,1,Jan,31,3.6240047332,3.3754196050,0.2485851282,1.6649567241,43.3467958512,42.2867708953,1.0250675314,1.0900537495
rcp_8_5,2056,2,Feb,29,3.6175905425,4.6936692339,-1.0760786914,0.6983101418,63.0049791007,74.6111906793,0.8444440911,0.8945751035
rcp_8_5,2056,3,Mar,31,8.3450100806,6.8913893927,1.4536206880,3.5464923293,137.6851069543,129.3700801451,1.0642731828,1.0869287125
rcp_8_5,2056,4,Apr,30,10.4498677572,8.5459015377,1.9039662195,3.1414245199,228.1721056620,192.6115619871,1.1846231000,1.3150191221
rcp_8_5,2056,5,May,31,9.9640857327,12.6189521754,-2.6548664427,-0.6651939737,191.0112713229,228.8374054113,0.8347030110,0.8841230817
rcp_8_5,2056,6,Jun,30,17.6690734863,17.6557658846,0.0133076017,2.1800187988,265.7043896993,260.8898887937,1.0184541491,1.0970508986
rcp_8_5,2056,7,Jul,31,19.2610975696,20.1356460876,-0.8745485180,1.4966067603,250.3325544788,250.6833276822,0.9986007318,1.0743984154
rcp_8_5,2056,8,Aug,31,22.4826709378,19.5291303175,2.9535406203,4.9879400438,229.2737643334,210.8496274142,1.0873804576,1.1429557150
rcp_8_5,2056,9,Sep,30,14.2632995605,16.5718272376,-2.3085276770,0.5439474691,152.9014081319,158.5625468148,0.9642971257,1.0394305794
rcp_8_5,2056,10,Oct,31,12.6237054640,11.6243310978,0.9993743662,3.4352415417,93.6727556413,93.2110759512,1.0049530561,1.0636020158
rcp_8_5,2056,11,Nov,30,8.8627014160,6.7892666287,2.0734347873,4.1749662272,46.4593709310,50.2423692098,0.9247050181,0.9711241277
rcp_8_5,2056,12,Dec,31,5.0558491368,5.1263537898,-0.0705046529,2.1921615108,32.8143851219,31.7615687529,1.0331474927,1.0838809209
rcp_8_5,2057,1,Jan,31,2.6843655494,3.3754196050,-0.6910540556,0.7253175403,35.2528609922,42.2867708953,0.8336616924,0.8865133524
rcp_8_5,2057,2,Feb,28,4.0188053676,4.6936692339,-0.6748638663,1.0995249669,79.0788121905,74.6111906793,1.0598787055,1.1227991440
rcp_8_5,2057,3,Mar,31,7.6874517625,6.8913893927,0.7960623699,2.8889340112,123.0584295950,129.3700801451,0.9512124400,0.9714612089
rcp_8_5,2057,4,Apr,30,8.0361673991,8.5459015377,-0.5097341386,0.7277241618,186.1764558156,192.6115619871,0.9665902394,1.0729865457
rcp_8_5,2057,5,May,31,11.3121426490,12.6189521754,-1.3068095264,0.6828629426,201.2183856349,228.8374054113,0.8793072325,0.9313681751
rcp_8_5,2057,6,Jun,30,18.5519816081,17.6557658846,0.8962157234,3.0629269206,264.5268648783,260.8898887937,1.0139406556,1.0921890871
rcp_8_5,2057,7,Jul,31,16.9914009340,20.1356460876,-3.1442451536,-0.7730898753,233.5557159916,250.6833276822,0.9316763031,1.0023941620
rcp_8_5,2057,8,Aug,31,17.8970681467,19.5291303175,-1.6320621707,0.4023372527,194.8276679747,210.8496274142,0.9240123891,0.9712380185
rcp_8_5,2057,9,Sep,30,15.7359517415,16.5718272376,-0.8358754960,2.0165996501,160.1971875509,158.5625468148,1.0103091226,1.0890276126
rcp_8_5,2057,10,Oct,31,11.4727980091,11.6243310978,-0.1515330887,2.2843340868,88.5699441971,93.2110759512,0.9502083663,1.0056624314
rcp_8_5,2057,11,Nov,30,7.4463531494,6.7892666287,0.6570865207,2.7586179606,47.4388552984,50.2423692098,0.9442002048,0.9915979500
rcp_8_5,2057,12,Dec,31,7.0531301191,5.1263537898,1.9267763293,4.1894424931,33.1952717074,31.7615687529,1.0451395511,1.0964618577
rcp_8_5,2058,1,Jan,31,5.1020074660,3.3754196050,1.7265878610,3.1429594569,35.8304665473,42.2867708953,0.8473209420,0.9010385575
rcp_8_5,2058,2,Feb,28,6.1066360474,4.6936692339,1.4129668134,3.1873556467,77.2262053830,74.6111906793,1.0350485588,1.0964949383
rcp_8_5,2058,3,Mar,31,9.1247086064,6.8913893927,2.2333192137,4.3261908550,134.7367098408,129.3700801451,1.0414827732,1.0636531561
rcp_8_5,2058,4,Apr,30,7.6498758952,8.5459015377,-0.8960256425,0.3414326579,197.4703783671,192.6115619871,1.0252259850,1.1380765534
rcp_8_5,2058,5,May,31,11.1414164882,12.6189521754,-1.4775356873,0.5121367818,202.5280699576,228.8374054113,0.8850304416,0.9374302370
rcp_8_5,2058,6,Jun,30,13.5849426270,17.6557658846,-4.0708232577,-1.9041120605,243.6418837229,260.8898887937,0.9338877978,1.0059583426
rcp_8_5,2058,7,Jul,31,18.6121895083,20.1356460876,-1.5234565793,0.8476986990,243.7163947321,250.6833276822,0.9722082317,1.0460026218
rcp_8_5,2058,8,Aug,31,20.3728972404,19.5291303175,0.8437669230,2.8781663464,215.6186589887,210.8496274142,1.0226181646,1.0748834664
rcp_8_5,2058,9,Sep,30,16.7728149414,16.5718272376,0.2009877038,3.0534628499,155.4226656596,158.5625468148,0.9801978385,1.0565702003
rcp_8_5,2058,10,Oct,31,11.5713057979,11.6243310978,-0.0530252999,2.3828418756,96.8303455230,93.2110759512,1.0388287501,1.0994546919
rcp_8_5,2058,11,Nov,30,4.4861389160,6.7892666287,-2.3031277127,-0.2015962728,54.9157997449,50.2423692098,1.0930177181,1.1478859282
rcp_8_5,2058,12,Dec,31,4.4345781880,5.1263537898,-0.6917756018,1.5708905620,29.4474259038,31.7615687529,0.9271401590,0.9726680232
rcp_8_5,2059,1,Jan,31,3.9483199581,3.3754196050,0.5729003531,1.9892719490,41.1136309716,42.2867708953,0.9722575193,1.0338957405
rcp_8_5,2059,2,Feb,28,1.1736221313,4.6936692339,-3.5200471026,-1.7456582693,81.5465503420,74.6111906793,1.0929533439,1.1578372813
rcp_8_5,2059,3,Mar,31,5.4903781029,6.8913893927,-1.4010112897,0.6918603516,128.3733040594,129.3700801451,0.9922951575,1.0134184676
rcp_8_5,2059,4,Apr,30,9.3616221110,8.5459015377,0.8157205733,2.0531788737,181.6056680044,192.6115619871,0.9428596400,1.0466438280
rcp_8_5,2059,5,May,31,14.2656840663,12.6189521754,1.6467318908,3.6364043599,244.9791451731,228.8374054113,1.0705380300,1.1339211308
rcp_8_5,2059,6,Jun,30,16.7174682617,17.6557658846,-0.9382976229,1.2284135742,243.7961502075,260.8898887937,0.9344791066,1.0065952842
rcp_8_5,2059,7,Jul,31,20.9795709425,20.1356460876,0.8439248549,3.2150801333,262.6079864502,250.6833276822,1.0475686153,1.1270831519
rcp_8_5,2059,8,Aug,31,19.8738708496,19.5291303175,0.3447405321,2.3791399556,213.3869055471,210.8496274142,1.0120335908,1.0637579224
rcp_8_5,2059,9,Sep,30,17.6144927979,16.5718272376,1.0426655603,3.8951407064,169.0853917440,158.5625468148,1.0663640005,1.1494500204
rcp_8_5,2059,10,Oct,31,11.6613789220,11.6243310978,0.0370478242,2.4729149997,91.1302066926,93.2110759512,0.9776757297,1.0347327873
rcp_8_5,2059,11,Nov,30,7.2132537842,6.7892666287,0.4239871555,2.5255185954,45.1717670123,50.2423692098,0.8990771678,0.9442097893
rcp_8_5,2059,12,Dec,31,5.5268072313,5.1263537898,0.4004534415,2.6631196053,32.4198092338,31.7615687529,1.0207244323,1.0708478175
rcp_8_5,2060,1,Jan,31,2.5983483099,3.3754196050,-0.7770712951,0.6393003008,41.4156731636,42.2867708953,0.9794002305,1.0414912783
rcp_8_5,2060,2,Feb,29,6.4686384530,4.6936692339,1.7749692191,3.5493580523,74.2180644068,74.6111906793,0.9947310012,1.0537839008
rcp_8_5,2060,3,Mar,31,5.8659116683,6.8913893927,-1.0254777243,1.0673939170,145.9719285657,129.3700801451,1.1283283461,1.1523474390
rcp_8_5,2060,4,Apr,30,7.9692749023,8.5459015377,-0.5766266354,0.6608316650,193.5087827047,192.6115619871,1.0046581872,1.1152447790
rcp_8_5,2060,5,May,31,10.7805825510,12.6189521754,-1.8383696244,0.1513028446,207.1941269905,228.8374054113,0.9054207140,0.9590277516
rcp_8_5,2060,6,Jun,30,18.3363149007,17.6557658846,0.6805490161,2.8472602132,270.7788747152,260.8898887937,1.0379048263,1.1180026350
rcp_8_5,2060,7,Jul,31,19.0310285014,20.1356460876,-1.1046175862,1.2665376922,258.4683818202,250.6833276822,1.0310553327,1.1093164468
rcp_8_5,2060,8,Aug,31,16.1690083165,19.5291303175,-3.3601220009,-1.3257225775,183.0223942418,210.8496274142,0.8680233230,0.9123873902
rcp_8_5,2060,9,Sep,30,15.7862447103,16.5718272376,-0.7855825273,2.0668926188,157.6201791128,158.5625468148,0.9940568077,1.0715089946
rcp_8_5,2060,10,Oct,31,11.2050456385,11.6243310978,-0.4192854593,2.0165817162,88.2481175084,93.2110759512,0.9467557005,1.0020082684
rcp_8_5,2060,11,Nov,30,4.6741739909,6.7892666287,-2.1150926378,-0.0135611979,62.4745183309,50.2423692098,1.2434628246,1.3058832030
rcp_8_5,2060,12,Dec,31,4.9311021374,5.1263537898,-0.1952516524,2.0674145114,27.3436288834,31.7615687529,0.8609029704,0.9031782112
rcp_8_5,2061,1,Jan,31,2.2817953787,3.3754196050,-1.0936242263,0.3227473696,41.0112585560,42.2867708953,0.9698366105,1.0313213533
rcp_8_5,2061,2,Feb,28,3.6541911534,4.6936692339,-1.0394780805,0.7349107527,72.6534707546,74.6111906793,0.9737610416,1.0315690450
rcp_8_5,2061,3,Mar,31,7.3635775658,6.8913893927,0.4721881732,2.5650598145,134.9511595695,129.3700801451,1.0431404187,1.0653460884
rcp_8_5,2061,4,Apr,30,7.6303863525,8.5459015377,-0.9155151852,0.3219431152,172.6301091512,192.6115619871,0.8962603666,0.9949151932
rcp_8_5,2061,5,May,31,12.5566051852,12.6189521754,-0.0623469902,1.9273254788,194.1529723137,228.8374054113,0.8484319771,0.8986648956
rcp_8_5,2061,6,Jun,30,19.3507741292,17.6557658846,1.6950082446,3.8617194417,268.8328107198,260.8898887937,1.0304454955,1.1099676483
rcp_8_5,2061,7,Jul,31,20.4091619676,20.1356460876,0.2735158800,2.6446711583,258.0422284526,250.6833276822,1.0293553657,1.1074874458
rcp_8_5,2061,8,Aug,31,18.1718070738,19.5291303175,-1.3573232437,0.6770761798,196.1235917614,210.8496274142,0.9301585882,0.9776983455
rcp_8_5,2061,9,Sep,30,14.2009562174,16.5718272376,-2.3708710201,0.4816041260,126.6375710169,158.5625468148,0.7986600465,0.8608878454
rcp_8_5,2061,10,Oct,31,11.2482634514,11.6243310978,-0.3760676465,2.0597995290,95.0317380967,93.2110759512,1.0195326803,1.0790325054
rcp_8_5,2061,11,Nov,30,10.0473439535,6.7892666287,3.2580773248,5.3596087646,45.7166174253,50.2423692098,0.9099216089,0.9555986086
rcp_8_5,2061,12,Dec,31,3.5456090127,5.1263537898,-1.5807447770,0.6819213867,30.8942882784,31.7615687529,0.9726940290,1.0204588477
rcp_8_5,2062,1,Jan,31,4.5544787991,3.3754196050,1.1790591942,2.5954307901,39.7754290027,42.2867708953,0.9406116419,1.0002436090
rcp_8_5,2062,2,Feb,28,5.6913779122,4.6936692339,0.9977086783,2.7720975116,69.7562405041,74.6111906793,0.9349300000,0.9904327715
rcp_8_5,2062,3,Mar,31,4.4962620889,6.8913893927,-2.3951273038,-0.3022556625,114.8246485802,129.3700801451,0.8875672679,0.9064612013
rcp_8_5,2062,4,Apr,30,9.7448313395,8.5459015377,1.1989298018,2.4363881022,189.5477938334,192.6115619871,0.9840935398,1.0924165016
rcp_8_5,2062,5,May,31,13.2605787708,12.6189521754,0.6416265954,2.6312990644,245.8210754395,228.8374054113,1.0742171936,1.1378181259
rcp_8_5,2062,6,Jun,30,18.0390930176,17.6557658846,0.3833271329,2.5500383301,265.8350090027,260.8898887937,1.0189548174,1.0975902048
rcp_8_5,2062,7,Jul,31,22.9180583339,20.1356460876,2.7824122463,5.1535675246,257.0779753654,250.6833276822,1.0255088671,1.1033489829
rcp_8_5,2062,8,Aug,31,18.9784880607,19.5291303175,-0.5506422567,1.4837571667,193.8976382594,210.8496274142,0.9196015219,0.9666017149
rcp_8_5,2062,9,Sep,30,17.4369415283,16.5718272376,0.8651142908,3.7175894368,176.9418828328,158.5625468148,1.1159122150,1.2028587966
rcp_8_5,2062,10,Oct,31,12.6647831086,11.6243310978,1.0404520108,3.4763191863,82.2065610886,93.2110759512,0.8819398365,0.9334097571
rcp_8_5,2062,11,Nov,30,6.6062133789,6.7892666287,-0.1830532498,1.9184781901,46.7398220062,50.2423692098,0.9302869817,0.9769862993
rcp_8_5,2062,12,Dec,31,3.3587380686,5.1263537898,-1.7676157212,0.4950504426,33.3117169103,31.7615687529,1.0488057806,1.1003081200
rcp_8_5,2063,1,Jan,31,5.2038200132,3.3754196050,1.8284004083,3.2447720042,41.8912391047,42.2867708953,0.9906464414,1.0534504652
rcp_8_5,2063,2,Feb,28,3.7727781023,4.6936692339,-0.9208911316,0.8534977016,80.7712614877,74.6111906793,1.0825622906,1.1468293560
rcp_8_5,2063,3,Mar,31,7.0764425955,6.8913893927,0.1850532028,2.2779248441,125.8170894500,129.3700801451,0.9725362256,0.9932389209
rcp_8_5,2063,4,Apr,30,8.1970692952,8.5459015377,-0.3488322425,0.8886260579,186.2117446899,192.6115619871,0.9667734521,1.0731899253
rcp_8_5,2063,5,May,31,13.8070245558,12.6189521754,1.1880723804,3.1777448494,264.3254859678,228.8374054113,1.1550798939,1.2234684456
rcp_8_5,2063,6,Jun,30,18.8726206462,17.6557658846,1.2168547615,3.3835659587,268.8843861898,260.8898887937,1.0306431860,1.1101805951
rcp_8_5,2063,7,Jul,31,21.7002593010,20.1356460876,1.5646132134,3.9357684917,252.5912342687,250.6833276822,1.0076108236,1.0840924082
rcp_8_5,2063,8,Aug,31,17.8400770618,19.5291303175,-1.6890532557,0.3453461678,188.6147537231,210.8496274142,0.8945462984,0.9402659364
rcp_8_5,2063,9,Sep,30,15.4608032227,16.5718272376,-1.1110240149,1.7414511312,157.9998535156,158.5625468148,0.9964512849,1.0740900380
rcp_8_5,2063,10,Oct,31,11.3273768271,11.6243310978,-0.2969542707,2.1389129048,97.9339038480,93.2110759512,1.0506680976,1.1119849826
rcp_8_5,2063,11,Nov,30,7.1014465332,6.7892666287,0.3121799045,2.4137113444,44.7421392441,50.2423692098,0.8905260629,0.9352294290
rcp_8_5,2063,12,Dec,31,6.9572527486,5.1263537898,1.8308989588,4.0935651225,37.5267910188,31.7615687529,1.1815156648,1.2395348155
rcp_8_5,2064,1,Jan,31,4.5952325636,3.3754196050,1.2198129587,2.6361845546,45.9078449126,42.2867708953,1.0856313675,1.1544571518
rcp_8_5,2064,2,Feb,29,3.7340224694,4.6936692339,-0.9596467646,0.8147420687,69.1973048901,74.6111906793,0.9274386893,0.9824967339
rcp_8_5,2064,3,Mar,31,8.7732081259,6.8913893927,1.8818187333,3.9746903746,122.7614998971,129.3700801451,0.9489172439,0.9691171542
rcp_8_5,2064,4,Apr,30,10.3399780273,8.5459015377,1.7940764896,3.0315347900,177.9651438395,192.6115619871,0.9239587801,1.0256624776
rcp_8_5,2064,5,May,31,11.7204373267,12.6189521754,-0.8985148487,1.0911576203,220.1028229498,228.8374054113,0.9618306175,1.0187775034
rcp_8_5,2064,6,Jun,30,15.9348683675,17.6557658846,-1.7208975171,0.4458136800,243.5533785502,260.8898887937,0.9335485544,1.0055929189
rcp_8_5,2064,7,Jul,31,18.2610010947,20.1356460876,-1.8746449929,0.4965102854,242.2394556845,250.6833276822,0.9663165793,1.0396637700
rcp_8_5,2064,8,Aug,31,18.2740271784,19.5291303175,-1.2551031391,0.7792962843,199.1361045837,210.8496274142,0.9444460824,0.9927160635
rcp_8_5,2064,9,Sep,30,17.2197123210,16.5718272376,0.6478850834,3.5003602295,152.3336304983,158.5625468148,0.9607163454,1.0355708017
rcp_8_5,2064,10,Oct,31,12.4335829212,11.6243310978,0.8092518234,3.2451189989,94.0675082668,93.2110759512,1.0091880960,1.0680842123
rcp_8_5,2064,11,Nov,30,6.8807525635,6.7892666287,0.0914859348,2.1930173747,47.1199691614,50.2423692098,0.9378532482,0.9849323836
rcp_8_5,2064,12,Dec,31,4.9109615203,5.1263537898,-0.2153922695,2.0472738943,26.7025534414,31.7615687529,0.8407189723,0.8820030638
rcp_8_5,2065,1,Jan,31,3.9506304341,3.3754196050,0.5752108291,1.9915824250,40.2530150875,42.2867708953,0.9519056252,1.0122535971
rcp_8_5,2065,2,Feb,28,4.6669191633,4.6936692339,-0.0267500706,1.7476387626,71.3277566092,74.6111906793,0.9559927400,1.0127459157
rcp_8_5,2065,3,Mar,31,6.9661579747,6.8913893927,0.0747685821,2.1676402233,121.3619454907,129.3700801451,0.9380990207,0.9580686400
rcp_8_5,2065,4,Apr,30,7.0676717122,8.5459015377,-1.4782298255,-0.2407715251,192.4330886841,192.6115619871,0.9990734030,1.1090452560
rcp_8_5,2065,5,May,31,15.5556227161,12.6189521754,2.9366705407,4.9263430097,270.4737347018,228.8374054113,1.1819472180,1.2519264972
rcp_8_5,2065,6,Jun,30,21.7098612467,17.6557658846,4.0540953621,6.2208065592,281.1409581502,260.8898887937,1.0776230518,1.1607860191
rcp_8_5,2065,7,Jul,31,25.9362153084,20.1356460876,5.8005692208,8.1717244991,285.6195668867,250.6833276822,1.1393640316,1.2258461977
rcp_8_5,2065,8,Aug,31,23.8084076912,19.5291303175,4.2792773738,6.3136767972,244.8868152249,210.8496274142,1.1614287311,1.2207885443
rcp_8_5,2065,9,Sep,30,16.4687998454,16.5718272376,-0.1030273922,2.7494477539,132.6945787430,158.5625468148,0.8368595321,0.9020636536
rcp_8_5,2065,10,Oct,31,12.5380032447,11.6243310978,0.9136721469,3.3495393224,97.5830610952,93.2110759512,1.0469041377,1.1080013584
rcp_8_5,2065,11,Nov,30,6.4439117432,6.7892666287,-0.3453548855,1.7561765544,42.5115716616,50.2423692098,0.8461299164,0.8886046479
rcp_8_5,2065,12,Dec,31,4.5910536243,5.1263537898,-0.5353001655,1.7273659983,31.1462942093,31.7615687529,0.9806283327,1.0287827709
rcp_8_5,2066,1,Jan,31,2.6484020602,3.3754196050,-0.7270175447,0.6893540512,43.4947028006,42.2867708953,1.0285652434,1.0937732061
rcp_8_5,2066,2,Feb,28,3.4717952183,4.6936692339,-1.2218740156,0.5525148176,87.4891267504,74.6111906793,1.1726005972,1.2422128494
rcp_8_5,2066,3,Mar,31,6.3608821746,6.8913893927,-0.5305072181,1.5623644232,136.8489270364,129.3700801451,1.0578097106,1.0803276503
rcp_8_5,2066,4,Apr,30,7.4082987467,8.5459015377,-1.1376027910,0.0998555094,196.9795445760,192.6115619871,1.0226776760,1.1352477421
rcp_8_5,2066,5,May,31,10.4928834977,12.6189521754,-2.1260686778,-0.1363962087,218.0307198801,228.8374054113,0.9527757033,1.0091864769
rcp_8_5,2066,6,Jun,30,18.8426645915,17.6557658846,1.1868987068,3.3536099040,283.0695220947,260.8898887937,1.0850153044,1.1687487509
rcp_8_5,2066,7,Jul,31,20.0221203220,20.1356460876,-0.1135257656,2.2576295127,243.8881619361,250.6833276822,0.9728934277,1.0467398268
rcp_8_5,2066,8,Aug,31,18.7591552734,19.5291303175,-0.7699750440,1.2644243794,226.4607996787,210.8496274142,1.0740393638,1.1289327672
rcp_8_5,2066,9,Sep,30,19.8468495687,16.5718272376,3.2750223311,6.1274974772,189.6644279480,158.5625468148,1.1961489756,1.2893472247
rcp_8_5,2066,10,Oct,31,12.4377096853,11.6243310978,0.8133785875,3.2492457630,110.6447323830,93.2110759512,1.1870341722,1.2563093676
rcp_8_5,2066,11,Nov,30,8.1119812012,6.7892666287,1.3227145725,3.4242460124,48.2889026006,50.2423692098,0.9611191383,1.0093661941
rcp_8_5,2066,12,Dec,31,2.7361302530,5.1263537898,-2.3902235368,-0.1275573730,35.6971648893,31.7615687529,1.1239106345,1.1791010501
rcp_8_5,2067,1,Jan,31,4.2711309618,3.3754196050,0.8957113568,2.3120829527,41.2400981842,42.2867708953,0.9752482233,1.0370760461
rcp_8_5,2067,2,Feb,28,7.4112385341,4.6936692339,2.7175693002,4.4919581334,84.0304175104,74.6111906793,1.1262441565,1.1931044263
rcp_8_5,2067,3,Mar,31,6.0233213363,6.8913893927,-0.8680680564,1.2248035849,137.2961591905,129.3700801451,1.0612667089,1.0838582389
rcp_8_5,2067,4,Apr,30,8.0010437012,8.5459015377,-0.5448578365,0.6926004639,181.7733164469,192.6115619871,0.9437300366,1.0476100324
rcp_8_5,2067,5,May,31,12.1820905132,12.6189521754,-0.4368616623,1.5528108068,232.6444347751,228.8374054113,1.0166363945,1.0768281536
rcp_8_5,2067,6,Jun,30,16.6331268311,17.6557658846,-1.0226390536,1.1440721436,292.6727727254,260.8898887937,1.1218248974,1.2083990358
rcp_8_5,2067,7,Jul,31,20.9240604524,20.1356460876,0.7884143648,3.1595696431,270.9574262557,250.6833276822,1.0808753369,1.1629179833
rcp_8_5,2067,8,Aug,31,19.4231567383,19.5291303175,-0.1059735792,1.9284258443,202.6898429624,210.8496274142,0.9613004559,1.0104318524
rcp_8_5,2067,9,Sep,30,15.4753397624,16.5718272376,-1.0964874752,1.7559876709,135.7305407206,158.5625468148,0.8560063107,0.9227022583
rcp_8_5,2067,10,Oct,31,9.7832976310,11.6243310978,-1.8410334668,0.5948337087,77.0511965905,93.2110759512,0.8266313397,0.8748734619
rcp_8_5,2067,11,Nov,30,3.0478759766,6.7892666287,-3.7413906521,-1.6398592122,45.3589926084,50.2423692098,0.9028036162,0.9481233010
rcp_8_5,2067,12,Dec,31,4.2129309870,5.1263537898,-0.9134228028,1.3492433610,27.8413366810,31.7615687529,0.8765730968,0.9196178301
rcp_8_5,2068,1,Jan,31,1.8573874197,3.3754196050,-1.5180321853,-0.1016605894,44.3878826326,42.2867708953,1.0496872117,1.1162342440
rcp_8_5,2068,2,Feb,29,6.5099024279,4.6936692339,1.8162331940,3.5906220272,56.6914790581,74.6111906793,0.7598254168,0.8049329826
rcp_8_5,2068,3,Mar,31,9.0908075148,6.8913893927,2.1994181221,4.2922897634,124.1057554676,129.3700801451,0.9593080203,0.9797291224
rcp_8_5,2068,4,Apr,30,9.6418406169,8.5459015377,1.0959390792,2.3333973796,172.2185249329,192.6115619871,0.8941235051,0.9925431192
rcp_8_5,2068,5,May,31,12.5001466813,12.6189521754,-0.1188054942,1.8708669749,254.5578674809,228.8374054113,1.1123962318,1.1782576217
rcp_8_5,2068,6,Jun,30,15.8973286947,17.6557658846,-1.7584371900,0.4082740072,252.2330833435,260.8898887937,0.9668181642,1.0414300308
rcp_8_5,2068,7,Jul,31,21.9540169008,20.1356460876,1.8183708132,4.1895260915,271.4475481587,250.6833276822,1.0828304805,1.1650215299
rcp_8_5,2068,8,Aug,31,18.5597484958,19.5291303175,-0.9693818217,1.0650176018,204.3006259549,210.8496274142,0.9689399429,1.0184617882
rcp_8_5,2068,9,Sep,30,15.8247151693,16.5718272376,-0.7471120683,2.1053630778,145.4867647171,158.5625468148,0.9175354940,0.9890255033
rcp_8_5,2068,10,Oct,31,11.1740319037,11.6243310978,-0.4502991941,1.9855679814,80.3611679692,93.2110759512,0.8621418340,0.9124563451
rcp_8_5,2068,11,Nov,30,8.0922892253,6.7892666287,1.3030225966,3.4045540365,46.0411303838,50.2423692098,0.9163805590,0.9623817905
rcp_8_5,2068,12,Dec,31,5.2339674427,5.1263537898,0.1076136529,2.3702798167,32.6708747033,31.7615687529,1.0286291259,1.0791406766
rcp_8_5,2069,1,Jan,31,4.0691449565,3.3754196050,0.6937253515,2.1100969475,44.0184367549,42.2867708953,1.0409505342,1.1069436873
rcp_8_5,2069,2,Feb,28,3.9651118687,4.6936692339,-0.7285573652,1.0458314680,80.2827773605,74.6111906793,1.0760152281,1.1398936226
rcp_8_5,2069,3,Mar,31,6.4367380450,6.8913893927,-0.4546513477,1.6382202936,111.8303355555,129.3700801451,0.8644219392,0.8828231705
rcp_8_5,2069,4,Apr,30,9.9163452148,8.5459015377,1.3704436771,2.6079019775,212.1403264364,192.6115619871,1.1013893675,1.2226235324
rcp_8_5,2069,5,May,31,15.7692940004,12.6189521754,3.1503418250,5.1400142940,233.5220455047,228.8374054113,1.0204714788,1.0808903008
rcp_8_5,2069,6,Jun,30,14.6536519368,17.6557658846,-3.0021139478,-0.8354027507,226.3036160787,260.8898887937,0.8674296161,0.9343714105
rcp_8_5,2069,7,Jul,31,20.2376265987,20.1356460876,0.1019805111,2.4731357894,249.7278764786,250.6833276822,0.9961886129,1.0718032073
rcp_8_5,2069,8,Aug,31,21.6705115534,19.5291303175,2.1413812359,4.1757806593,219.7056280567,210.8496274142,1.0420015001,1.0952574707
rcp_8_5,2069,9,Sep,30,17.9558980306,16.5718272376,1.3840707930,4.2365459391,165.0195486705,158.5625468148,1.0407221124,1.1218102382
rcp_8_5,2069,10,Oct,31,11.6559536842,11.6243310978,0.0316225863,2.4674897618,90.8591599003,93.2110759512,0.9747678478,1.0316552018
rcp_8_5,2069,11,Nov,30,6.8461822510,6.7892666287,0.0569156223,2.1584470622,61.0722349167,50.2423692098,1.2155524486,1.2765717588
rcp_8_5,2069,12,Dec,31,6.9417783676,5.1263537898,1.8154245778,4.0780907416,23.4087241542,31.7615687529,0.7370141046,0.7732056962
rcp_8_5,2070,1,Jan,31,3.3184469900,3.3754196050,-0.0569726150,1.3593989809,39.7763449146,42.2867708953,0.9406333014,1.0002666417
rcp_8_5,2070,2,Feb,28,6.2133047921,4.6936692339,1.5196355582,3.2940243914,70.5482632773,74.6111906793,0.9455453349,1.0016782931
rcp_8_5,2070,3,Mar,31,9.1685229886,6.8913893927,2.2771335959,4.3700052372,141.1632979608,129.3700801451,1.0911587734,1.1143866254
rcp_8_5,2070,4,Apr,30,11.2887145996,8.5459015377,2.7428130619,3.9802713623,199.1295461019,192.6115619871,1.0338400460,1.1476387972
rcp_8_5,2070,5,May,31,13.1678033644,12.6189521754,0.5488511890,2.5385236580,251.4672403643,228.8374054113,1.0988904542,1.1639522105
rcp_8_5,2070,6,Jun,30,17.2012207031,17.6557658846,-0.4545451815,1.7121660156,263.8548533122,260.8898887937,1.0113648119,1.0894144589
rcp_8_5,2070,7,Jul,31,17.8798355595,20.1356460876,-2.2558105281,0.1153447502,226.8906811130,250.6833276822,0.9050888354,0.9737886020
rcp_8_5,2070,8,Aug,31,20.2604626071,19.5291303175,0.7313322896,2.7657317131,224.7432644752,210.8496274142,1.0658935813,1.1203706595
rcp_8_5,2070,9,Sep,30,16.5588785807,16.5718272376,-0.0129486568,2.8395264893,161.1611240387,158.5625468148,1.0163883419,1.0955804958
rcp_8_5,2070,10,Oct,31,11.9220748409,11.6243310978,0.2977437431,2.7336109186,99.3452264724,93.2110759512,1.0658092449,1.1280097657
rcp_8_5,2070,11,Nov,30,3.8937408447,6.7892666287,-2.8955257840,-0.7939943441,57.4297535578,50.2423692098,1.1430542481,1.2004342334
rcp_8_5,2070,12,Dec,31,5.3463656518,5.1263537898,0.2200118620,2.4826780258,28.5887008175,31.7615687529,0.9001035509,0.9443037636
