region,state_id,regional_state_share,regional_state_percent,regional_state_share_lower,regional_state_share_upper,regional_state_percent_lower,regional_state_percent_upper,rounding_half_width_pp,share_value_role,interval_method,regional_evidence_anchor,reference_date,evidence_population,source_url,source_locator,accessed_on,evidence_limitation
Flemish Region,TABULA_existing,0.69,69.0,0.68,0.70,68.0,70.0,1.0,derived_residual,"Existing=1-B-A; lower=1-B_upper-A_upper; upper=1-B_lower-A_lower",residual below EPC B,2024-01-01,Flemish houses and apartments in the weighted EPC label distribution,https://publicaties.vlaanderen.be/view-file/70827,Flemish Housing and Energy Policy Note 2024-2029 PDF page 21 / printed page 20 and footnote 3,2026-07-27,The weighted regional label distribution is referenced to 1 January 2024; EPC labels include standardised system and energy-performance effects; the whole-percentage A and B shares each have a 0.5 percentage-point rounding interval.
Flemish Region,TABULA_standard_B_proxy,0.22,22.0,0.215,0.225,21.5,22.5,0.5,reported_share,reported value plus or minus half the printed unit,EPC B,2024-01-01,Flemish houses and apartments in the weighted EPC label distribution,https://publicaties.vlaanderen.be/view-file/70827,Flemish Housing and Energy Policy Note 2024-2029 PDF page 21 / printed page 20 and footnote 3,2026-07-27,The weighted regional label distribution is referenced to 1 January 2024; EPC B supplies a calibration anchor for the TABULA standard physical proxy; the source reports whole percentages.
Flemish Region,TABULA_advanced_A_proxy,0.09,9.0,0.085,0.095,8.5,9.5,0.5,reported_share,reported value plus or minus half the printed unit,EPC A target family including A+,2024-01-01,Flemish houses and apartments in the weighted EPC label distribution,https://publicaties.vlaanderen.be/view-file/70827,Flemish Housing and Energy Policy Note 2024-2029 PDF page 21 / printed page 20 and footnote 3,2026-07-27,The weighted regional label distribution is referenced to 1 January 2024; EPC A supplies a calibration anchor for the TABULA advanced physical proxy; the source reports whole percentages.
Walloon Region,TABULA_existing,0.878,87.8,0.877,0.879,87.70,87.90,0.10,derived_residual,"Existing=1-B-A; lower=1-B_upper-A_upper; upper=1-B_lower-A_lower",residual below PEB B,2024-08-20,790073 cumulative certificates for existing dwellings with a pre-May-2010 planning permit,https://etat.environnement.wallonie.be/contents/indicatorsheets/MEN%2010.html,"HTML cumulative-performance pie chart; exact counts archived in data/raw/provenance/wallonia_men10_certificate_counts_2024.csv",2026-07-27,Certificates arise from transactions and audits and describe pre-May-2010 dwellings through 20 August 2024; the source flags selection and timing effects; the one-decimal A-family and B shares each have a 0.05 percentage-point rounding interval.
Walloon Region,TABULA_standard_B_proxy,0.11,11.0,0.1095,0.1105,10.95,11.05,0.05,reported_share,reported value plus or minus half the printed unit,PEB B,2024-08-20,790073 cumulative certificates for existing dwellings with a pre-May-2010 planning permit,https://etat.environnement.wallonie.be/contents/indicatorsheets/MEN%2010.html,"HTML cumulative-performance pie chart; B count=86782; exact counts archived in data/raw/provenance/wallonia_men10_certificate_counts_2024.csv",2026-07-27,Certificates arise from transactions and audits and describe pre-May-2010 dwellings through 20 August 2024; PEB B supplies a calibration anchor for the TABULA standard physical proxy; the source reports one decimal.
Walloon Region,TABULA_advanced_A_proxy,0.012,1.2,0.0115,0.0125,1.15,1.25,0.05,reported_share,reported value plus or minus half the printed unit,PEB A/A+/A++,2024-08-20,790073 cumulative certificates for existing dwellings with a pre-May-2010 planning permit,https://etat.environnement.wallonie.be/contents/indicatorsheets/MEN%2010.html,"HTML cumulative-performance pie chart; A-family count=9391; exact counts archived in data/raw/provenance/wallonia_men10_certificate_counts_2024.csv",2026-07-27,Certificates arise from transactions and audits and describe pre-May-2010 dwellings through 20 August 2024; PEB A-family labels supply a calibration anchor for the TABULA advanced physical proxy; the source reports one decimal.
Brussels-Capital Region,TABULA_existing,0.9283,92.83,0.9282,0.9284,92.82,92.84,0.01,derived_residual,"Existing=1-B-A; lower=1-B_upper-A_upper; upper=1-B_lower-A_lower",residual below PEB B,2025-01-01,406785 residential PEB certificates established through 2025-01-01 including existing and new dwellings and expired certificates,https://document.environnement.brussels/opac_css/elecfile/Statistiques_certificatsPEB_residentiel_donnees_2024.pdf,Brussels Environment residential PEB statistics 2024 PDF page 8,2026-07-27,The certificate set includes existing and new dwellings and expired certificates through 1 January 2025; transaction timing and conservative conventional inputs affect the distribution; the two-decimal A and B shares each have a 0.005 percentage-point rounding interval.
Brussels-Capital Region,TABULA_standard_B_proxy,0.0562,5.62,0.05615,0.05625,5.615,5.625,0.005,reported_share,reported value plus or minus half the printed unit,PEB B family,2025-01-01,406785 residential PEB certificates established through 2025-01-01 including existing and new dwellings and expired certificates,https://document.environnement.brussels/opac_css/elecfile/Statistiques_certificatsPEB_residentiel_donnees_2024.pdf,Brussels Environment residential PEB statistics 2024 PDF page 8,2026-07-27,The certificate set includes existing and new dwellings and expired certificates through 1 January 2025; transaction timing and conservative conventional inputs affect the distribution; the B family supplies a calibration anchor for the TABULA standard physical proxy.
Brussels-Capital Region,TABULA_advanced_A_proxy,0.0155,1.55,0.01545,0.01555,1.545,1.555,0.005,reported_share,reported value plus or minus half the printed unit,PEB A family including A-/A/A+/A++,2025-01-01,406785 residential PEB certificates established through 2025-01-01 including existing and new dwellings and expired certificates,https://document.environnement.brussels/opac_css/elecfile/Statistiques_certificatsPEB_residentiel_donnees_2024.pdf,Brussels Environment residential PEB statistics 2024 PDF page 8,2026-07-27,The certificate set includes existing and new dwellings and expired certificates through 1 January 2025; transaction timing and conservative conventional inputs affect the distribution; the A family supplies a calibration anchor for the TABULA advanced physical proxy.
