member_id,scenario,observed_pvgis_year,climate_target,is_leap_year,row_count,timestamp_start_utc,timestamp_end_utc,member_path,member_sha256,metadata_path,metadata_sha256,T_min_C,T_max_C,T_mean_C,I_solar_min_W_m2,I_solar_max_W_m2,I_solar_mean_W_m2
weather_2050_rcp_2_6_pvgis_2006,rcp_2_6,2006,2041-2060,False,8760,2006-01-01T00:00:00+00:00,2006-12-31T23:00:00+00:00,data/processed/ensemble_2050/rcp_2_6/weather_2050_rcp_2_6_pvgis_2006.csv,73ed0728ba3aea4548919a2c599b960f1645e1842d48afd930cc90a737aecd92,data/processed/ensemble_2050/rcp_2_6/weather_2050_rcp_2_6_pvgis_2006.metadata.json,a96eee14f959c7954577e91fe17d4515a9348f0431a52c4dd9b8f37b88ac9cf5,-5.1451832499,34.8462919360,11.9157826734,0.0000000000,987.0857387260,129.8259024719
weather_2050_rcp_2_6_pvgis_2007,rcp_2_6,2007,2041-2060,False,8760,2007-01-01T00:00:00+00:00,2007-12-31T23:00:00+00:00,data/processed/ensemble_2050/rcp_2_6/weather_2050_rcp_2_6_pvgis_2007.csv,250a16c99e3e5c9c43f3623fe37c969d468b00cb317915e18a37ffb3f9dbdc7b,data/processed/ensemble_2050/rcp_2_6/weather_2050_rcp_2_6_pvgis_2007.metadata.json,01f68172b42eb62222239aeebbc4535756a138d805fab8c8938d5a5900426dd3,-4.2514551798,29.0762919360,11.9509287921,0.0000000000,990.2939999758,124.8663685731
weather_2050_rcp_2_6_pvgis_2008,rcp_2_6,2008,2041-2060,True,8784,2008-01-01T00:00:00+00:00,2008-12-31T23:00:00+00:00,data/processed/ensemble_2050/rcp_2_6/weather_2050_rcp_2_6_pvgis_2008.csv,5ac2f88d805f0798e35c864e7e2a3f5023df55189a1c74da01bea0d69bb15a44,data/processed/ensemble_2050/rcp_2_6/weather_2050_rcp_2_6_pvgis_2008.metadata.json,00efd36c048d20e0189b14855134d7e486e6c5e3ab7acb0f8c24a786aea7c6a1,-5.3320340392,30.4762919360,11.2790399086,0.0000000000,990.2939999758,122.6883020054
weather_2050_rcp_2_6_pvgis_2009,rcp_2_6,2009,2041-2060,False,8760,2009-01-01T00:00:00+00:00,2009-12-31T23:00:00+00:00,data/processed/ensemble_2050/rcp_2_6/weather_2050_rcp_2_6_pvgis_2009.csv,9ae6cc0a257aca062a6f0174407cef722e32f8213d05ca6ec19f927f8945e41c,data/processed/ensemble_2050/rcp_2_6/weather_2050_rcp_2_6_pvgis_2009.metadata.json,92d5cf69513d510e9a05f52145175d9e2d1514bbb035975ff88cbd75576ff0a5,-10.4614551798,33.8049005411,11.4236502533,0.0000000000,977.4609549766,130.4337942531
weather_2050_rcp_2_6_pvgis_2010,rcp_2_6,2010,2041-2060,False,8760,2010-01-01T00:00:00+00:00,2010-12-31T23:00:00+00:00,data/processed/ensemble_2050/rcp_2_6/weather_2050_rcp_2_6_pvgis_2010.csv,5dff86f8593a3ca0c9cf6cb796d862471cb04012a01ad76817dd8d49812a31c0,data/processed/ensemble_2050/rcp_2_6/weather_2050_rcp_2_6_pvgis_2010.metadata.json,4bb50593db8cc1eca6a461505dcff2bfdc08339adbe9fcb2be143d647c9b4cfd,-9.5120340392,33.5162919360,10.1169219428,0.0000000000,998.8493633086,127.1476487254
weather_2050_rcp_2_6_pvgis_2011,rcp_2_6,2011,2041-2060,False,8760,2011-01-01T00:00:00+00:00,2011-12-31T23:00:00+00:00,data/processed/ensemble_2050/rcp_2_6/weather_2050_rcp_2_6_pvgis_2011.csv,6866aff27bc3a1e9c9852f3a5ec017d5e2f479302350d5606676d8a3923435cd,data/processed/ensemble_2050/rcp_2_6/weather_2050_rcp_2_6_pvgis_2011.metadata.json,93e01479c0eeb8e564f9aecf38a0053db9bef7adfaa160d907b8372f66071905,-3.7154025742,32.1063096336,12.1228979702,0.0000000000,987.7361022529,130.5589073052
weather_2050_rcp_2_6_pvgis_2012,rcp_2_6,2012,2041-2060,True,8784,2012-01-01T00:00:00+00:00,2012-12-31T23:00:00+00:00,data/processed/ensemble_2050/rcp_2_6/weather_2050_rcp_2_6_pvgis_2012.csv,21546f71429997b6c6c16215e6f307920989ede4c18f9153cd5e872d4bc4a9a4,data/processed/ensemble_2050/rcp_2_6/weather_2050_rcp_2_6_pvgis_2012.metadata.json,513384f93a77e933e6e05122fbc5de3355248345866b538a3c4cd19e612eb4e3,-10.9354025742,34.0449005411,11.2280415024,0.0000000000,996.7105224754,125.5979912156
weather_2050_rcp_2_6_pvgis_2013,rcp_2_6,2013,2041-2060,False,8760,2013-01-01T00:00:00+00:00,2013-12-31T23:00:00+00:00,data/processed/ensemble_2050/rcp_2_6/weather_2050_rcp_2_6_pvgis_2013.csv,92d9b029535d2b62595ab78a43f8324bf54a6927158e4bd9c776bbd7b693e1fd,data/processed/ensemble_2050/rcp_2_6/weather_2050_rcp_2_6_pvgis_2013.metadata.json,3086ab14af356d077d10e5a3ebc6d4820b4f13fb29e258f1a46ca7664f9907d6,-12.8851832499,33.3549005411,10.7822735410,0.0000000000,992.4328408090,124.9384570338
weather_2050_rcp_2_6_pvgis_2014,rcp_2_6,2014,2041-2060,False,8760,2014-01-01T00:00:00+00:00,2014-12-31T23:00:00+00:00,data/processed/ensemble_2050/rcp_2_6/weather_2050_rcp_2_6_pvgis_2014.csv,be9784b82a52facaa7b9d48b00e0d1418d4f55cb211f17e2862a380a5d181d1e,data/processed/ensemble_2050/rcp_2_6/weather_2050_rcp_2_6_pvgis_2014.metadata.json,fa15c658e7f4d78bdb5171308d31757eeee4377a3ea580009ae371a2f9670abb,-9.3820340392,31.8462919360,12.4692598424,0.0000000000,989.2245795592,130.4574303258
weather_2050_rcp_2_6_pvgis_2015,rcp_2_6,2015,2041-2060,False,8760,2015-01-01T00:00:00+00:00,2015-12-31T23:00:00+00:00,data/processed/ensemble_2050/rcp_2_6/weather_2050_rcp_2_6_pvgis_2015.csv,d93fd7a57020b111cbc69ee69b7d8ff369832d39cfb3f893fab395f16eb36937,data/processed/ensemble_2050/rcp_2_6/weather_2050_rcp_2_6_pvgis_2015.metadata.json,ffbfd0656c8f87ef275e257dc9efd4fc88a4977085806ae23ecf5050958fd71c,-4.2354025742,34.0562919360,11.8932244542,0.0000000000,981.7386366430,135.1155247337
weather_2050_rcp_2_6_pvgis_2016,rcp_2_6,2016,2041-2060,True,8784,2016-01-01T00:00:00+00:00,2016-12-31T23:00:00+00:00,data/processed/ensemble_2050/rcp_2_6/weather_2050_rcp_2_6_pvgis_2016.csv,f85555e6674233b3b218da5349e0c3957c8db0d5b6e0d61691b049b827f71814,data/processed/ensemble_2050/rcp_2_6/weather_2050_rcp_2_6_pvgis_2016.metadata.json,3bb7209768baa1f929fbc891f1d5fe96e11b83622e488a3e9c893218925531b3,-5.5414551798,32.1949005411,11.7043803002,0.0000000000,960.3502283110,124.5555781205
weather_2050_rcp_2_6_pvgis_2017,rcp_2_6,2017,2041-2060,False,8760,2017-01-01T00:00:00+00:00,2017-12-31T23:00:00+00:00,data/processed/ensemble_2050/rcp_2_6/weather_2050_rcp_2_6_pvgis_2017.csv,75495e20533eb92a0b60b3b0f9b3276bdcdd14f34f86f56f37d05f4c5d70ee08,data/processed/ensemble_2050/rcp_2_6/weather_2050_rcp_2_6_pvgis_2017.metadata.json,6f0afef14db66fd3d0f99e4b0ea8fee091aae5a46cb1f71777125b2ed3acf91c,-5.0214551798,33.7863096336,12.1851525364,0.0000000000,996.7105224754,128.8620746080
weather_2050_rcp_2_6_pvgis_2018,rcp_2_6,2018,2041-2060,False,8760,2018-01-01T00:00:00+00:00,2018-12-31T23:00:00+00:00,data/processed/ensemble_2050/rcp_2_6/weather_2050_rcp_2_6_pvgis_2018.csv,361cfb1e9f393986f1657d401f9edc07c384bacc5637032fe2af2f369a0dd1b9,data/processed/ensemble_2050/rcp_2_6/weather_2050_rcp_2_6_pvgis_2018.metadata.json,cfa53027b58540f13238ab6bcdb72951efd8d12b134f82d4d30e9d70d4e18c79,-6.9054025742,35.4649005411,12.6504755958,0.0000000000,975.1802678581,141.6809192828
weather_2050_rcp_2_6_pvgis_2019,rcp_2_6,2019,2041-2060,False,8760,2019-01-01T00:00:00+00:00,2019-12-31T23:00:00+00:00,data/processed/ensemble_2050/rcp_2_6/weather_2050_rcp_2_6_pvgis_2019.csv,e810926c4f372f1bd10fb4780ab6f22703406f2cd9853eb7622f1ad4ea669f3f,data/processed/ensemble_2050/rcp_2_6/weather_2050_rcp_2_6_pvgis_2019.metadata.json,b4e73926f4076dc69dc111dad3f04cfb188fb30b7d9ae49f5d724a8389fd5b44,-4.4154025742,38.4762919360,12.3009025364,0.0000000000,998.8493633086,135.1932247555
weather_2050_rcp_2_6_pvgis_2020,rcp_2_6,2020,2041-2060,True,8784,2020-01-01T00:00:00+00:00,2020-12-31T23:00:00+00:00,data/processed/ensemble_2050/rcp_2_6/weather_2050_rcp_2_6_pvgis_2020.csv,3c4e4ea181572b05580b0522123962d9b9d4a062d16b2922a072bedc0541726c,data/processed/ensemble_2050/rcp_2_6/weather_2050_rcp_2_6_pvgis_2020.metadata.json,ecd9530d6ca219f70afb5c54f915f669102b3e4c54ffaedc6b0a60024c543765,-2.3051832499,35.6862919360,12.9396102638,0.0000000000,982.8080570596,140.8419628160
weather_2050_rcp_2_6_pvgis_2021,rcp_2_6,2021,2041-2060,False,8760,2021-01-01T00:00:00+00:00,2021-12-31T23:00:00+00:00,data/processed/ensemble_2050/rcp_2_6/weather_2050_rcp_2_6_pvgis_2021.csv,3295e9ebb54531a6d44a9d5f769c0c1773eafb4c2e4201e19fd5f6a8a8230f0e,data/processed/ensemble_2050/rcp_2_6/weather_2050_rcp_2_6_pvgis_2021.metadata.json,e2c297bf7eb736ffc65992fadeca113bfa998ea15340d135b2cc995b463542b8,-10.4954025742,30.7963096336,11.3470178332,0.0000000000,988.1551591426,129.8656535002
weather_2050_rcp_2_6_pvgis_2022,rcp_2_6,2022,2041-2060,False,8760,2022-01-01T00:00:00+00:00,2022-12-31T23:00:00+00:00,data/processed/ensemble_2050/rcp_2_6/weather_2050_rcp_2_6_pvgis_2022.csv,e8a1da6f442ede1c04390ff8dd3e4a2f06824905c0de14d928de9f1c8d0859ef,data/processed/ensemble_2050/rcp_2_6/weather_2050_rcp_2_6_pvgis_2022.metadata.json,1b73affcca449e397490e6da28ee295d83d76bdf6a083a295b1cfff40437d2e3,-5.2320340392,37.4762919360,12.9137518515,0.0000000000,987.0857387260,145.6830567689
weather_2050_rcp_2_6_pvgis_2023,rcp_2_6,2023,2041-2060,False,8760,2023-01-01T00:00:00+00:00,2023-12-31T23:00:00+00:00,data/processed/ensemble_2050/rcp_2_6/weather_2050_rcp_2_6_pvgis_2023.csv,fd1c31ac67160dbb505ed1aa56b5ea83bb61f706541fe689a24d9677800ef562,data/processed/ensemble_2050/rcp_2_6/weather_2050_rcp_2_6_pvgis_2023.metadata.json,568ddfcba233db2a8286f3a07306058830326fd9b825a0e452d4db11be3f3acd,-3.9554025742,31.6475121053,12.7944573309,0.0000000000,983.8774774762,133.7884131563
weather_2050_rcp_4_5_pvgis_2006,rcp_4_5,2006,2041-2060,False,8760,2006-01-01T00:00:00+00:00,2006-12-31T23:00:00+00:00,data/processed/ensemble_2050/rcp_4_5/weather_2050_rcp_4_5_pvgis_2006.csv,4532539918eae5a7adc55a106f6f30efcee5dca92624787d73e663edccdd120a,data/processed/ensemble_2050/rcp_4_5/weather_2050_rcp_4_5_pvgis_2006.metadata.json,7e5cb2b8bc716da41989486af2b9b66b08254a28cb67fa4385885e2b7e406e2a,-5.3443043819,34.5512933842,11.8095341616,0.0000000000,956.6194449847,127.8927384258
weather_2050_rcp_4_5_pvgis_2007,rcp_4_5,2007,2041-2060,False,8760,2007-01-01T00:00:00+00:00,2007-12-31T23:00:00+00:00,data/processed/ensemble_2050/rcp_4_5/weather_2050_rcp_4_5_pvgis_2007.csv,a86e67023dbeaf2008aa7b31e781c5a9b5492437a47092ade815b7232bf5976d,data/processed/ensemble_2050/rcp_4_5/weather_2050_rcp_4_5_pvgis_2007.metadata.json,dd7728bf51ee2088102ff6cfa28d4f7653a7df839dc31c1f6331ad44ee19dd23,-4.0338360760,28.7812933842,11.8446802803,0.0000000000,959.7286836007,123.3006675883
weather_2050_rcp_4_5_pvgis_2008,rcp_4_5,2008,2041-2060,True,8784,2008-01-01T00:00:00+00:00,2008-12-31T23:00:00+00:00,data/processed/ensemble_2050/rcp_4_5/weather_2050_rcp_4_5_pvgis_2008.csv,5f49332612af2397fba73f533ae4841f209202be2749d26b81faf054da9fe077,data/processed/ensemble_2050/rcp_4_5/weather_2050_rcp_4_5_pvgis_2008.metadata.json,4b15d71c8dd9ee02a3d8bd53ee311b475ec429661ec9659366355ff95210e3ca,-5.1538360760,30.1812933842,11.1728451824,0.0000000000,959.7286836007,121.2882950956
weather_2050_rcp_4_5_pvgis_2009,rcp_4_5,2009,2041-2060,False,8760,2009-01-01T00:00:00+00:00,2009-12-31T23:00:00+00:00,data/processed/ensemble_2050/rcp_4_5/weather_2050_rcp_4_5_pvgis_2009.csv,fd87a5353592e17ff73e8745874e02868940501d2a818d5f44b766cae4c10fb5,data/processed/ensemble_2050/rcp_4_5/weather_2050_rcp_4_5_pvgis_2009.metadata.json,af714e1bea7cb700a3dc8a43f59610aa67ae590f18f0769525ed75a639f72d4c,-10.1791245130,33.2390779207,11.3174017415,0.0000000000,952.3182112011,128.5379791706
weather_2050_rcp_4_5_pvgis_2010,rcp_4_5,2010,2041-2060,False,8760,2010-01-01T00:00:00+00:00,2010-12-31T23:00:00+00:00,data/processed/ensemble_2050/rcp_4_5/weather_2050_rcp_4_5_pvgis_2010.csv,3416443e514891f304ecef2314bdad3cde8ff897194b892e9c23e1f2e7f9b452,data/processed/ensemble_2050/rcp_4_5/weather_2050_rcp_4_5_pvgis_2010.metadata.json,026f1c1811c4d9afa6f463211a97f392e34d8bf233bf0f6994e895d3d37ec9cd,-9.3338360760,33.2212933842,10.0106734310,0.0000000000,968.0199865767,125.3601478319
weather_2050_rcp_4_5_pvgis_2011,rcp_4_5,2011,2041-2060,False,8760,2011-01-01T00:00:00+00:00,2011-12-31T23:00:00+00:00,data/processed/ensemble_2050/rcp_4_5/weather_2050_rcp_4_5_pvgis_2011.csv,7a2a1266e8d47bff10ab982f340509ec06ad98632958c57763dde2c642a66d3b,data/processed/ensemble_2050/rcp_4_5/weather_2050_rcp_4_5_pvgis_2011.metadata.json,42565a9fa9263d122772d18c3b694c7daaa19ca024be8605fc1718eab6924be9,-3.8019655703,32.2244040765,12.0166494584,0.0000000000,959.6129296659,129.0275234939
weather_2050_rcp_4_5_pvgis_2012,rcp_4_5,2012,2041-2060,True,8784,2012-01-01T00:00:00+00:00,2012-12-31T23:00:00+00:00,data/processed/ensemble_2050/rcp_4_5/weather_2050_rcp_4_5_pvgis_2012.csv,cdc9304c44daf789b695658e8f5b70dec7bf48f0ff8b6f055e81769511d1d04d,data/processed/ensemble_2050/rcp_4_5/weather_2050_rcp_4_5_pvgis_2012.metadata.json,0a6a559833c84a2b8ebaa9997f70d83dc92075e333ecfac24c12147944f5b974,-11.0219655703,33.4790779207,11.1218467762,0.0000000000,965.9471608327,123.9103026848
weather_2050_rcp_4_5_pvgis_2013,rcp_4_5,2013,2041-2060,False,8760,2013-01-01T00:00:00+00:00,2013-12-31T23:00:00+00:00,data/processed/ensemble_2050/rcp_4_5/weather_2050_rcp_4_5_pvgis_2013.csv,9133e2249921db801af8e068d7fb5baef92bba02e5c99a3a8c2206051ae00032,data/processed/ensemble_2050/rcp_4_5/weather_2050_rcp_4_5_pvgis_2013.metadata.json,412be413ffbc64d4f696ca60ebc93457fac13a53d1a26246d9e574643e90a67b,-13.0843043819,32.7890779207,10.6760250292,0.0000000000,977.2967765379,123.1390086654
weather_2050_rcp_4_5_pvgis_2014,rcp_4_5,2014,2041-2060,False,8760,2014-01-01T00:00:00+00:00,2014-12-31T23:00:00+00:00,data/processed/ensemble_2050/rcp_4_5/weather_2050_rcp_4_5_pvgis_2014.csv,c24796d93306af87ecf923fffe437641061a2372219139eb6c062d742b3bf62f,data/processed/ensemble_2050/rcp_4_5/weather_2050_rcp_4_5_pvgis_2014.metadata.json,4f4974cc2a4f7c518ab278302a0e18418c998fa4abf0a344f8d263b7798028a1,-9.2038360760,31.5512933842,12.3630113305,0.0000000000,958.6922707287,128.7028453065
weather_2050_rcp_4_5_pvgis_2015,rcp_4_5,2015,2041-2060,False,8760,2015-01-01T00:00:00+00:00,2015-12-31T23:00:00+00:00,data/processed/ensemble_2050/rcp_4_5/weather_2050_rcp_4_5_pvgis_2015.csv,baba3dbca59061fa472eb7c69224dd3b984b50c1fc619afd2053a2950c2bbcd4,data/processed/ensemble_2050/rcp_4_5/weather_2050_rcp_4_5_pvgis_2015.metadata.json,1216ce43ee394579ef927a986e1b8dd3776da86efac22904513f8ccada53f4bc,-4.3219655703,33.7612933842,11.7869759424,0.0000000000,967.9298145366,133.3858241348
weather_2050_rcp_4_5_pvgis_2016,rcp_4_5,2016,2041-2060,True,8784,2016-01-01T00:00:00+00:00,2016-12-31T23:00:00+00:00,data/processed/ensemble_2050/rcp_4_5/weather_2050_rcp_4_5_pvgis_2016.csv,155f04f416d4f9d78cc3da3f4c251e1238fb8c3063fd263ee3ac38adec0fa4e7,data/processed/ensemble_2050/rcp_4_5/weather_2050_rcp_4_5_pvgis_2016.metadata.json,8bcf37993f68a39a004ea642aef4146c81bcdc6712c8c7081440b218df365130,-5.4119655703,31.6290779207,11.5981855740,0.0000000000,930.7091231847,122.9517902259
weather_2050_rcp_4_5_pvgis_2017,rcp_4_5,2017,2041-2060,False,8760,2017-01-01T00:00:00+00:00,2017-12-31T23:00:00+00:00,data/processed/ensemble_2050/rcp_4_5/weather_2050_rcp_4_5_pvgis_2017.csv,9a71b7af56435a77cb7967a628053a0bcd07e66704b3a56d6421abd1c7f78aa5,data/processed/ensemble_2050/rcp_4_5/weather_2050_rcp_4_5_pvgis_2017.metadata.json,b19130e0bb41418bd85bed28ed8db7dbd088403a1f1051bb1bab03d2c8208de9,-4.7391245130,33.9044040765,12.0789040246,0.0000000000,965.9471608327,127.1346097492
weather_2050_rcp_4_5_pvgis_2018,rcp_4_5,2018,2041-2060,False,8760,2018-01-01T00:00:00+00:00,2018-12-31T23:00:00+00:00,data/processed/ensemble_2050/rcp_4_5/weather_2050_rcp_4_5_pvgis_2018.csv,f1cd6b211c74637a3bb2c50388defee18057d3e5c659d17c866393aa9700d243,data/processed/ensemble_2050/rcp_4_5/weather_2050_rcp_4_5_pvgis_2018.metadata.json,f4de8819db342365e908f44339b914c6c4079baa0f298d636e6eeaf1776aed57,-6.9919655703,35.1412933842,12.5442270840,0.0000000000,947.4145894407,140.0095294457
weather_2050_rcp_4_5_pvgis_2019,rcp_4_5,2019,2041-2060,False,8760,2019-01-01T00:00:00+00:00,2019-12-31T23:00:00+00:00,data/processed/ensemble_2050/rcp_4_5/weather_2050_rcp_4_5_pvgis_2019.csv,87e4fbe24c243ee335a5995fbee18a6503f63f2e209c039ea99c10d10c2b508f,data/processed/ensemble_2050/rcp_4_5/weather_2050_rcp_4_5_pvgis_2019.metadata.json,69a84d90e7aff61551bb77fbb9b5575c2408ff62270aa55e43633719798baf6e,-4.5019655703,38.1812933842,12.1946540246,0.0000000000,968.0199865767,133.4393263072
weather_2050_rcp_4_5_pvgis_2020,rcp_4_5,2020,2041-2060,True,8784,2020-01-01T00:00:00+00:00,2020-12-31T23:00:00+00:00,data/processed/ensemble_2050/rcp_4_5/weather_2050_rcp_4_5_pvgis_2020.csv,22b87437c98bde7fae4254f0a5be0bb03bf2f55550487a986c6f781cc91e05c2,data/processed/ensemble_2050/rcp_4_5/weather_2050_rcp_4_5_pvgis_2020.metadata.json,ae635286a682e59589e76561c6d6d8dc860762fd54aba8bce8b4c90a4dd7836d,-2.5043043819,35.3912933842,12.8334155376,0.0000000000,952.4737934967,139.0622175135
weather_2050_rcp_4_5_pvgis_2021,rcp_4_5,2021,2041-2060,False,8760,2021-01-01T00:00:00+00:00,2021-12-31T23:00:00+00:00,data/processed/ensemble_2050/rcp_4_5/weather_2050_rcp_4_5_pvgis_2021.csv,bdf0837c1d8f795dee5f01b503db5512dd9784f5ef1d10c3b23ade47eb0af9f9,data/processed/ensemble_2050/rcp_4_5/weather_2050_rcp_4_5_pvgis_2021.metadata.json,a5f5d6fbefbda4edc9394eb121a828671befbcbc129eaf7e2924bd7e729ab3e2,-10.5819655703,30.9144040765,11.2407693214,0.0000000000,978.3375500936,128.1546887721
weather_2050_rcp_4_5_pvgis_2022,rcp_4_5,2022,2041-2060,False,8760,2022-01-01T00:00:00+00:00,2022-12-31T23:00:00+00:00,data/processed/ensemble_2050/rcp_4_5/weather_2050_rcp_4_5_pvgis_2022.csv,4fd9f7983e1937fd9f234ef96f774c90e3917318eee20fa00c5a3890afdb8739,data/processed/ensemble_2050/rcp_4_5/weather_2050_rcp_4_5_pvgis_2022.metadata.json,2ceebf257dda9cc9fbeb8cb675d23b3d653555a4f49b6e4b5e362bc05b61bbe9,-5.0538360760,37.1812933842,12.8075033397,0.0000000000,956.6194449847,143.6747023733
weather_2050_rcp_4_5_pvgis_2023,rcp_4_5,2023,2041-2060,False,8760,2023-01-01T00:00:00+00:00,2023-12-31T23:00:00+00:00,data/processed/ensemble_2050/rcp_4_5/weather_2050_rcp_4_5_pvgis_2023.csv,c29b1fa1752d769753ffddbe692b63b4d388ebc160f401852af4df9eb028e227,data/processed/ensemble_2050/rcp_4_5/weather_2050_rcp_4_5_pvgis_2023.metadata.json,d82d4d64d4925bccf8ea9c2b3eca312c76d57ba8a42b8969aa946cf377e88139,-4.0419655703,30.6744040765,12.6882088191,0.0000000000,978.3375500936,131.9439328828
weather_2050_rcp_8_5_pvgis_2006,rcp_8_5,2006,2041-2060,False,8760,2006-01-01T00:00:00+00:00,2006-12-31T23:00:00+00:00,data/processed/ensemble_2050/rcp_8_5/weather_2050_rcp_8_5_pvgis_2006.csv,9662ef80486c1d5ac858e8ccd927ebf4ec8cb92c54468c7c4f35ac084937d57c,data/processed/ensemble_2050/rcp_8_5/weather_2050_rcp_8_5_pvgis_2006.metadata.json,851b28eb2a0d06637892d86ea12085310cebc9cd9f447aed0a2a9caf3cc166ad,-4.1924525501,34.8264091267,12.1321952592,0.0000000000,929.2417437601,126.0097182250
weather_2050_rcp_8_5_pvgis_2007,rcp_8_5,2007,2041-2060,False,8760,2007-01-01T00:00:00+00:00,2007-12-31T23:00:00+00:00,data/processed/ensemble_2050/rcp_8_5/weather_2050_rcp_8_5_pvgis_2007.csv,6df6dd08c33af8e30d4b343eb6b5503f221a11ee7b2beed144e97d6a68e8dfa2,data/processed/ensemble_2050/rcp_8_5/weather_2050_rcp_8_5_pvgis_2007.metadata.json,9ebfc6806e7a4aa3cf4a66c9c77ad3c5ef2fb04064a9b722927b22461e4a9cb2,-3.7188740283,29.0564091267,12.1673413779,0.0000000000,914.3400900980,121.7982640073
weather_2050_rcp_8_5_pvgis_2008,rcp_8_5,2008,2041-2060,True,8784,2008-01-01T00:00:00+00:00,2008-12-31T23:00:00+00:00,data/processed/ensemble_2050/rcp_8_5/weather_2050_rcp_8_5_pvgis_2008.csv,f00295f4e94e099f2fde7c2485d078f8bb031e2ff901af91116d4419d859ef94,data/processed/ensemble_2050/rcp_8_5/weather_2050_rcp_8_5_pvgis_2008.metadata.json,0dfd08801155e3993204168f2d24caf866ae031a7dad49cd109bb53c2339c3e3,-4.3977844621,30.4564091267,11.4986050120,0.0000000000,939.3201783081,119.2755705074
weather_2050_rcp_8_5_pvgis_2009,rcp_8_5,2009,2041-2060,False,8760,2009-01-01T00:00:00+00:00,2009-12-31T23:00:00+00:00,data/processed/ensemble_2050/rcp_8_5/weather_2050_rcp_8_5_pvgis_2009.csv,5922cb919f80983d9fe52be63d27a662eeefe5a8017cd793704a15f7c38aa803,data/processed/ensemble_2050/rcp_8_5/weather_2050_rcp_8_5_pvgis_2009.metadata.json,703a209a741e8c865a562af07f0e698f05085babd430a9ebd284b567ced1fb21,-9.9288740283,33.6699050116,11.6400628391,0.0000000000,933.2731175793,126.6439597113
weather_2050_rcp_8_5_pvgis_2010,rcp_8_5,2010,2041-2060,False,8760,2010-01-01T00:00:00+00:00,2010-12-31T23:00:00+00:00,data/processed/ensemble_2050/rcp_8_5/weather_2050_rcp_8_5_pvgis_2010.csv,83d75f45c6683d8fe2138d671f5b4f79d927429f86e3bde8a5016b99c9b3e3d4,data/processed/ensemble_2050/rcp_8_5/weather_2050_rcp_8_5_pvgis_2010.metadata.json,2998336a4f3150f877724bf673e4d28622e77ca28bedca890398d9114997e905,-8.5777844621,33.4964091267,10.3333345286,0.0000000000,922.2392712308,123.5643447632
weather_2050_rcp_8_5_pvgis_2011,rcp_8_5,2011,2041-2060,False,8760,2011-01-01T00:00:00+00:00,2011-12-31T23:00:00+00:00,data/processed/ensemble_2050/rcp_8_5/weather_2050_rcp_8_5_pvgis_2011.csv,d5f5d7953ff24ab6e26c0bf0a5be1dfd88252de3425e9f2ce40b1945cbb0d26d,data/processed/ensemble_2050/rcp_8_5/weather_2050_rcp_8_5_pvgis_2011.metadata.json,8dfd65edf66151e52fcbb6002a7957e1c8f47bde65b455820e437d08c1daf972,-2.8888740283,31.1602220436,12.3393105560,0.0000000000,951.4142997657,127.1957290373
weather_2050_rcp_8_5_pvgis_2012,rcp_8_5,2012,2041-2060,True,8784,2012-01-01T00:00:00+00:00,2012-12-31T23:00:00+00:00,data/processed/ensemble_2050/rcp_8_5/weather_2050_rcp_8_5_pvgis_2012.csv,73f424b56245f7b78a44578a577485bbfc446be35acc769725d14af6f74083bb,data/processed/ensemble_2050/rcp_8_5/weather_2050_rcp_8_5_pvgis_2012.metadata.json,2eafdaaf43b3b4adc7212861f06ec61080f3691d40ea61de5ff235db7eb3473d,-9.5651685474,33.9099050116,11.4476066058,0.0000000000,920.2644759476,122.0261548046
weather_2050_rcp_8_5_pvgis_2013,rcp_8_5,2013,2041-2060,False,8760,2013-01-01T00:00:00+00:00,2013-12-31T23:00:00+00:00,data/processed/ensemble_2050/rcp_8_5/weather_2050_rcp_8_5_pvgis_2013.csv,0c6ab13b7e8d4374fb5e0c7d8ec978d2f15280a99366498855cecab4d95f4a37,data/processed/ensemble_2050/rcp_8_5/weather_2050_rcp_8_5_pvgis_2013.metadata.json,7d7fad55b17512eae87b96d6d21f2805d8ac3ca7361e0c38b909ed2322784af4,-11.9324525501,33.2199050116,10.9986861268,0.0000000000,931.2574306697,121.5367896083
weather_2050_rcp_8_5_pvgis_2014,rcp_8_5,2014,2041-2060,False,8760,2014-01-01T00:00:00+00:00,2014-12-31T23:00:00+00:00,data/processed/ensemble_2050/rcp_8_5/weather_2050_rcp_8_5_pvgis_2014.csv,413b00ac66b0f3ffa91968943ea11b2acd14af15cb824663a17342a94662bd78,data/processed/ensemble_2050/rcp_8_5/weather_2050_rcp_8_5_pvgis_2014.metadata.json,0a6f1225fc471868e55563895cd69be12e38cbfae0ad33e6ea9f9f760a74f881,-8.4477844621,31.8264091267,12.6856724282,0.0000000000,928.2339003053,126.7864054838
weather_2050_rcp_8_5_pvgis_2015,rcp_8_5,2015,2041-2060,False,8760,2015-01-01T00:00:00+00:00,2015-12-31T23:00:00+00:00,data/processed/ensemble_2050/rcp_8_5/weather_2050_rcp_8_5_pvgis_2015.csv,29c8b39880bb51d931594bf3b360b669f91b90279ac28e85414a4f3f841520e0,data/processed/ensemble_2050/rcp_8_5/weather_2050_rcp_8_5_pvgis_2015.metadata.json,2c3a80581cf44dbc56da42b6482e5a3f0c6314eda38bdbe77f162c875cc8ff2e,-2.8651685474,34.0364091267,12.1096370400,0.0000000000,920.5758218533,131.3339392741
weather_2050_rcp_8_5_pvgis_2016,rcp_8_5,2016,2041-2060,True,8784,2016-01-01T00:00:00+00:00,2016-12-31T23:00:00+00:00,data/processed/ensemble_2050/rcp_8_5/weather_2050_rcp_8_5_pvgis_2016.csv,53a30a2eddacc26c9bf7e83f0491bee18b1f9b3d58099faa3f5c4bd9dfc297d2,data/processed/ensemble_2050/rcp_8_5/weather_2050_rcp_8_5_pvgis_2016.metadata.json,8a22656619d215cc6c2e1fd03748f5a82442fc62fdb013b779b91f9fa080f853,-5.0088740283,32.0599050116,11.9239454036,0.0000000000,909.0848746641,121.2031200807
weather_2050_rcp_8_5_pvgis_2017,rcp_8_5,2017,2041-2060,False,8760,2017-01-01T00:00:00+00:00,2017-12-31T23:00:00+00:00,data/processed/ensemble_2050/rcp_8_5/weather_2050_rcp_8_5_pvgis_2017.csv,6c415e1105f55a76428b491b7555c8322389473a8b80dc469c15e5140b75ce67,data/processed/ensemble_2050/rcp_8_5/weather_2050_rcp_8_5_pvgis_2017.metadata.json,f90d4b3512be6e653f1209ca6775453d5934e025e1e3ecd0afc9bba559712c77,-4.4888740283,32.8402220436,12.4015651222,0.0000000000,923.1946830313,125.1020017765
weather_2050_rcp_8_5_pvgis_2018,rcp_8_5,2018,2041-2060,False,8760,2018-01-01T00:00:00+00:00,2018-12-31T23:00:00+00:00,data/processed/ensemble_2050/rcp_8_5/weather_2050_rcp_8_5_pvgis_2018.csv,cb1f26c034fd52299e135c9e8cb01ddecf75b316b293183fd33c513b38e62ebe,data/processed/ensemble_2050/rcp_8_5/weather_2050_rcp_8_5_pvgis_2018.metadata.json,4f5315d94bbb36ba08804773d6b8091854d9ae052bebdbeab5216635b19e58be,-5.5351685474,35.4164091267,12.8668881816,0.0000000000,939.3201783081,137.5889630894
weather_2050_rcp_8_5_pvgis_2019,rcp_8_5,2019,2041-2060,False,8760,2019-01-01T00:00:00+00:00,2019-12-31T23:00:00+00:00,data/processed/ensemble_2050/rcp_8_5/weather_2050_rcp_8_5_pvgis_2019.csv,b4e238ddd59e771f25225b209035870888538e2e80b6d5a379646eaffe228d84,data/processed/ensemble_2050/rcp_8_5/weather_2050_rcp_8_5_pvgis_2019.metadata.json,bb8b4465705651f5229a5244b09a4a79cfafd1c0b7da376bf2ae7b16fbf386c1,-3.5288740283,38.4564091267,12.5173151222,0.0000000000,923.1946830313,131.3386860923
weather_2050_rcp_8_5_pvgis_2020,rcp_8_5,2020,2041-2060,True,8784,2020-01-01T00:00:00+00:00,2020-12-31T23:00:00+00:00,data/processed/ensemble_2050/rcp_8_5/weather_2050_rcp_8_5_pvgis_2020.csv,27655120fc9c58b473e10ee9b70e2907ff61c9fa0f66306afbb8706f7fc5c9dc,data/processed/ensemble_2050/rcp_8_5/weather_2050_rcp_8_5_pvgis_2020.metadata.json,3eb0de0e10771e37ea57eb9ae6f787a02946e075846b4ea6ed5096cb7aeb96e5,-1.5020174210,35.6664091267,13.1591753672,0.0000000000,907.4283066068,137.0668881536
weather_2050_rcp_8_5_pvgis_2021,rcp_8_5,2021,2041-2060,False,8760,2021-01-01T00:00:00+00:00,2021-12-31T23:00:00+00:00,data/processed/ensemble_2050/rcp_8_5/weather_2050_rcp_8_5_pvgis_2021.csv,c75a9a2fef614b482b2ef42c1cd5fb5a8e41a79548891ffb35cfcbb050a01141,data/processed/ensemble_2050/rcp_8_5/weather_2050_rcp_8_5_pvgis_2021.metadata.json,d9464b9b384ef7420ee80cc141b3a60b89fde1b62134cb73a56257ee1a3001f7,-9.1251685474,29.8502220436,11.5634304190,0.0000000000,930.4743801683,126.1503670929
weather_2050_rcp_8_5_pvgis_2022,rcp_8_5,2022,2041-2060,False,8760,2022-01-01T00:00:00+00:00,2022-12-31T23:00:00+00:00,data/processed/ensemble_2050/rcp_8_5/weather_2050_rcp_8_5_pvgis_2022.csv,02435a1f2d15ccdd6f5a6babb81543febc60227ca74a47f18a8fd2ffa0e4b452,data/processed/ensemble_2050/rcp_8_5/weather_2050_rcp_8_5_pvgis_2022.metadata.json,23bcde0c5155c5b27e904183ac718f9d1a915fb826be7bc9cefc1006a5d5e5af,-4.2977844621,37.4564091267,13.1301644373,0.0000000000,919.1633092121,141.4817653353
weather_2050_rcp_8_5_pvgis_2023,rcp_8_5,2023,2041-2060,False,8760,2023-01-01T00:00:00+00:00,2023-12-31T23:00:00+00:00,data/processed/ensemble_2050/rcp_8_5/weather_2050_rcp_8_5_pvgis_2023.csv,038ded596464c039c3d53d57924d622472a09629da07d951a4b8652e9e6b5229,data/processed/ensemble_2050/rcp_8_5/weather_2050_rcp_8_5_pvgis_2023.metadata.json,6934ed3dcf6a1f2362ec8b011167f9b8635f63c6c687841355152e612ffe682b,-2.5851685474,30.9728692740,13.0108699167,0.0000000000,930.4743801683,129.5378594799
