assumption_id,category,parameter_name,symbol_or_field,scope_or_key,value_numeric,value_text,unit,sensitivity_low,sensitivity_high,formula_or_rule,evidence_classification,source_title,source_url,source_path,source_locator,rationale,applicability,limitation,uncertainty_treatment,accessed_on
scope.model_topology,scope,Thermal network,model_topology,global,,single-zone 5R1C,,,,,user_scope_decision,ISO 13790:2008 — Energy performance of buildings — Calculation of energy use for space heating and cooling,https://www.iso.org/standard/41974.html,,Clause 12.2 and Annex C,"The ISO simple hourly method provides a transparent, low-order model suitable for dwelling-archetype Monte Carlo simulation.",All simulations,Inter-room temperature differences and zone-specific solar gains are not represented.,Fixed in the central case,2026-07-29
scope.end_uses,scope,Modelled end uses,end_uses,global,,space heating and sensible space cooling,,,,,user_scope_decision,ISO 13790:2008 — Energy performance of buildings — Calculation of energy use for space heating and cooling,https://www.iso.org/standard/41974.html,,Title and Clause 1,Matches the thesis demand-model scope.,All simulations,"Domestic hot water, latent cooling, humidity, and HVAC auxiliaries are excluded.",Fixed in the central case,2026-07-29
scope.standard_basis,scope,Calculation-method basis,standard_basis,global,,ISO 13790:2008 simple hourly method,,,,,method_selection,ISO 13790:2008 — Energy performance of buildings — Calculation of energy use for space heating and cooling,https://www.iso.org/standard/41974.html,,Annex C,This is the published 5R1C formulation used by the thesis.,All simulations,ISO 13790:2008 is withdrawn and superseded by ISO 52016-1:2017; the older method is retained deliberately for transparent 5R1C comparability.,Fixed in the central case,2026-07-29
solver.timestep,solver,Simulation time step,dt,global,3600,,s,,,,normative_constant,ISO 13790:2008 — Energy performance of buildings — Calculation of energy use for space heating and cooling,https://www.iso.org/standard/41974.html,,"Annex C, simple hourly method","Matches hourly weather, occupancy, electricity, and demand outputs.",All simulations,,Fixed in the central case,2026-07-29
solver.integration,solver,Mass-node integration,integration_scheme,global,,Crank-Nicolson,,,,,normative_method,ISO 13790:2008 — Energy performance of buildings — Calculation of energy use for space heating and cooling,https://www.iso.org/standard/41974.html,,"Annex C.3, Eq. C.4 to C.11",Uses the standard centred one-hour update for the thermal-mass node.,All simulations,,Fixed in the central case,2026-07-29
solver.controller,solver,Heating/cooling controller,controller,global,,ideal unlimited load,,,,,user_scope_decision,ISO 13790:2008 — Energy performance of buildings — Calculation of energy use for space heating and cooling,https://www.iso.org/standard/41974.html,,Annex C.4,"Demand is the power needed to maintain the setpoint, independent of emitter or plant sizing.",All simulations,"Capacity limits, cycling, ramp rates, distribution losses, and plant efficiency are outside the thermal-demand model.",Fixed in the central case,2026-07-29
solver.test_load,solver,Ideal-load interpolation test power density,phi_HC_nd_10_per_Af,global,10,,W/m2,,,,normative_constant,ISO 13790:2008 — Energy performance of buildings — Calculation of energy use for space heating and cooling,https://www.iso.org/standard/41974.html,,"Annex C.4, Eq. C.13",ISO test load used to linearly interpolate the unrestricted load required to reach the setpoint.,All simulations,,Fixed in the central case,2026-07-29
solver.load_sign,solver,Internal load sign convention,phi_HC_nd,global,,heating positive; cooling negative,,,,,model_assumption,,,,,Matches the ISO balance equations and keeps a single signed heat-flow variable.,Internal solver,Published heating_demand_W and cooling_demand_W outputs must be separate non-negative series.,Fixed in the central case,2026-07-29
solver.warmup_initial,solver,First-pass initial mass temperature,theta_m_initial,global,20,,degC,,,,model_assumption,TABULA Calculation Method — Energy Use for Heating and Domestic Hot Water,https://episcope.eu/fileadmin/tabula/public/docs/report/TABULA_CommonCalculationMethod.pdf,,"Page 7, Table 1 (20 degC reference internal temperature)",A neutral residential initial condition is required only to start cyclic convergence.,All simulations,,Fixed in the central case,2026-07-29
solver.warmup_method,solver,Initial-condition removal,warmup_method,global,,repeat the complete weather year to a periodic mass-node state,,,,"After each pass, use theta_m,end as the next theta_m,initial; accept when abs(theta_m,end - theta_m,initial) <= tolerance.",model_assumption,,,,,Makes annual results independent of the arbitrary first-pass temperature without discarding calendar hours.,All simulations,Assumes the reference year repeats periodically.,Fixed in the central case,2026-07-29
solver.warmup_tolerance,solver,Periodic mass-temperature tolerance,warmup_tolerance,global,0.01,,K,,,,numerical_assumption,,,,,A tight scalar-state tolerance makes residual initialization effects negligible relative to other uncertainties.,All simulations,,Fixed in the central case,2026-07-29
solver.warmup_max_cycles,solver,Maximum yearly warm-up cycles,warmup_max_cycles,global,10,,year cycles,,,,numerical_assumption,,,,,A guard against non-convergence; a 5R1C dwelling should converge far sooner.,All simulations,"Failure to converge is a hard validation error, not a silently accepted result.",Fixed in the central case,2026-07-29
solver.leap_year,solver,Calendar-length handling,n_timesteps,global,,accept 8760 or 8784 hourly records,,,,Weather and all schedules must have identical timestamps and length; do not drop February 29 silently.,model_assumption,,,,,Preserves alignment between climate and behavioural inputs.,All simulations,,Fixed in the central case,2026-07-29
control.temperature_node,control,Controlled temperature,theta_air,global,,indoor air temperature,,,,,normative_method,ISO 13790:2008 — Energy performance of buildings — Calculation of energy use for space heating and cooling,https://www.iso.org/standard/41974.html,,Annex C.4,The standard ideal-load procedure directly tests the air-temperature setpoint.,All simulations,"Operative-temperature comfort is reported separately, not controlled in the central case.",Fixed in the central case,2026-07-29
control.heating_reference,control,Reference heating setpoint,theta_set_heat,global,20,,degC,,,,TABULA_reference_assumption,TABULA Calculation Method — Energy Use for Heating and Domestic Hot Water,https://episcope.eu/fileadmin/tabula/public/docs/report/TABULA_CommonCalculationMethod.pdf,,"Page 7, Table 1",Provides the deterministic validation default.,Validation runs; production schedule is supplied hourly,,Replace with the occupancy-based schedule in the behavioural wrapper.,2026-07-29
control.cooling_reference,control,Reference cooling setpoint,theta_set_cool,global,26,,degC,,,,normative_reference_value,ISO 13790:2008 — Energy performance of buildings — Calculation of energy use for space heating and cooling,https://www.iso.org/standard/41974.html,,"Annex G, Table G.12, residential examples",Provides an explicit sensible-cooling default for deterministic tests.,Validation runs; production schedule may be supplied hourly,,Treat occupant cooling preference as a later behavioural uncertainty if included.,2026-07-29
control.setpoint_invariant,control,Setpoint dead-band invariant,setpoint_validation,global,,theta_set_heat <= theta_set_cool,,,,Reject any hour for which theta_set_heat > theta_set_cool.,physical_invariant,,,,,Prevents simultaneous heating and cooling demand.,All simulations,,Fixed in the central case,2026-07-29
output.operative_weight_air,output,Operative-temperature air weight,w_air,global,0.3,,1,,,,normative_constant,ISO 13790:2008 — Energy performance of buildings — Calculation of energy use for space heating and cooling,https://www.iso.org/standard/41974.html,,"Annex C, Eq. C.12",Supports a comfort-oriented diagnostic output.,All simulations,,Fixed in the central case,2026-07-29
output.operative_weight_surface,output,Operative-temperature surface weight,w_surface,global,0.7,,1,,,theta_op = 0.3 * theta_air + 0.7 * theta_s,normative_constant,ISO 13790:2008 — Energy performance of buildings — Calculation of energy use for space heating and cooling,https://www.iso.org/standard/41974.html,,"Annex C, Eq. C.12",Completes the operative-temperature diagnostic definition.,All simulations,,Fixed in the central case,2026-07-29
network.total_surface_ratio,5R1C_network,Total internal surface-area ratio,A_t / A_f,global,4.5,,m2/m2,,,A_t = 4.5 * A_f,normative_constant,ISO 13790:2008 — Energy performance of buildings — Calculation of energy use for space heating and cooling,https://www.iso.org/standard/41974.html,,"Clause 7.2.2.2, Eq. 9",ISO default when detailed internal surface areas are unavailable.,All simulations,,Fixed in the central case,2026-07-29
network.air_surface_coefficient,5R1C_network,Air-to-surface heat-transfer coefficient,h_is,global,3.45,,W/m2K,,,"H_tr,is = h_is * A_t",normative_constant,ISO 13790:2008 — Energy performance of buildings — Calculation of energy use for space heating and cooling,https://www.iso.org/standard/41974.html,,"Clause 7.2.2.2, Eq. 9",Required conductance for the air/surface branch.,All simulations,,Fixed in the central case,2026-07-29
network.mass_class,thermal_mass,Central thermal-mass class,mass_class,global,,medium,,,,,derived_mapping,TABULA Calculation Method — Energy Use for Heating and Domestic Hot Water,https://episcope.eu/fileadmin/tabula/public/docs/report/TABULA_CommonCalculationMethod.pdf,,"Page 7, Table 1 (45 Wh/m2K); cross-check ISO 13790 Table 12","TABULA's 45 Wh/m2K equals 162,000 J/m2K, closely matching the ISO medium class at 165,000 J/m2K.",All simulations,"Belgian archetypes do not identify construction mass class, so one stock-wide central class is used.",Sensitivity range spans ISO light to heavy classes.,2026-07-29
network.mass_capacitance_ratio,thermal_mass,Effective thermal capacitance per floor area,C_m / A_f,global,165000,,J/m2K,110000,260000,C_m = 165000 * A_f,normative_class_value,ISO 13790:2008 — Energy performance of buildings — Calculation of energy use for space heating and cooling,https://www.iso.org/standard/41974.html,,"Table 12, medium class; light and heavy classes bound sensitivity",Defines thermal inertia consistently with the selected medium class.,All simulations,,"Use 110,000 J/m2K (light) and 260,000 J/m2K (heavy) as deterministic sensitivity cases.",2026-07-29
network.effective_mass_area_ratio,thermal_mass,Effective mass-area ratio,A_m / A_f,global,2.5,,m2/m2,2.5,3,A_m = 2.5 * A_f,normative_class_value,ISO 13790:2008 — Energy performance of buildings — Calculation of energy use for space heating and cooling,https://www.iso.org/standard/41974.html,,"Table 12, medium class; heavy class gives 3.0",Required to divide radiative gains and construct the mass branch.,All simulations,,Use the class-consistent value: 2.5 for light/medium and 3.0 for heavy.,2026-07-29
network.mass_surface_coefficient,5R1C_network,Mass-to-surface heat-transfer coefficient,h_ms,global,9.1,,W/m2K,,,"H_tr,ms = h_ms * A_m",normative_constant,ISO 13790:2008 — Energy performance of buildings — Calculation of energy use for space heating and cooling,https://www.iso.org/standard/41974.html,,"Clause 12.2.2, Eq. 64",Required conductance between the surface and mass nodes.,All simulations,,Fixed in the central case,2026-07-29
network.window_conductance,5R1C_network,Window transmission conductance,"H_tr,w",global,,derived per archetype,W/K,,,"H_tr,w = U_window * A_window,total",derived_from_project_input,Belgian national base physical archetype matrix,,BE_building_stock/data/matrices/national/base_physical_archetype_matrix.csv,U_window_W_m2K and windows_total_m2 columns,Windows form the ISO direct air/surface transmission branch.,All simulations,Doors remain in the opaque branch because no separate lightweight-door treatment is supported by the archetype data.,Fixed in the central case,2026-07-29
network.opaque_conductance,5R1C_network,Corrected opaque transmission conductance,"H_tr,op",global,,derived per archetype,W/K,,,"H_tr,op = sum_i(A_i * b_tr,i / (1/U_i + R_add,i)) for opaque exterior, ground, and unheated-space elements",derived_from_project_input,TABULA Calculation Method — Energy Use for Heating and Domestic Hot Water,https://episcope.eu/fileadmin/tabula/public/docs/report/TABULA_CommonCalculationMethod.pdf,,"Pages 9–10, Eq. 4, Table 2, and effective U-value definition",Applies the TABULA boundary corrections before constructing the ISO mass branch.,All simulations,,Fixed in the central case,2026-07-29
network.external_mass_conductance,5R1C_network,Exterior-to-mass equivalent conductance,"H_tr,em",global,,derived per archetype,W/K,,,"H_tr,em = 1 / (1/H_tr,op - 1/H_tr,ms)",normative_equation,ISO 13790:2008 — Energy performance of buildings — Calculation of energy use for space heating and cooling,https://www.iso.org/standard/41974.html,,"Annex C, Eq. C.4 network definitions",Completes the 5R1C opaque-envelope branch.,All simulations,"Require H_tr,op < H_tr,ms; otherwise raise a parameter-validation error.",Fixed in the central case,2026-07-29
network.gain_air_fraction,gain_splitting,Internal gains delivered directly to air,Phi_ia / Phi_int,global,0.5,,1,,,Phi_ia = 0.5 * Phi_int,normative_constant,ISO 13790:2008 — Energy performance of buildings — Calculation of energy use for space heating and cooling,https://www.iso.org/standard/41974.html,,"Annex C.2, Eq. C.1",ISO split for the 5R1C simple hourly method.,All simulations,,Fixed in the central case,2026-07-29
network.gain_mass_fraction,gain_splitting,Surface gains assigned to mass node,Phi_m,global,,derived hourly,W,,,Phi_m = (A_m/A_t) * (0.5 * Phi_int + Phi_sol),normative_equation,ISO 13790:2008 — Energy performance of buildings — Calculation of energy use for space heating and cooling,https://www.iso.org/standard/41974.html,,"Annex C.2, Eq. C.2",Completes the standard gain split without introducing a separate empirical radiative fraction.,All simulations,,Fixed in the central case,2026-07-29
network.gain_surface_fraction,gain_splitting,Remaining gains assigned to surface node,Phi_st,global,,derived hourly,W,,,"Phi_st = (1 - A_m/A_t - H_tr,w/(9.1*A_t)) * (0.5 * Phi_int + Phi_sol)",normative_equation,ISO 13790:2008 — Energy performance of buildings — Calculation of energy use for space heating and cooling,https://www.iso.org/standard/41974.html,,"Annex C.2, Eq. C.3",Completes the ISO 5R1C solar and internal-gain allocation.,All simulations,,Fixed in the central case,2026-07-29
boundary.exterior,boundary_correction,Exterior-air boundary,R_add; b_tr,Ext,,R_add=0; b_tr=1,m2K/W; 1,,,U_eff = 1/(1/U + R_add); H = A * U_eff * b_tr,TABULA_reference_assumption,TABULA Calculation Method — Energy Use for Heating and Domestic Hot Water,https://episcope.eu/fileadmin/tabula/public/docs/report/TABULA_CommonCalculationMethod.pdf,,"Page 9, Table 2","Reference treatment for facades, roofs, doors, and other elements directly exposed to outside air.",All simulations,,Fixed in the central case,2026-07-29
boundary.unheated_room,boundary_correction,Boundary to unheated room,R_add; b_tr,Unh,,R_add=0.3; b_tr=1,m2K/W; 1,,,U_eff = 1/(1/U + 0.3),TABULA_reference_assumption,TABULA Calculation Method — Energy Use for Heating and Domestic Hot Water,https://episcope.eu/fileadmin/tabula/public/docs/report/TABULA_CommonCalculationMethod.pdf,,"Page 9, Table 2",Applied to exterior_wall_bordering_unheated_neighboring_spaces_m2.,All simulations,,Fixed in the central case,2026-07-29
boundary.unheated_cellar,boundary_correction,Floor over unheated cellar/space,R_add; b_tr,Cellar,,R_add=0.3; b_tr=0.5,m2K/W; 1,,,H = A * (1/(1/U + 0.3)) * 0.5,TABULA_reference_assumption,TABULA Calculation Method — Energy Use for Heating and Domestic Hot Water,https://episcope.eu/fileadmin/tabula/public/docs/report/TABULA_CommonCalculationMethod.pdf,,"Page 9, Table 2",Applied to floor_bordering_unheated_neighboring_spaces_m2.,All simulations,,Fixed in the central case,2026-07-29
boundary.soil,boundary_correction,Floor on soil,R_add; b_tr,Soil,,R_add=0; b_tr=0.5,m2K/W; 1,,,H = A * U_floor * 0.5,TABULA_reference_assumption,TABULA Calculation Method — Energy Use for Heating and Domestic Hot Water,https://episcope.eu/fileadmin/tabula/public/docs/report/TABULA_CommonCalculationMethod.pdf,,"Page 9, Table 2",Applied to floor_on_soil_m2.,All simulations,A fixed reduction factor does not represent dynamic ground temperature or slab geometry.,Fixed in the central case,2026-07-29
boundary.party_elements,boundary_correction,Party walls/floors,H_party,global,0,,W/K,,,,geometry_contract,Belgian national base physical archetype matrix,,BE_building_stock/data/matrices/national/base_physical_archetype_matrix.csv,Exposed-envelope area columns,Shared elements are not included in exposed-envelope areas and are treated as adiabatic.,All simulations,Heat transfer to differently conditioned neighbouring dwellings is not represented.,Fixed in the central case,2026-07-29
boundary.thermal_bridges,boundary_correction,Thermal-bridge surcharge,Delta_U_tbr,global,0,,W/m2K,,,Do not add a global Delta_U or sum(Psi * L).,Belgian_TABULA_scope,Belgian Building Typologies — National Scientific Report (VITO/TABULA),https://episcope.eu/fileadmin/tabula/public/docs/scientific/BE_TABULA_ScientificReport_VITO.pdf,,"Section 4.2.3, printed page 44 / PDF page 55",The Belgian TABULA typology explicitly states that thermal bridges were not taken into account; no consistent archetype-level Belgian junction data are available.,All simulations,Transmission losses will be underestimated where thermal bridges are material.,Record as a structural limitation; do not invent a stock-wide correction in the central model.,2026-07-29
solar.glazing_single,solar,Normal-incidence total solar energy transmittance,g_n,U_window=5.0 W/m2K; pre-1971 single glazing,0.85,,1,,,,derived_mapping,ISO 13790:2008 — Energy performance of buildings — Calculation of energy use for space heating and cooling,https://www.iso.org/standard/41974.html,,"Annex G, Table G.1 (single glazing); Belgian mapping: VITO report Table 10, printed pages 47–48 / PDF pages 58–59",Combines the Belgian glazing description with the ISO default g-value for that glazing type.,All simulations,,Fixed in the central case,2026-07-29
solar.glazing_double,solar,Normal-incidence total solar energy transmittance,g_n,U_window=3.5 W/m2K; 1971–2005 double glazing,0.75,,1,,,,derived_mapping,ISO 13790:2008 — Energy performance of buildings — Calculation of energy use for space heating and cooling,https://www.iso.org/standard/41974.html,,"Annex G, Table G.1 (double glazing); Belgian mapping: VITO report Table 10, printed pages 47–48 / PDF pages 58–59",Combines the Belgian glazing description with the ISO default g-value for that glazing type.,All simulations,,Fixed in the central case,2026-07-29
solar.glazing_low_e_2_0,solar,Normal-incidence total solar energy transmittance,g_n,U_window=2.0 W/m2K; post-2005/EPB2010 high-performance double glazing,0.67,,1,,,,derived_mapping,ISO 13790:2008 — Energy performance of buildings — Calculation of energy use for space heating and cooling,https://www.iso.org/standard/41974.html,,"Annex G, Table G.1 (double selective low-e glazing); Belgian mapping: VITO report Table 10, printed pages 47–48 / PDF pages 58–59",The Belgian report specifies high-performance glazing with Ug=1.1 W/m2K; ISO low-e double glazing is the closest published class.,All simulations,,Fixed in the central case,2026-07-29
solar.glazing_low_e_1_6,solar,Normal-incidence total solar energy transmittance,g_n,U_window=1.6 W/m2K; Low Energy package,0.67,,1,,,,derived_mapping,ISO 13790:2008 — Energy performance of buildings — Calculation of energy use for space heating and cooling,https://www.iso.org/standard/41974.html,,"Annex G, Table G.1 (double selective low-e glazing); Belgian mapping: VITO report Table 10, printed pages 47–48 / PDF pages 58–59",The improved whole-window U-value is attributed to the frame while the Belgian package retains Ug=1.1 glazing.,All simulations,,Fixed in the central case,2026-07-29
solar.frame_fraction,solar,Window frame-area fraction,F_F,global,0.3,,1,0.2,0.3,A_glazing = A_window * (1 - F_F),TABULA_reference_assumption,TABULA Calculation Method — Energy Use for Heating and Domestic Hot Water,https://episcope.eu/fileadmin/tabula/public/docs/report/TABULA_CommonCalculationMethod.pdf,,"Page 7, Table 1",Prevents the total window opening from being treated as transparent glazing.,All simulations,,Use 0.2–0.3 as a sensitivity range if solar assumptions are tested.,2026-07-29
solar.non_normal_factor,solar,Non-normal incidence reduction factor,F_W,global,0.9,,1,,,,TABULA_reference_assumption,TABULA Calculation Method — Energy Use for Heating and Domestic Hot Water,https://episcope.eu/fileadmin/tabula/public/docs/report/TABULA_CommonCalculationMethod.pdf,,"Page 7, Table 1",Reduces normal-incidence g-values for real incidence-angle distributions.,All simulations,,Fixed in the central case,2026-07-29
solar.external_shading_vertical,solar,Fixed external shading factor,F_sh,vertical windows,0.6,,1,0.6,1,,TABULA_reference_assumption,TABULA Calculation Method — Energy Use for Heating and Domestic Hot Water,https://episcope.eu/fileadmin/tabula/public/docs/report/TABULA_CommonCalculationMethod.pdf,,"Page 7, Table 1",Represents aggregate obstruction and external shading in the reference calculation.,All simulations,"Does not resolve orientation-specific urban form, blinds, or time-varying occupant action.",Use 0.6–1.0 as a deterministic sensitivity range; central case remains 0.6.,2026-07-29
solar.external_shading_horizontal,solar,Fixed external shading factor,F_sh,horizontal glazing,0.8,,1,,,,TABULA_reference_assumption,TABULA Calculation Method — Energy Use for Heating and Domestic Hot Water,https://episcope.eu/fileadmin/tabula/public/docs/report/TABULA_CommonCalculationMethod.pdf,,"Page 7, Table 1",Completes the TABULA shading contract.,Only if horizontal glazing is added; current archetypes provide vertical facade windows only.,,Fixed in the central case,2026-07-29
solar.gain_equation,solar,Transmitted window solar gains,Phi_sol,global,,derived hourly by orientation,W,,,Phi_sol = sum_orientation(I_facade * A_window * (1-F_F) * g_n * F_W * F_sh),derived_equation,TABULA Calculation Method — Energy Use for Heating and Domestic Hot Water,https://episcope.eu/fileadmin/tabula/public/docs/report/TABULA_CommonCalculationMethod.pdf,,"Page 19, solar-gain equations and Page 7, Table 1 factors",Uses the thesis facade-transposed irradiance directly and applies each transparent-area reduction exactly once.,All simulations,,Fixed in the central case,2026-07-29
solar.dynamic_shading,solar,Dynamic movable shading,"F_sh,move",global,,disabled,,,,,model_assumption,ISO 13790:2008 — Energy performance of buildings — Calculation of energy use for space heating and cooling,https://www.iso.org/standard/41974.html,,Clause 11.4.3 permits time-dependent movable shading,A fixed TABULA external shading factor is already applied; disabling a second generic device factor avoids double counting.,All simulations,Occupant-controlled blinds are not represented.,May be introduced later only as an explicit behavioural scenario.,2026-07-29
solar.opaque_gains,solar,Solar gains through opaque elements,"Phi_sol,opaque",global,0,,W,,,,model_assumption,,,,,"Archetypes do not supply solar absorptance, surface resistance, or long-wave correction inputs needed for a consistent calculation.",All simulations,May understate roof/wall gains during sunny conditions; document in validation.,Fixed in the central case,2026-07-29
solar.sky_longwave,solar,Additional long-wave exchange with sky,Phi_r,global,0,,W,,,,model_assumption,,,,,The weather/archetype layers do not provide sky temperature or surface-emissivity inputs.,All simulations,External-surface radiative cooling is embedded only indirectly in measured outdoor air conditions and U-values.,Fixed in the central case,2026-07-29
air.rho,ventilation,Air density,rho_air,global,1.2,,kg/m3,,,,project_constant,Belgian building-stock model documentation,,BE_building_stock/docs/BE_BUILDING_STOCK_MODEL.md,"Section 5.3, lines 183–191",Keeps ventilation heat-loss calculations consistent with the completed archetype layer.,All simulations,,Fixed in the central case,2026-07-29
air.cp,ventilation,Specific heat capacity of air,"c_p,air",global,1005,,J/kgK,,,,project_constant,Belgian building-stock model documentation,,BE_building_stock/docs/BE_BUILDING_STOCK_MODEL.md,"Section 5.3, lines 183–191",Keeps ventilation heat-loss calculations consistent with the completed archetype layer.,All simulations,,Fixed in the central case,2026-07-29
ventilation.volume_basis,ventilation,Conditioned air volume,V_zone,global,,protected_volume_m3,m3,,,,project_input,Belgian national base physical archetype matrix,,BE_building_stock/data/matrices/national/base_physical_archetype_matrix.csv,protected_volume_m3 column,Uses dwelling-specific TABULA geometry rather than reconstructing volume from a reference height.,All simulations,,Fixed in the central case,2026-07-29
ventilation.volume_crosscheck,ventilation,Reference room-height volume cross-check,"h_room,v,ref",global,2.5,,m,,,"Compare protected_volume_m3 against 2.5 * floor_surface_area_m2; flag implausible ratios, but do not overwrite project volume.",TABULA_reference_assumption,TABULA Calculation Method — Energy Use for Heating and Domestic Hot Water,https://episcope.eu/fileadmin/tabula/public/docs/report/TABULA_CommonCalculationMethod.pdf,,"Page 7, Table 1",Provides a reproducible geometry quality-control check.,All simulations,,Fixed in the central case,2026-07-29
ventilation.infiltration_input,ventilation,Normal-pressure infiltration airflow,Vdot_inf,global,,infiltration_airflow_normal_m3_h,m3/h,,,Use the precomputed project field; its upstream relation is q50 / 20.,project_input,Belgian national base physical archetype matrix,,BE_building_stock/data/matrices/national/base_physical_archetype_matrix.csv,"q50_m3_h, infiltration_n_factor, infiltration_airflow_normal_m3_h, and infiltration_ach_normal_h_1 columns",Avoids recalculating or accidentally applying the leakage conversion twice.,All simulations,"The rule-of-20 is only a rough leakage-to-infiltration estimate and does not resolve weather, shielding, stack effect, or building height.",Retain as central because it is embedded in the completed stock layer; test infiltration separately if it dominates results.,2026-07-29
ventilation.infiltration_rule_evidence,ventilation,Leakage-to-infiltration conversion status,infiltration_n_factor,global,20,,1,,,Vdot_inf = q50 / 20,screening_approximation,The Origin and Application of Leakage-Infiltration Ratios (NIST),https://www.nist.gov/publications/origin-and-application-leakage-infiltration-ratios,,Abstract and publication discussion of leakage-infiltration ratios,Documents rather than conceals the upstream screening approximation.,All simulations,NIST reports no physical basis for a universal ratio; it is climate- and building-dependent.,Fixed in the central case,2026-07-29
ventilation.use_rate_existing,ventilation,Use-related ventilation air-change rate,n_vent,existing_unspecified,0.4,,1/h,,,,TABULA_reference_assumption,TABULA Calculation Method — Energy Use for Heating and Domestic Hot Water,https://episcope.eu/fileadmin/tabula/public/docs/report/TABULA_CommonCalculationMethod.pdf,,"Page 7, Table 1",Represents occupant airing/ventilation separately from envelope infiltration.,All simulations,A uniform hourly rate does not resolve window-opening behaviour.,Fixed in the central case,2026-07-29
ventilation.use_rate_exhaust,ventilation,Use-related ventilation air-change rate,n_vent,exhaust_air_ventilation,0.4,,1/h,,,,TABULA_reference_assumption,TABULA Calculation Method — Energy Use for Heating and Domestic Hot Water,https://episcope.eu/fileadmin/tabula/public/docs/report/TABULA_CommonCalculationMethod.pdf,,"Page 7, Table 1",Uses the same TABULA reference air-change rate while distinguishing the system type.,All simulations,,Fixed in the central case,2026-07-29
ventilation.use_rate_balanced,ventilation,Balanced mechanical ventilation air-change rate,n_vent,balanced_mechanical_HRV,0.4,,1/h,,,,TABULA_reference_assumption,TABULA Calculation Method — Energy Use for Heating and Domestic Hot Water,https://episcope.eu/fileadmin/tabula/public/docs/report/TABULA_CommonCalculationMethod.pdf,,"Page 7, Table 1",Provides an explicit design-flow proxy where archetype-specific mechanical flow is unavailable.,All simulations,,Fixed in the central case,2026-07-29
ventilation.hrv_existing,ventilation,Heat-recovery efficiency,eta_HRV,existing_unspecified,0,,1,,,,Belgian_TABULA_mapping,Belgian TABULA renovation physical-state packages,,BE_building_stock/data/assumptions/renovation/renovation_physical_state_packages_TABULA.csv,TABULA_existing row,No recoverable mechanical supply/exhaust stream is assumed.,All simulations,,Fixed in the central case,2026-07-29
ventilation.hrv_exhaust,ventilation,Heat-recovery efficiency,eta_HRV,exhaust_air_ventilation,0,,1,,,,Belgian_TABULA_mapping,Belgian Building Typologies — National Scientific Report (VITO/TABULA),https://episcope.eu/fileadmin/tabula/public/docs/scientific/BE_TABULA_ScientificReport_VITO.pdf,,"Section 4.2.3, printed page 50 / PDF page 61","The EPB2010 package specifies exhaust ventilation, not balanced heat recovery.",All simulations,,Fixed in the central case,2026-07-29
ventilation.hrv_balanced,ventilation,Heat-recovery efficiency,eta_HRV,balanced_mechanical_HRV,0.8,,1,,,,Belgian_TABULA_mapping,Belgian Building Typologies — National Scientific Report (VITO/TABULA),https://episcope.eu/fileadmin/tabula/public/docs/scientific/BE_TABULA_ScientificReport_VITO.pdf,,"Section 4.2.3, printed page 50 / PDF page 61",The Belgian Low Energy package explicitly specifies mechanical ventilation with heat recuperation eta=0.8 and bypass.,All simulations,,Fixed in the central case,2026-07-29
ventilation.summer_bypass,ventilation,HRV summer-bypass rule,"eta_HRV,eff",summer_bypass=true,,temperature-controlled bypass,,,,"Set eta_HRV,eff=0 only when theta_air > theta_set_cool and theta_out < theta_air; otherwise eta_HRV,eff=eta_HRV.",model_assumption,Belgian Building Typologies — National Scientific Report (VITO/TABULA),https://episcope.eu/fileadmin/tabula/public/docs/scientific/BE_TABULA_ScientificReport_VITO.pdf,,"Section 4.2.3, printed page 50 / PDF page 61 confirms bypass availability",Prevents heat recovery from obstructing useful free cooling while retaining coolth recovery when outdoor air is hotter.,All simulations,"No fan, flow modulation, frost protection, or bypass hysteresis is modelled.",Fixed in the central case,2026-07-29
ventilation.heat_transfer,ventilation,Ventilation heat-transfer coefficient,H_ve,global,,derived hourly,W/K,,,"H_ve = rho_air * c_p,air * (Vdot_inf + (1-eta_HRV,eff)*n_vent*V_zone) / 3600",physical_equation,ISO 13790:2008 — Energy performance of buildings — Calculation of energy use for space heating and cooling,https://www.iso.org/standard/41974.html,,"Clause 9, ventilation heat-transfer calculation",Keeps infiltration unrecovered and applies HRV only to the controlled ventilation stream.,All simulations,,Fixed in the central case,2026-07-29
input.weather_temperature,time_series_input,Outdoor dry-bulb temperature,theta_e[t],global,,required hourly input,degC,,,,interface_contract,,,,,External temperature drives all transmission and ventilation branches.,All simulations,,Fixed in the central case,2026-07-29
input.facade_irradiance,time_series_input,Facade-transposed irradiance,I_N/E/S/W[t],global,,required hourly input by orientation,W/m2,,,,interface_contract,,,,,The climate layer already performs irradiance transposition; the thermal model must not transpose it again.,All simulations,Negative values are invalid and must raise a data-quality error.,Fixed in the central case,2026-07-29
input.internal_gains,time_series_input,Total sensible internal gains,Phi_int[t],global,,required hourly input from behavioural wrapper,W,,,,interface_contract,,,,,Keeps occupancy/appliance generation outside the deterministic thermal core while making the coupling explicit.,All simulations,The input must exclude space-heating/cooling output and avoid double counting solar gains.,Fixed in the central case,2026-07-29
validation.internal_gains,validation_default,Constant internal-gain density,"phi_int,ref",global,3,,W/m2,,,Phi_int = 3 * A_f,TABULA_reference_assumption,TABULA Calculation Method — Energy Use for Heating and Domestic Hot Water,https://episcope.eu/fileadmin/tabula/public/docs/report/TABULA_CommonCalculationMethod.pdf,,"Page 7, Table 1",Provides a reproducible deterministic benchmark before the Richardson wrapper is coupled.,Validation only; never added on top of wrapper-generated gains.,,Fixed in the central case,2026-07-29
input.schedule_timezone,time_series_input,Schedule timezone,schedule_timezone,global,,"fixed CET (UTC+01:00), periodic model year, no daylight-saving transitions",,,,,model_assumption,,,,,"UTC weather is cyclically shifted to Belgian standard time for RichardsonPy and the generated schedule is shifted back to the exact UTC weather index.",All simulations,"Deliberately omits Belgian daylight-saving clock changes so every weather year remains a continuous periodic hourly calendar.",Fixed in the central case,2026-08-08
input.weather_timezone,time_series_input,Weather timestamp convention,weather_timezone,global,,preserve climate-layer timestamp and convert explicitly before joining schedules,,,,,interface_contract,,,,,Avoids silent one-hour shifts between irradiance/weather and occupant schedules.,All simulations,Do not localize naive timestamps by guesswork; require timezone metadata or a documented climate-layer convention.,Fixed in the central case,2026-07-29
