member_id,scenario,weather_pair_id,observed_pvgis_year,climate_target,row_count,member_sha256,metadata_sha256,manifest_sha256,morph_contract_sha256,facade_source_sha256_json,weather_contract_sha256
weather_2050_rcp_2_6_pvgis_2006,rcp_2_6,pvgis_2006,2006,2041-2060,8760,73ed0728ba3aea4548919a2c599b960f1645e1842d48afd930cc90a737aecd92,a96eee14f959c7954577e91fe17d4515a9348f0431a52c4dd9b8f37b88ac9cf5,d543101e7ea78ed2ddaba45de0ca0f44ec997e73ba696c2970de54b1e75cccfc,e40ccb491db9d0ecfe8c9e8462f713cf096279ef2b219236d05222512135b242,"{""east"":""b1a28b883b4633c7b55388b5b43f571e79efcd391bc0ce6bc07019b5e25d8065"",""north"":""002ee4e68ba2ff1e9da7eb8f1e16c441bba47a8ad5ed36d81dc169204a2cb66d"",""south"":""c667e440b35d715226d38302c0104b35b5d5764fed6125e5bcc80d08fabf1f41"",""west"":""2767619730916a7bca7fe58275301af35dc43db33040cad9a975264954dbabb5""}",fb59b12e82b041c59cc8a3933745a40e92c5e89aa7df64846e5855fbd3acb00e
weather_2050_rcp_2_6_pvgis_2007,rcp_2_6,pvgis_2007,2007,2041-2060,8760,250a16c99e3e5c9c43f3623fe37c969d468b00cb317915e18a37ffb3f9dbdc7b,01f68172b42eb62222239aeebbc4535756a138d805fab8c8938d5a5900426dd3,d543101e7ea78ed2ddaba45de0ca0f44ec997e73ba696c2970de54b1e75cccfc,e40ccb491db9d0ecfe8c9e8462f713cf096279ef2b219236d05222512135b242,"{""east"":""b1a28b883b4633c7b55388b5b43f571e79efcd391bc0ce6bc07019b5e25d8065"",""north"":""002ee4e68ba2ff1e9da7eb8f1e16c441bba47a8ad5ed36d81dc169204a2cb66d"",""south"":""c667e440b35d715226d38302c0104b35b5d5764fed6125e5bcc80d08fabf1f41"",""west"":""2767619730916a7bca7fe58275301af35dc43db33040cad9a975264954dbabb5""}",e0310cb1438920217c832d68c0f90a48d3523dd3672bc5ad78f2235e25fcb855
weather_2050_rcp_2_6_pvgis_2008,rcp_2_6,pvgis_2008,2008,2041-2060,8784,5ac2f88d805f0798e35c864e7e2a3f5023df55189a1c74da01bea0d69bb15a44,00efd36c048d20e0189b14855134d7e486e6c5e3ab7acb0f8c24a786aea7c6a1,d543101e7ea78ed2ddaba45de0ca0f44ec997e73ba696c2970de54b1e75cccfc,e40ccb491db9d0ecfe8c9e8462f713cf096279ef2b219236d05222512135b242,"{""east"":""b1a28b883b4633c7b55388b5b43f571e79efcd391bc0ce6bc07019b5e25d8065"",""north"":""002ee4e68ba2ff1e9da7eb8f1e16c441bba47a8ad5ed36d81dc169204a2cb66d"",""south"":""c667e440b35d715226d38302c0104b35b5d5764fed6125e5bcc80d08fabf1f41"",""west"":""2767619730916a7bca7fe58275301af35dc43db33040cad9a975264954dbabb5""}",1051904760c26859e09725b5ca0b3636768fae9636b0632fd5cb5350f361bee8
weather_2050_rcp_2_6_pvgis_2009,rcp_2_6,pvgis_2009,2009,2041-2060,8760,9ae6cc0a257aca062a6f0174407cef722e32f8213d05ca6ec19f927f8945e41c,92d5cf69513d510e9a05f52145175d9e2d1514bbb035975ff88cbd75576ff0a5,d543101e7ea78ed2ddaba45de0ca0f44ec997e73ba696c2970de54b1e75cccfc,e40ccb491db9d0ecfe8c9e8462f713cf096279ef2b219236d05222512135b242,"{""east"":""b1a28b883b4633c7b55388b5b43f571e79efcd391bc0ce6bc07019b5e25d8065"",""north"":""002ee4e68ba2ff1e9da7eb8f1e16c441bba47a8ad5ed36d81dc169204a2cb66d"",""south"":""c667e440b35d715226d38302c0104b35b5d5764fed6125e5bcc80d08fabf1f41"",""west"":""2767619730916a7bca7fe58275301af35dc43db33040cad9a975264954dbabb5""}",a2385e8a9b1704dc2e9d44cc6f523cfd2951610899a327d56b11f5b5244f1777
weather_2050_rcp_2_6_pvgis_2010,rcp_2_6,pvgis_2010,2010,2041-2060,8760,5dff86f8593a3ca0c9cf6cb796d862471cb04012a01ad76817dd8d49812a31c0,4bb50593db8cc1eca6a461505dcff2bfdc08339adbe9fcb2be143d647c9b4cfd,d543101e7ea78ed2ddaba45de0ca0f44ec997e73ba696c2970de54b1e75cccfc,e40ccb491db9d0ecfe8c9e8462f713cf096279ef2b219236d05222512135b242,"{""east"":""b1a28b883b4633c7b55388b5b43f571e79efcd391bc0ce6bc07019b5e25d8065"",""north"":""002ee4e68ba2ff1e9da7eb8f1e16c441bba47a8ad5ed36d81dc169204a2cb66d"",""south"":""c667e440b35d715226d38302c0104b35b5d5764fed6125e5bcc80d08fabf1f41"",""west"":""2767619730916a7bca7fe58275301af35dc43db33040cad9a975264954dbabb5""}",42814471bd7d24626ed20d8e282fa2196d86ffd4b0fc458fb590d9a9eba15ecf
weather_2050_rcp_2_6_pvgis_2011,rcp_2_6,pvgis_2011,2011,2041-2060,8760,6866aff27bc3a1e9c9852f3a5ec017d5e2f479302350d5606676d8a3923435cd,93e01479c0eeb8e564f9aecf38a0053db9bef7adfaa160d907b8372f66071905,d543101e7ea78ed2ddaba45de0ca0f44ec997e73ba696c2970de54b1e75cccfc,e40ccb491db9d0ecfe8c9e8462f713cf096279ef2b219236d05222512135b242,"{""east"":""b1a28b883b4633c7b55388b5b43f571e79efcd391bc0ce6bc07019b5e25d8065"",""north"":""002ee4e68ba2ff1e9da7eb8f1e16c441bba47a8ad5ed36d81dc169204a2cb66d"",""south"":""c667e440b35d715226d38302c0104b35b5d5764fed6125e5bcc80d08fabf1f41"",""west"":""2767619730916a7bca7fe58275301af35dc43db33040cad9a975264954dbabb5""}",bff33851e5f40ede2c9db01181b171cd9ff298d076f003871c0b988ddf97f123
weather_2050_rcp_2_6_pvgis_2012,rcp_2_6,pvgis_2012,2012,2041-2060,8784,21546f71429997b6c6c16215e6f307920989ede4c18f9153cd5e872d4bc4a9a4,513384f93a77e933e6e05122fbc5de3355248345866b538a3c4cd19e612eb4e3,d543101e7ea78ed2ddaba45de0ca0f44ec997e73ba696c2970de54b1e75cccfc,e40ccb491db9d0ecfe8c9e8462f713cf096279ef2b219236d05222512135b242,"{""east"":""b1a28b883b4633c7b55388b5b43f571e79efcd391bc0ce6bc07019b5e25d8065"",""north"":""002ee4e68ba2ff1e9da7eb8f1e16c441bba47a8ad5ed36d81dc169204a2cb66d"",""south"":""c667e440b35d715226d38302c0104b35b5d5764fed6125e5bcc80d08fabf1f41"",""west"":""2767619730916a7bca7fe58275301af35dc43db33040cad9a975264954dbabb5""}",9763417891e9b2e2416fe32bc45b39918fddd61ceae5cf44176da524022f21ca
weather_2050_rcp_2_6_pvgis_2013,rcp_2_6,pvgis_2013,2013,2041-2060,8760,92d9b029535d2b62595ab78a43f8324bf54a6927158e4bd9c776bbd7b693e1fd,3086ab14af356d077d10e5a3ebc6d4820b4f13fb29e258f1a46ca7664f9907d6,d543101e7ea78ed2ddaba45de0ca0f44ec997e73ba696c2970de54b1e75cccfc,e40ccb491db9d0ecfe8c9e8462f713cf096279ef2b219236d05222512135b242,"{""east"":""b1a28b883b4633c7b55388b5b43f571e79efcd391bc0ce6bc07019b5e25d8065"",""north"":""002ee4e68ba2ff1e9da7eb8f1e16c441bba47a8ad5ed36d81dc169204a2cb66d"",""south"":""c667e440b35d715226d38302c0104b35b5d5764fed6125e5bcc80d08fabf1f41"",""west"":""2767619730916a7bca7fe58275301af35dc43db33040cad9a975264954dbabb5""}",0dca88767fa6e761098ca41ed7a3fba43985e8fb6818be65f244cdc5bbcad533
weather_2050_rcp_2_6_pvgis_2014,rcp_2_6,pvgis_2014,2014,2041-2060,8760,be9784b82a52facaa7b9d48b00e0d1418d4f55cb211f17e2862a380a5d181d1e,fa15c658e7f4d78bdb5171308d31757eeee4377a3ea580009ae371a2f9670abb,d543101e7ea78ed2ddaba45de0ca0f44ec997e73ba696c2970de54b1e75cccfc,e40ccb491db9d0ecfe8c9e8462f713cf096279ef2b219236d05222512135b242,"{""east"":""b1a28b883b4633c7b55388b5b43f571e79efcd391bc0ce6bc07019b5e25d8065"",""north"":""002ee4e68ba2ff1e9da7eb8f1e16c441bba47a8ad5ed36d81dc169204a2cb66d"",""south"":""c667e440b35d715226d38302c0104b35b5d5764fed6125e5bcc80d08fabf1f41"",""west"":""2767619730916a7bca7fe58275301af35dc43db33040cad9a975264954dbabb5""}",20690144c72dc31735b037bb77f81381be92bf9e74fdc6ed980434302db7ed04
weather_2050_rcp_2_6_pvgis_2015,rcp_2_6,pvgis_2015,2015,2041-2060,8760,d93fd7a57020b111cbc69ee69b7d8ff369832d39cfb3f893fab395f16eb36937,ffbfd0656c8f87ef275e257dc9efd4fc88a4977085806ae23ecf5050958fd71c,d543101e7ea78ed2ddaba45de0ca0f44ec997e73ba696c2970de54b1e75cccfc,e40ccb491db9d0ecfe8c9e8462f713cf096279ef2b219236d05222512135b242,"{""east"":""b1a28b883b4633c7b55388b5b43f571e79efcd391bc0ce6bc07019b5e25d8065"",""north"":""002ee4e68ba2ff1e9da7eb8f1e16c441bba47a8ad5ed36d81dc169204a2cb66d"",""south"":""c667e440b35d715226d38302c0104b35b5d5764fed6125e5bcc80d08fabf1f41"",""west"":""2767619730916a7bca7fe58275301af35dc43db33040cad9a975264954dbabb5""}",09fe135b227dbea49d3ae3733a26b5cf4a806ee44b7b4023c2a29dff385a3cda
weather_2050_rcp_2_6_pvgis_2016,rcp_2_6,pvgis_2016,2016,2041-2060,8784,f85555e6674233b3b218da5349e0c3957c8db0d5b6e0d61691b049b827f71814,3bb7209768baa1f929fbc891f1d5fe96e11b83622e488a3e9c893218925531b3,d543101e7ea78ed2ddaba45de0ca0f44ec997e73ba696c2970de54b1e75cccfc,e40ccb491db9d0ecfe8c9e8462f713cf096279ef2b219236d05222512135b242,"{""east"":""b1a28b883b4633c7b55388b5b43f571e79efcd391bc0ce6bc07019b5e25d8065"",""north"":""002ee4e68ba2ff1e9da7eb8f1e16c441bba47a8ad5ed36d81dc169204a2cb66d"",""south"":""c667e440b35d715226d38302c0104b35b5d5764fed6125e5bcc80d08fabf1f41"",""west"":""2767619730916a7bca7fe58275301af35dc43db33040cad9a975264954dbabb5""}",9ee14477cbe14edbff30daa1d7de17ff8aa43cb2281b2f874ef47c02ceef0cc4
weather_2050_rcp_2_6_pvgis_2017,rcp_2_6,pvgis_2017,2017,2041-2060,8760,75495e20533eb92a0b60b3b0f9b3276bdcdd14f34f86f56f37d05f4c5d70ee08,6f0afef14db66fd3d0f99e4b0ea8fee091aae5a46cb1f71777125b2ed3acf91c,d543101e7ea78ed2ddaba45de0ca0f44ec997e73ba696c2970de54b1e75cccfc,e40ccb491db9d0ecfe8c9e8462f713cf096279ef2b219236d05222512135b242,"{""east"":""b1a28b883b4633c7b55388b5b43f571e79efcd391bc0ce6bc07019b5e25d8065"",""north"":""002ee4e68ba2ff1e9da7eb8f1e16c441bba47a8ad5ed36d81dc169204a2cb66d"",""south"":""c667e440b35d715226d38302c0104b35b5d5764fed6125e5bcc80d08fabf1f41"",""west"":""2767619730916a7bca7fe58275301af35dc43db33040cad9a975264954dbabb5""}",ce8292cf44c71202f20850e4411ffaf4524e7f27556f3d528291d8beeb3126f7
weather_2050_rcp_2_6_pvgis_2018,rcp_2_6,pvgis_2018,2018,2041-2060,8760,361cfb1e9f393986f1657d401f9edc07c384bacc5637032fe2af2f369a0dd1b9,cfa53027b58540f13238ab6bcdb72951efd8d12b134f82d4d30e9d70d4e18c79,d543101e7ea78ed2ddaba45de0ca0f44ec997e73ba696c2970de54b1e75cccfc,e40ccb491db9d0ecfe8c9e8462f713cf096279ef2b219236d05222512135b242,"{""east"":""b1a28b883b4633c7b55388b5b43f571e79efcd391bc0ce6bc07019b5e25d8065"",""north"":""002ee4e68ba2ff1e9da7eb8f1e16c441bba47a8ad5ed36d81dc169204a2cb66d"",""south"":""c667e440b35d715226d38302c0104b35b5d5764fed6125e5bcc80d08fabf1f41"",""west"":""2767619730916a7bca7fe58275301af35dc43db33040cad9a975264954dbabb5""}",b2f8acfcac53048a85bc91d9b439fa662d42845e88127ad0247d44ba1fb9492e
weather_2050_rcp_2_6_pvgis_2019,rcp_2_6,pvgis_2019,2019,2041-2060,8760,e810926c4f372f1bd10fb4780ab6f22703406f2cd9853eb7622f1ad4ea669f3f,b4e73926f4076dc69dc111dad3f04cfb188fb30b7d9ae49f5d724a8389fd5b44,d543101e7ea78ed2ddaba45de0ca0f44ec997e73ba696c2970de54b1e75cccfc,e40ccb491db9d0ecfe8c9e8462f713cf096279ef2b219236d05222512135b242,"{""east"":""b1a28b883b4633c7b55388b5b43f571e79efcd391bc0ce6bc07019b5e25d8065"",""north"":""002ee4e68ba2ff1e9da7eb8f1e16c441bba47a8ad5ed36d81dc169204a2cb66d"",""south"":""c667e440b35d715226d38302c0104b35b5d5764fed6125e5bcc80d08fabf1f41"",""west"":""2767619730916a7bca7fe58275301af35dc43db33040cad9a975264954dbabb5""}",79804db956bdca8829cb799649e3a187fed38c869f09a0156b5c1e74818fc087
weather_2050_rcp_2_6_pvgis_2020,rcp_2_6,pvgis_2020,2020,2041-2060,8784,3c4e4ea181572b05580b0522123962d9b9d4a062d16b2922a072bedc0541726c,ecd9530d6ca219f70afb5c54f915f669102b3e4c54ffaedc6b0a60024c543765,d543101e7ea78ed2ddaba45de0ca0f44ec997e73ba696c2970de54b1e75cccfc,e40ccb491db9d0ecfe8c9e8462f713cf096279ef2b219236d05222512135b242,"{""east"":""b1a28b883b4633c7b55388b5b43f571e79efcd391bc0ce6bc07019b5e25d8065"",""north"":""002ee4e68ba2ff1e9da7eb8f1e16c441bba47a8ad5ed36d81dc169204a2cb66d"",""south"":""c667e440b35d715226d38302c0104b35b5d5764fed6125e5bcc80d08fabf1f41"",""west"":""2767619730916a7bca7fe58275301af35dc43db33040cad9a975264954dbabb5""}",cfca37435fcfee8d6de068b87f2826e1d0ecbd17ff43d9ce08974cb45dafecff
weather_2050_rcp_2_6_pvgis_2021,rcp_2_6,pvgis_2021,2021,2041-2060,8760,3295e9ebb54531a6d44a9d5f769c0c1773eafb4c2e4201e19fd5f6a8a8230f0e,e2c297bf7eb736ffc65992fadeca113bfa998ea15340d135b2cc995b463542b8,d543101e7ea78ed2ddaba45de0ca0f44ec997e73ba696c2970de54b1e75cccfc,e40ccb491db9d0ecfe8c9e8462f713cf096279ef2b219236d05222512135b242,"{""east"":""b1a28b883b4633c7b55388b5b43f571e79efcd391bc0ce6bc07019b5e25d8065"",""north"":""002ee4e68ba2ff1e9da7eb8f1e16c441bba47a8ad5ed36d81dc169204a2cb66d"",""south"":""c667e440b35d715226d38302c0104b35b5d5764fed6125e5bcc80d08fabf1f41"",""west"":""2767619730916a7bca7fe58275301af35dc43db33040cad9a975264954dbabb5""}",87a3e374db7ac2ab62bc5bc76a77c55fe5ae31e87eb708c82393097e82d49c7e
weather_2050_rcp_2_6_pvgis_2022,rcp_2_6,pvgis_2022,2022,2041-2060,8760,e8a1da6f442ede1c04390ff8dd3e4a2f06824905c0de14d928de9f1c8d0859ef,1b73affcca449e397490e6da28ee295d83d76bdf6a083a295b1cfff40437d2e3,d543101e7ea78ed2ddaba45de0ca0f44ec997e73ba696c2970de54b1e75cccfc,e40ccb491db9d0ecfe8c9e8462f713cf096279ef2b219236d05222512135b242,"{""east"":""b1a28b883b4633c7b55388b5b43f571e79efcd391bc0ce6bc07019b5e25d8065"",""north"":""002ee4e68ba2ff1e9da7eb8f1e16c441bba47a8ad5ed36d81dc169204a2cb66d"",""south"":""c667e440b35d715226d38302c0104b35b5d5764fed6125e5bcc80d08fabf1f41"",""west"":""2767619730916a7bca7fe58275301af35dc43db33040cad9a975264954dbabb5""}",a4a1b3c31e2070cf4970f5ba9c32bd89f6c01b64709c68e90a9274de29f0f756
weather_2050_rcp_2_6_pvgis_2023,rcp_2_6,pvgis_2023,2023,2041-2060,8760,fd1c31ac67160dbb505ed1aa56b5ea83bb61f706541fe689a24d9677800ef562,568ddfcba233db2a8286f3a07306058830326fd9b825a0e452d4db11be3f3acd,d543101e7ea78ed2ddaba45de0ca0f44ec997e73ba696c2970de54b1e75cccfc,e40ccb491db9d0ecfe8c9e8462f713cf096279ef2b219236d05222512135b242,"{""east"":""b1a28b883b4633c7b55388b5b43f571e79efcd391bc0ce6bc07019b5e25d8065"",""north"":""002ee4e68ba2ff1e9da7eb8f1e16c441bba47a8ad5ed36d81dc169204a2cb66d"",""south"":""c667e440b35d715226d38302c0104b35b5d5764fed6125e5bcc80d08fabf1f41"",""west"":""2767619730916a7bca7fe58275301af35dc43db33040cad9a975264954dbabb5""}",a6b489d25ba5c2733dcf758ea2fa1064ef522cbbbc48e5b288fb916472df2f1a
weather_2050_rcp_4_5_pvgis_2006,rcp_4_5,pvgis_2006,2006,2041-2060,8760,4532539918eae5a7adc55a106f6f30efcee5dca92624787d73e663edccdd120a,7e5cb2b8bc716da41989486af2b9b66b08254a28cb67fa4385885e2b7e406e2a,d543101e7ea78ed2ddaba45de0ca0f44ec997e73ba696c2970de54b1e75cccfc,e40ccb491db9d0ecfe8c9e8462f713cf096279ef2b219236d05222512135b242,"{""east"":""b1a28b883b4633c7b55388b5b43f571e79efcd391bc0ce6bc07019b5e25d8065"",""north"":""002ee4e68ba2ff1e9da7eb8f1e16c441bba47a8ad5ed36d81dc169204a2cb66d"",""south"":""c667e440b35d715226d38302c0104b35b5d5764fed6125e5bcc80d08fabf1f41"",""west"":""2767619730916a7bca7fe58275301af35dc43db33040cad9a975264954dbabb5""}",d47b4a9b816feb25e37371233c40f9fe7c9dce6142ade640161bbd28046c5790
weather_2050_rcp_4_5_pvgis_2007,rcp_4_5,pvgis_2007,2007,2041-2060,8760,a86e67023dbeaf2008aa7b31e781c5a9b5492437a47092ade815b7232bf5976d,dd7728bf51ee2088102ff6cfa28d4f7653a7df839dc31c1f6331ad44ee19dd23,d543101e7ea78ed2ddaba45de0ca0f44ec997e73ba696c2970de54b1e75cccfc,e40ccb491db9d0ecfe8c9e8462f713cf096279ef2b219236d05222512135b242,"{""east"":""b1a28b883b4633c7b55388b5b43f571e79efcd391bc0ce6bc07019b5e25d8065"",""north"":""002ee4e68ba2ff1e9da7eb8f1e16c441bba47a8ad5ed36d81dc169204a2cb66d"",""south"":""c667e440b35d715226d38302c0104b35b5d5764fed6125e5bcc80d08fabf1f41"",""west"":""2767619730916a7bca7fe58275301af35dc43db33040cad9a975264954dbabb5""}",cdf0e6c458b8e0497899f624f1838160ce50adb0caef06d4d94ba369dc284df0
weather_2050_rcp_4_5_pvgis_2008,rcp_4_5,pvgis_2008,2008,2041-2060,8784,5f49332612af2397fba73f533ae4841f209202be2749d26b81faf054da9fe077,4b15d71c8dd9ee02a3d8bd53ee311b475ec429661ec9659366355ff95210e3ca,d543101e7ea78ed2ddaba45de0ca0f44ec997e73ba696c2970de54b1e75cccfc,e40ccb491db9d0ecfe8c9e8462f713cf096279ef2b219236d05222512135b242,"{""east"":""b1a28b883b4633c7b55388b5b43f571e79efcd391bc0ce6bc07019b5e25d8065"",""north"":""002ee4e68ba2ff1e9da7eb8f1e16c441bba47a8ad5ed36d81dc169204a2cb66d"",""south"":""c667e440b35d715226d38302c0104b35b5d5764fed6125e5bcc80d08fabf1f41"",""west"":""2767619730916a7bca7fe58275301af35dc43db33040cad9a975264954dbabb5""}",364689870758a6cdda50eec062fbbaac14dbb4ce7da8c52fb0b667405a5b5838
weather_2050_rcp_4_5_pvgis_2009,rcp_4_5,pvgis_2009,2009,2041-2060,8760,fd87a5353592e17ff73e8745874e02868940501d2a818d5f44b766cae4c10fb5,af714e1bea7cb700a3dc8a43f59610aa67ae590f18f0769525ed75a639f72d4c,d543101e7ea78ed2ddaba45de0ca0f44ec997e73ba696c2970de54b1e75cccfc,e40ccb491db9d0ecfe8c9e8462f713cf096279ef2b219236d05222512135b242,"{""east"":""b1a28b883b4633c7b55388b5b43f571e79efcd391bc0ce6bc07019b5e25d8065"",""north"":""002ee4e68ba2ff1e9da7eb8f1e16c441bba47a8ad5ed36d81dc169204a2cb66d"",""south"":""c667e440b35d715226d38302c0104b35b5d5764fed6125e5bcc80d08fabf1f41"",""west"":""2767619730916a7bca7fe58275301af35dc43db33040cad9a975264954dbabb5""}",abedf4925e6805913c0f05a64251dbb635060b9419ebbed47e955352bb1bc049
weather_2050_rcp_4_5_pvgis_2010,rcp_4_5,pvgis_2010,2010,2041-2060,8760,3416443e514891f304ecef2314bdad3cde8ff897194b892e9c23e1f2e7f9b452,026f1c1811c4d9afa6f463211a97f392e34d8bf233bf0f6994e895d3d37ec9cd,d543101e7ea78ed2ddaba45de0ca0f44ec997e73ba696c2970de54b1e75cccfc,e40ccb491db9d0ecfe8c9e8462f713cf096279ef2b219236d05222512135b242,"{""east"":""b1a28b883b4633c7b55388b5b43f571e79efcd391bc0ce6bc07019b5e25d8065"",""north"":""002ee4e68ba2ff1e9da7eb8f1e16c441bba47a8ad5ed36d81dc169204a2cb66d"",""south"":""c667e440b35d715226d38302c0104b35b5d5764fed6125e5bcc80d08fabf1f41"",""west"":""2767619730916a7bca7fe58275301af35dc43db33040cad9a975264954dbabb5""}",c1685be28707789bb9ad5fcb5ea3d14d55c90ada53e5cc7e083453d0e526bcc9
weather_2050_rcp_4_5_pvgis_2011,rcp_4_5,pvgis_2011,2011,2041-2060,8760,7a2a1266e8d47bff10ab982f340509ec06ad98632958c57763dde2c642a66d3b,42565a9fa9263d122772d18c3b694c7daaa19ca024be8605fc1718eab6924be9,d543101e7ea78ed2ddaba45de0ca0f44ec997e73ba696c2970de54b1e75cccfc,e40ccb491db9d0ecfe8c9e8462f713cf096279ef2b219236d05222512135b242,"{""east"":""b1a28b883b4633c7b55388b5b43f571e79efcd391bc0ce6bc07019b5e25d8065"",""north"":""002ee4e68ba2ff1e9da7eb8f1e16c441bba47a8ad5ed36d81dc169204a2cb66d"",""south"":""c667e440b35d715226d38302c0104b35b5d5764fed6125e5bcc80d08fabf1f41"",""west"":""2767619730916a7bca7fe58275301af35dc43db33040cad9a975264954dbabb5""}",e40bd231508c0826d0b0ad8fa8c85d3fd0951297fb96425d365d3041b07ac26d
weather_2050_rcp_4_5_pvgis_2012,rcp_4_5,pvgis_2012,2012,2041-2060,8784,cdc9304c44daf789b695658e8f5b70dec7bf48f0ff8b6f055e81769511d1d04d,0a6a559833c84a2b8ebaa9997f70d83dc92075e333ecfac24c12147944f5b974,d543101e7ea78ed2ddaba45de0ca0f44ec997e73ba696c2970de54b1e75cccfc,e40ccb491db9d0ecfe8c9e8462f713cf096279ef2b219236d05222512135b242,"{""east"":""b1a28b883b4633c7b55388b5b43f571e79efcd391bc0ce6bc07019b5e25d8065"",""north"":""002ee4e68ba2ff1e9da7eb8f1e16c441bba47a8ad5ed36d81dc169204a2cb66d"",""south"":""c667e440b35d715226d38302c0104b35b5d5764fed6125e5bcc80d08fabf1f41"",""west"":""2767619730916a7bca7fe58275301af35dc43db33040cad9a975264954dbabb5""}",778d3c83e83b5b3c5c94bbc9163d66f8edf190525f30d30cbaa42c95dc65db8e
weather_2050_rcp_4_5_pvgis_2013,rcp_4_5,pvgis_2013,2013,2041-2060,8760,9133e2249921db801af8e068d7fb5baef92bba02e5c99a3a8c2206051ae00032,412be413ffbc64d4f696ca60ebc93457fac13a53d1a26246d9e574643e90a67b,d543101e7ea78ed2ddaba45de0ca0f44ec997e73ba696c2970de54b1e75cccfc,e40ccb491db9d0ecfe8c9e8462f713cf096279ef2b219236d05222512135b242,"{""east"":""b1a28b883b4633c7b55388b5b43f571e79efcd391bc0ce6bc07019b5e25d8065"",""north"":""002ee4e68ba2ff1e9da7eb8f1e16c441bba47a8ad5ed36d81dc169204a2cb66d"",""south"":""c667e440b35d715226d38302c0104b35b5d5764fed6125e5bcc80d08fabf1f41"",""west"":""2767619730916a7bca7fe58275301af35dc43db33040cad9a975264954dbabb5""}",904e457d81c1ed3bac946e690be7c0946ce509964038c7cc72d1f24af3ec0c41
weather_2050_rcp_4_5_pvgis_2014,rcp_4_5,pvgis_2014,2014,2041-2060,8760,c24796d93306af87ecf923fffe437641061a2372219139eb6c062d742b3bf62f,4f4974cc2a4f7c518ab278302a0e18418c998fa4abf0a344f8d263b7798028a1,d543101e7ea78ed2ddaba45de0ca0f44ec997e73ba696c2970de54b1e75cccfc,e40ccb491db9d0ecfe8c9e8462f713cf096279ef2b219236d05222512135b242,"{""east"":""b1a28b883b4633c7b55388b5b43f571e79efcd391bc0ce6bc07019b5e25d8065"",""north"":""002ee4e68ba2ff1e9da7eb8f1e16c441bba47a8ad5ed36d81dc169204a2cb66d"",""south"":""c667e440b35d715226d38302c0104b35b5d5764fed6125e5bcc80d08fabf1f41"",""west"":""2767619730916a7bca7fe58275301af35dc43db33040cad9a975264954dbabb5""}",e4e642042bbaf9065386cf5b2c182c058750c8edb35820df3bc162403721a95d
weather_2050_rcp_4_5_pvgis_2015,rcp_4_5,pvgis_2015,2015,2041-2060,8760,baba3dbca59061fa472eb7c69224dd3b984b50c1fc619afd2053a2950c2bbcd4,1216ce43ee394579ef927a986e1b8dd3776da86efac22904513f8ccada53f4bc,d543101e7ea78ed2ddaba45de0ca0f44ec997e73ba696c2970de54b1e75cccfc,e40ccb491db9d0ecfe8c9e8462f713cf096279ef2b219236d05222512135b242,"{""east"":""b1a28b883b4633c7b55388b5b43f571e79efcd391bc0ce6bc07019b5e25d8065"",""north"":""002ee4e68ba2ff1e9da7eb8f1e16c441bba47a8ad5ed36d81dc169204a2cb66d"",""south"":""c667e440b35d715226d38302c0104b35b5d5764fed6125e5bcc80d08fabf1f41"",""west"":""2767619730916a7bca7fe58275301af35dc43db33040cad9a975264954dbabb5""}",e911761c820080027eba08f44ea8eccf1d70cd6d860a102565a1508f4ed19caf
weather_2050_rcp_4_5_pvgis_2016,rcp_4_5,pvgis_2016,2016,2041-2060,8784,155f04f416d4f9d78cc3da3f4c251e1238fb8c3063fd263ee3ac38adec0fa4e7,8bcf37993f68a39a004ea642aef4146c81bcdc6712c8c7081440b218df365130,d543101e7ea78ed2ddaba45de0ca0f44ec997e73ba696c2970de54b1e75cccfc,e40ccb491db9d0ecfe8c9e8462f713cf096279ef2b219236d05222512135b242,"{""east"":""b1a28b883b4633c7b55388b5b43f571e79efcd391bc0ce6bc07019b5e25d8065"",""north"":""002ee4e68ba2ff1e9da7eb8f1e16c441bba47a8ad5ed36d81dc169204a2cb66d"",""south"":""c667e440b35d715226d38302c0104b35b5d5764fed6125e5bcc80d08fabf1f41"",""west"":""2767619730916a7bca7fe58275301af35dc43db33040cad9a975264954dbabb5""}",0c691592e10a40664139ba78d1e5476a9c38f2251de15590f9e050c6ed512ff6
weather_2050_rcp_4_5_pvgis_2017,rcp_4_5,pvgis_2017,2017,2041-2060,8760,9a71b7af56435a77cb7967a628053a0bcd07e66704b3a56d6421abd1c7f78aa5,b19130e0bb41418bd85bed28ed8db7dbd088403a1f1051bb1bab03d2c8208de9,d543101e7ea78ed2ddaba45de0ca0f44ec997e73ba696c2970de54b1e75cccfc,e40ccb491db9d0ecfe8c9e8462f713cf096279ef2b219236d05222512135b242,"{""east"":""b1a28b883b4633c7b55388b5b43f571e79efcd391bc0ce6bc07019b5e25d8065"",""north"":""002ee4e68ba2ff1e9da7eb8f1e16c441bba47a8ad5ed36d81dc169204a2cb66d"",""south"":""c667e440b35d715226d38302c0104b35b5d5764fed6125e5bcc80d08fabf1f41"",""west"":""2767619730916a7bca7fe58275301af35dc43db33040cad9a975264954dbabb5""}",85cf1c88b7268fa8333880b40c0e6bc4cdbcea75345a16627a7ec2ffbbba9bfa
weather_2050_rcp_4_5_pvgis_2018,rcp_4_5,pvgis_2018,2018,2041-2060,8760,f1cd6b211c74637a3bb2c50388defee18057d3e5c659d17c866393aa9700d243,f4de8819db342365e908f44339b914c6c4079baa0f298d636e6eeaf1776aed57,d543101e7ea78ed2ddaba45de0ca0f44ec997e73ba696c2970de54b1e75cccfc,e40ccb491db9d0ecfe8c9e8462f713cf096279ef2b219236d05222512135b242,"{""east"":""b1a28b883b4633c7b55388b5b43f571e79efcd391bc0ce6bc07019b5e25d8065"",""north"":""002ee4e68ba2ff1e9da7eb8f1e16c441bba47a8ad5ed36d81dc169204a2cb66d"",""south"":""c667e440b35d715226d38302c0104b35b5d5764fed6125e5bcc80d08fabf1f41"",""west"":""2767619730916a7bca7fe58275301af35dc43db33040cad9a975264954dbabb5""}",01555b7c04e568f2d2a41c4e0e45e74dd097ceaeaaaae7f179f6f92bc29bcfd5
weather_2050_rcp_4_5_pvgis_2019,rcp_4_5,pvgis_2019,2019,2041-2060,8760,87e4fbe24c243ee335a5995fbee18a6503f63f2e209c039ea99c10d10c2b508f,69a84d90e7aff61551bb77fbb9b5575c2408ff62270aa55e43633719798baf6e,d543101e7ea78ed2ddaba45de0ca0f44ec997e73ba696c2970de54b1e75cccfc,e40ccb491db9d0ecfe8c9e8462f713cf096279ef2b219236d05222512135b242,"{""east"":""b1a28b883b4633c7b55388b5b43f571e79efcd391bc0ce6bc07019b5e25d8065"",""north"":""002ee4e68ba2ff1e9da7eb8f1e16c441bba47a8ad5ed36d81dc169204a2cb66d"",""south"":""c667e440b35d715226d38302c0104b35b5d5764fed6125e5bcc80d08fabf1f41"",""west"":""2767619730916a7bca7fe58275301af35dc43db33040cad9a975264954dbabb5""}",7f9fc8a09ddb5ae1d030a55d720f129d54bce3f224fb839f606176b0414f4054
weather_2050_rcp_4_5_pvgis_2020,rcp_4_5,pvgis_2020,2020,2041-2060,8784,22b87437c98bde7fae4254f0a5be0bb03bf2f55550487a986c6f781cc91e05c2,ae635286a682e59589e76561c6d6d8dc860762fd54aba8bce8b4c90a4dd7836d,d543101e7ea78ed2ddaba45de0ca0f44ec997e73ba696c2970de54b1e75cccfc,e40ccb491db9d0ecfe8c9e8462f713cf096279ef2b219236d05222512135b242,"{""east"":""b1a28b883b4633c7b55388b5b43f571e79efcd391bc0ce6bc07019b5e25d8065"",""north"":""002ee4e68ba2ff1e9da7eb8f1e16c441bba47a8ad5ed36d81dc169204a2cb66d"",""south"":""c667e440b35d715226d38302c0104b35b5d5764fed6125e5bcc80d08fabf1f41"",""west"":""2767619730916a7bca7fe58275301af35dc43db33040cad9a975264954dbabb5""}",df4252ff47c8eb5ce2909c4bef11de377e469e33f7e69cadb5b0636797658a2a
weather_2050_rcp_4_5_pvgis_2021,rcp_4_5,pvgis_2021,2021,2041-2060,8760,bdf0837c1d8f795dee5f01b503db5512dd9784f5ef1d10c3b23ade47eb0af9f9,a5f5d6fbefbda4edc9394eb121a828671befbcbc129eaf7e2924bd7e729ab3e2,d543101e7ea78ed2ddaba45de0ca0f44ec997e73ba696c2970de54b1e75cccfc,e40ccb491db9d0ecfe8c9e8462f713cf096279ef2b219236d05222512135b242,"{""east"":""b1a28b883b4633c7b55388b5b43f571e79efcd391bc0ce6bc07019b5e25d8065"",""north"":""002ee4e68ba2ff1e9da7eb8f1e16c441bba47a8ad5ed36d81dc169204a2cb66d"",""south"":""c667e440b35d715226d38302c0104b35b5d5764fed6125e5bcc80d08fabf1f41"",""west"":""2767619730916a7bca7fe58275301af35dc43db33040cad9a975264954dbabb5""}",31b567f73394150179d1225bbc7bf819a71ce712967a33c18720a4835d5ded12
weather_2050_rcp_4_5_pvgis_2022,rcp_4_5,pvgis_2022,2022,2041-2060,8760,4fd9f7983e1937fd9f234ef96f774c90e3917318eee20fa00c5a3890afdb8739,2ceebf257dda9cc9fbeb8cb675d23b3d653555a4f49b6e4b5e362bc05b61bbe9,d543101e7ea78ed2ddaba45de0ca0f44ec997e73ba696c2970de54b1e75cccfc,e40ccb491db9d0ecfe8c9e8462f713cf096279ef2b219236d05222512135b242,"{""east"":""b1a28b883b4633c7b55388b5b43f571e79efcd391bc0ce6bc07019b5e25d8065"",""north"":""002ee4e68ba2ff1e9da7eb8f1e16c441bba47a8ad5ed36d81dc169204a2cb66d"",""south"":""c667e440b35d715226d38302c0104b35b5d5764fed6125e5bcc80d08fabf1f41"",""west"":""2767619730916a7bca7fe58275301af35dc43db33040cad9a975264954dbabb5""}",cfdcc4bd0a178ec4e176562696bc515ba382704f3201d8d644a9d00b089fa45b
weather_2050_rcp_4_5_pvgis_2023,rcp_4_5,pvgis_2023,2023,2041-2060,8760,c29b1fa1752d769753ffddbe692b63b4d388ebc160f401852af4df9eb028e227,d82d4d64d4925bccf8ea9c2b3eca312c76d57ba8a42b8969aa946cf377e88139,d543101e7ea78ed2ddaba45de0ca0f44ec997e73ba696c2970de54b1e75cccfc,e40ccb491db9d0ecfe8c9e8462f713cf096279ef2b219236d05222512135b242,"{""east"":""b1a28b883b4633c7b55388b5b43f571e79efcd391bc0ce6bc07019b5e25d8065"",""north"":""002ee4e68ba2ff1e9da7eb8f1e16c441bba47a8ad5ed36d81dc169204a2cb66d"",""south"":""c667e440b35d715226d38302c0104b35b5d5764fed6125e5bcc80d08fabf1f41"",""west"":""2767619730916a7bca7fe58275301af35dc43db33040cad9a975264954dbabb5""}",e381020a995936effea6f1a8fb71a3ebebb2f629612a2ec2201a61598746ecf4
weather_2050_rcp_8_5_pvgis_2006,rcp_8_5,pvgis_2006,2006,2041-2060,8760,9662ef80486c1d5ac858e8ccd927ebf4ec8cb92c54468c7c4f35ac084937d57c,851b28eb2a0d06637892d86ea12085310cebc9cd9f447aed0a2a9caf3cc166ad,d543101e7ea78ed2ddaba45de0ca0f44ec997e73ba696c2970de54b1e75cccfc,e40ccb491db9d0ecfe8c9e8462f713cf096279ef2b219236d05222512135b242,"{""east"":""b1a28b883b4633c7b55388b5b43f571e79efcd391bc0ce6bc07019b5e25d8065"",""north"":""002ee4e68ba2ff1e9da7eb8f1e16c441bba47a8ad5ed36d81dc169204a2cb66d"",""south"":""c667e440b35d715226d38302c0104b35b5d5764fed6125e5bcc80d08fabf1f41"",""west"":""2767619730916a7bca7fe58275301af35dc43db33040cad9a975264954dbabb5""}",fa5ca643675ab279d7796c763498d9efb3ef3791d9a00da9f8aa70931455f39c
weather_2050_rcp_8_5_pvgis_2007,rcp_8_5,pvgis_2007,2007,2041-2060,8760,6df6dd08c33af8e30d4b343eb6b5503f221a11ee7b2beed144e97d6a68e8dfa2,9ebfc6806e7a4aa3cf4a66c9c77ad3c5ef2fb04064a9b722927b22461e4a9cb2,d543101e7ea78ed2ddaba45de0ca0f44ec997e73ba696c2970de54b1e75cccfc,e40ccb491db9d0ecfe8c9e8462f713cf096279ef2b219236d05222512135b242,"{""east"":""b1a28b883b4633c7b55388b5b43f571e79efcd391bc0ce6bc07019b5e25d8065"",""north"":""002ee4e68ba2ff1e9da7eb8f1e16c441bba47a8ad5ed36d81dc169204a2cb66d"",""south"":""c667e440b35d715226d38302c0104b35b5d5764fed6125e5bcc80d08fabf1f41"",""west"":""2767619730916a7bca7fe58275301af35dc43db33040cad9a975264954dbabb5""}",0bae6489b1edd75d75f937ee9434d576e4831048a1165342656fb1dded06ac09
weather_2050_rcp_8_5_pvgis_2008,rcp_8_5,pvgis_2008,2008,2041-2060,8784,f00295f4e94e099f2fde7c2485d078f8bb031e2ff901af91116d4419d859ef94,0dfd08801155e3993204168f2d24caf866ae031a7dad49cd109bb53c2339c3e3,d543101e7ea78ed2ddaba45de0ca0f44ec997e73ba696c2970de54b1e75cccfc,e40ccb491db9d0ecfe8c9e8462f713cf096279ef2b219236d05222512135b242,"{""east"":""b1a28b883b4633c7b55388b5b43f571e79efcd391bc0ce6bc07019b5e25d8065"",""north"":""002ee4e68ba2ff1e9da7eb8f1e16c441bba47a8ad5ed36d81dc169204a2cb66d"",""south"":""c667e440b35d715226d38302c0104b35b5d5764fed6125e5bcc80d08fabf1f41"",""west"":""2767619730916a7bca7fe58275301af35dc43db33040cad9a975264954dbabb5""}",8162fa8a4a89e33d9e112276079e59dd8dcbca21d9882b5a3b29780df26ad960
weather_2050_rcp_8_5_pvgis_2009,rcp_8_5,pvgis_2009,2009,2041-2060,8760,5922cb919f80983d9fe52be63d27a662eeefe5a8017cd793704a15f7c38aa803,703a209a741e8c865a562af07f0e698f05085babd430a9ebd284b567ced1fb21,d543101e7ea78ed2ddaba45de0ca0f44ec997e73ba696c2970de54b1e75cccfc,e40ccb491db9d0ecfe8c9e8462f713cf096279ef2b219236d05222512135b242,"{""east"":""b1a28b883b4633c7b55388b5b43f571e79efcd391bc0ce6bc07019b5e25d8065"",""north"":""002ee4e68ba2ff1e9da7eb8f1e16c441bba47a8ad5ed36d81dc169204a2cb66d"",""south"":""c667e440b35d715226d38302c0104b35b5d5764fed6125e5bcc80d08fabf1f41"",""west"":""2767619730916a7bca7fe58275301af35dc43db33040cad9a975264954dbabb5""}",b1f09a658a83d3cf5d0d02e29e4e73adbe07d5d3cd3a71692574de7e36a8449c
weather_2050_rcp_8_5_pvgis_2010,rcp_8_5,pvgis_2010,2010,2041-2060,8760,83d75f45c6683d8fe2138d671f5b4f79d927429f86e3bde8a5016b99c9b3e3d4,2998336a4f3150f877724bf673e4d28622e77ca28bedca890398d9114997e905,d543101e7ea78ed2ddaba45de0ca0f44ec997e73ba696c2970de54b1e75cccfc,e40ccb491db9d0ecfe8c9e8462f713cf096279ef2b219236d05222512135b242,"{""east"":""b1a28b883b4633c7b55388b5b43f571e79efcd391bc0ce6bc07019b5e25d8065"",""north"":""002ee4e68ba2ff1e9da7eb8f1e16c441bba47a8ad5ed36d81dc169204a2cb66d"",""south"":""c667e440b35d715226d38302c0104b35b5d5764fed6125e5bcc80d08fabf1f41"",""west"":""2767619730916a7bca7fe58275301af35dc43db33040cad9a975264954dbabb5""}",b9ac82ac76c1130020d14a5d1bc592e4e3e612fff19a1ac976d514e041605997
weather_2050_rcp_8_5_pvgis_2011,rcp_8_5,pvgis_2011,2011,2041-2060,8760,d5f5d7953ff24ab6e26c0bf0a5be1dfd88252de3425e9f2ce40b1945cbb0d26d,8dfd65edf66151e52fcbb6002a7957e1c8f47bde65b455820e437d08c1daf972,d543101e7ea78ed2ddaba45de0ca0f44ec997e73ba696c2970de54b1e75cccfc,e40ccb491db9d0ecfe8c9e8462f713cf096279ef2b219236d05222512135b242,"{""east"":""b1a28b883b4633c7b55388b5b43f571e79efcd391bc0ce6bc07019b5e25d8065"",""north"":""002ee4e68ba2ff1e9da7eb8f1e16c441bba47a8ad5ed36d81dc169204a2cb66d"",""south"":""c667e440b35d715226d38302c0104b35b5d5764fed6125e5bcc80d08fabf1f41"",""west"":""2767619730916a7bca7fe58275301af35dc43db33040cad9a975264954dbabb5""}",4c72bb01bf3f91d2de4b06e781897d6cf1122421ec98642aaf44066c94018b06
weather_2050_rcp_8_5_pvgis_2012,rcp_8_5,pvgis_2012,2012,2041-2060,8784,73f424b56245f7b78a44578a577485bbfc446be35acc769725d14af6f74083bb,2eafdaaf43b3b4adc7212861f06ec61080f3691d40ea61de5ff235db7eb3473d,d543101e7ea78ed2ddaba45de0ca0f44ec997e73ba696c2970de54b1e75cccfc,e40ccb491db9d0ecfe8c9e8462f713cf096279ef2b219236d05222512135b242,"{""east"":""b1a28b883b4633c7b55388b5b43f571e79efcd391bc0ce6bc07019b5e25d8065"",""north"":""002ee4e68ba2ff1e9da7eb8f1e16c441bba47a8ad5ed36d81dc169204a2cb66d"",""south"":""c667e440b35d715226d38302c0104b35b5d5764fed6125e5bcc80d08fabf1f41"",""west"":""2767619730916a7bca7fe58275301af35dc43db33040cad9a975264954dbabb5""}",3cfa83f471fc0c120b9c2192d6e5748bd8baa7d9c9900a26c2c6e4cc1dd87879
weather_2050_rcp_8_5_pvgis_2013,rcp_8_5,pvgis_2013,2013,2041-2060,8760,0c6ab13b7e8d4374fb5e0c7d8ec978d2f15280a99366498855cecab4d95f4a37,7d7fad55b17512eae87b96d6d21f2805d8ac3ca7361e0c38b909ed2322784af4,d543101e7ea78ed2ddaba45de0ca0f44ec997e73ba696c2970de54b1e75cccfc,e40ccb491db9d0ecfe8c9e8462f713cf096279ef2b219236d05222512135b242,"{""east"":""b1a28b883b4633c7b55388b5b43f571e79efcd391bc0ce6bc07019b5e25d8065"",""north"":""002ee4e68ba2ff1e9da7eb8f1e16c441bba47a8ad5ed36d81dc169204a2cb66d"",""south"":""c667e440b35d715226d38302c0104b35b5d5764fed6125e5bcc80d08fabf1f41"",""west"":""2767619730916a7bca7fe58275301af35dc43db33040cad9a975264954dbabb5""}",970305f966cfdd75591c5bafb2e9058f416618c580be63674324507165964c76
weather_2050_rcp_8_5_pvgis_2014,rcp_8_5,pvgis_2014,2014,2041-2060,8760,413b00ac66b0f3ffa91968943ea11b2acd14af15cb824663a17342a94662bd78,0a6f1225fc471868e55563895cd69be12e38cbfae0ad33e6ea9f9f760a74f881,d543101e7ea78ed2ddaba45de0ca0f44ec997e73ba696c2970de54b1e75cccfc,e40ccb491db9d0ecfe8c9e8462f713cf096279ef2b219236d05222512135b242,"{""east"":""b1a28b883b4633c7b55388b5b43f571e79efcd391bc0ce6bc07019b5e25d8065"",""north"":""002ee4e68ba2ff1e9da7eb8f1e16c441bba47a8ad5ed36d81dc169204a2cb66d"",""south"":""c667e440b35d715226d38302c0104b35b5d5764fed6125e5bcc80d08fabf1f41"",""west"":""2767619730916a7bca7fe58275301af35dc43db33040cad9a975264954dbabb5""}",8d38136f687f43c9db8a2e96d4c93f464b5418bf233dcb7c62c7acc035d35d70
weather_2050_rcp_8_5_pvgis_2015,rcp_8_5,pvgis_2015,2015,2041-2060,8760,29c8b39880bb51d931594bf3b360b669f91b90279ac28e85414a4f3f841520e0,2c3a80581cf44dbc56da42b6482e5a3f0c6314eda38bdbe77f162c875cc8ff2e,d543101e7ea78ed2ddaba45de0ca0f44ec997e73ba696c2970de54b1e75cccfc,e40ccb491db9d0ecfe8c9e8462f713cf096279ef2b219236d05222512135b242,"{""east"":""b1a28b883b4633c7b55388b5b43f571e79efcd391bc0ce6bc07019b5e25d8065"",""north"":""002ee4e68ba2ff1e9da7eb8f1e16c441bba47a8ad5ed36d81dc169204a2cb66d"",""south"":""c667e440b35d715226d38302c0104b35b5d5764fed6125e5bcc80d08fabf1f41"",""west"":""2767619730916a7bca7fe58275301af35dc43db33040cad9a975264954dbabb5""}",1bc327970bc3c515d82fa7000ce93c3cb1a7da349078f9fffd33583cb561d468
weather_2050_rcp_8_5_pvgis_2016,rcp_8_5,pvgis_2016,2016,2041-2060,8784,53a30a2eddacc26c9bf7e83f0491bee18b1f9b3d58099faa3f5c4bd9dfc297d2,8a22656619d215cc6c2e1fd03748f5a82442fc62fdb013b779b91f9fa080f853,d543101e7ea78ed2ddaba45de0ca0f44ec997e73ba696c2970de54b1e75cccfc,e40ccb491db9d0ecfe8c9e8462f713cf096279ef2b219236d05222512135b242,"{""east"":""b1a28b883b4633c7b55388b5b43f571e79efcd391bc0ce6bc07019b5e25d8065"",""north"":""002ee4e68ba2ff1e9da7eb8f1e16c441bba47a8ad5ed36d81dc169204a2cb66d"",""south"":""c667e440b35d715226d38302c0104b35b5d5764fed6125e5bcc80d08fabf1f41"",""west"":""2767619730916a7bca7fe58275301af35dc43db33040cad9a975264954dbabb5""}",b237ebfa3bbfaadbfafe3a552f15f22c1cc38e953b98cccf56f5d2bdbcebadf4
weather_2050_rcp_8_5_pvgis_2017,rcp_8_5,pvgis_2017,2017,2041-2060,8760,6c415e1105f55a76428b491b7555c8322389473a8b80dc469c15e5140b75ce67,f90d4b3512be6e653f1209ca6775453d5934e025e1e3ecd0afc9bba559712c77,d543101e7ea78ed2ddaba45de0ca0f44ec997e73ba696c2970de54b1e75cccfc,e40ccb491db9d0ecfe8c9e8462f713cf096279ef2b219236d05222512135b242,"{""east"":""b1a28b883b4633c7b55388b5b43f571e79efcd391bc0ce6bc07019b5e25d8065"",""north"":""002ee4e68ba2ff1e9da7eb8f1e16c441bba47a8ad5ed36d81dc169204a2cb66d"",""south"":""c667e440b35d715226d38302c0104b35b5d5764fed6125e5bcc80d08fabf1f41"",""west"":""2767619730916a7bca7fe58275301af35dc43db33040cad9a975264954dbabb5""}",24f9dea22d1261187e095215f3347b6940fe17ac29aef0ec0366c47c6c26d9b6
weather_2050_rcp_8_5_pvgis_2018,rcp_8_5,pvgis_2018,2018,2041-2060,8760,cb1f26c034fd52299e135c9e8cb01ddecf75b316b293183fd33c513b38e62ebe,4f5315d94bbb36ba08804773d6b8091854d9ae052bebdbeab5216635b19e58be,d543101e7ea78ed2ddaba45de0ca0f44ec997e73ba696c2970de54b1e75cccfc,e40ccb491db9d0ecfe8c9e8462f713cf096279ef2b219236d05222512135b242,"{""east"":""b1a28b883b4633c7b55388b5b43f571e79efcd391bc0ce6bc07019b5e25d8065"",""north"":""002ee4e68ba2ff1e9da7eb8f1e16c441bba47a8ad5ed36d81dc169204a2cb66d"",""south"":""c667e440b35d715226d38302c0104b35b5d5764fed6125e5bcc80d08fabf1f41"",""west"":""2767619730916a7bca7fe58275301af35dc43db33040cad9a975264954dbabb5""}",356f4ec5f4c4a2000e0c8d60cd3424374c6e83e72c552af2b8e7689b5cddaddf
weather_2050_rcp_8_5_pvgis_2019,rcp_8_5,pvgis_2019,2019,2041-2060,8760,b4e238ddd59e771f25225b209035870888538e2e80b6d5a379646eaffe228d84,bb8b4465705651f5229a5244b09a4a79cfafd1c0b7da376bf2ae7b16fbf386c1,d543101e7ea78ed2ddaba45de0ca0f44ec997e73ba696c2970de54b1e75cccfc,e40ccb491db9d0ecfe8c9e8462f713cf096279ef2b219236d05222512135b242,"{""east"":""b1a28b883b4633c7b55388b5b43f571e79efcd391bc0ce6bc07019b5e25d8065"",""north"":""002ee4e68ba2ff1e9da7eb8f1e16c441bba47a8ad5ed36d81dc169204a2cb66d"",""south"":""c667e440b35d715226d38302c0104b35b5d5764fed6125e5bcc80d08fabf1f41"",""west"":""2767619730916a7bca7fe58275301af35dc43db33040cad9a975264954dbabb5""}",1f9391e452964f38b071e546866d39dab2674118792f7af71038ff53034e2d80
weather_2050_rcp_8_5_pvgis_2020,rcp_8_5,pvgis_2020,2020,2041-2060,8784,27655120fc9c58b473e10ee9b70e2907ff61c9fa0f66306afbb8706f7fc5c9dc,3eb0de0e10771e37ea57eb9ae6f787a02946e075846b4ea6ed5096cb7aeb96e5,d543101e7ea78ed2ddaba45de0ca0f44ec997e73ba696c2970de54b1e75cccfc,e40ccb491db9d0ecfe8c9e8462f713cf096279ef2b219236d05222512135b242,"{""east"":""b1a28b883b4633c7b55388b5b43f571e79efcd391bc0ce6bc07019b5e25d8065"",""north"":""002ee4e68ba2ff1e9da7eb8f1e16c441bba47a8ad5ed36d81dc169204a2cb66d"",""south"":""c667e440b35d715226d38302c0104b35b5d5764fed6125e5bcc80d08fabf1f41"",""west"":""2767619730916a7bca7fe58275301af35dc43db33040cad9a975264954dbabb5""}",3a809054fec3ec2fb444dd0c8e4946c468cc478bc490ca645b8f1e682b441a35
weather_2050_rcp_8_5_pvgis_2021,rcp_8_5,pvgis_2021,2021,2041-2060,8760,c75a9a2fef614b482b2ef42c1cd5fb5a8e41a79548891ffb35cfcbb050a01141,d9464b9b384ef7420ee80cc141b3a60b89fde1b62134cb73a56257ee1a3001f7,d543101e7ea78ed2ddaba45de0ca0f44ec997e73ba696c2970de54b1e75cccfc,e40ccb491db9d0ecfe8c9e8462f713cf096279ef2b219236d05222512135b242,"{""east"":""b1a28b883b4633c7b55388b5b43f571e79efcd391bc0ce6bc07019b5e25d8065"",""north"":""002ee4e68ba2ff1e9da7eb8f1e16c441bba47a8ad5ed36d81dc169204a2cb66d"",""south"":""c667e440b35d715226d38302c0104b35b5d5764fed6125e5bcc80d08fabf1f41"",""west"":""2767619730916a7bca7fe58275301af35dc43db33040cad9a975264954dbabb5""}",c40352b41a176b73ff041bdcc0cf382b111e900f5b7d02ad458a1727bbfbf300
weather_2050_rcp_8_5_pvgis_2022,rcp_8_5,pvgis_2022,2022,2041-2060,8760,02435a1f2d15ccdd6f5a6babb81543febc60227ca74a47f18a8fd2ffa0e4b452,23bcde0c5155c5b27e904183ac718f9d1a915fb826be7bc9cefc1006a5d5e5af,d543101e7ea78ed2ddaba45de0ca0f44ec997e73ba696c2970de54b1e75cccfc,e40ccb491db9d0ecfe8c9e8462f713cf096279ef2b219236d05222512135b242,"{""east"":""b1a28b883b4633c7b55388b5b43f571e79efcd391bc0ce6bc07019b5e25d8065"",""north"":""002ee4e68ba2ff1e9da7eb8f1e16c441bba47a8ad5ed36d81dc169204a2cb66d"",""south"":""c667e440b35d715226d38302c0104b35b5d5764fed6125e5bcc80d08fabf1f41"",""west"":""2767619730916a7bca7fe58275301af35dc43db33040cad9a975264954dbabb5""}",341ae0b0470fb90185111f8286169fc052a8253e580185f81bdbc1ae55e90679
weather_2050_rcp_8_5_pvgis_2023,rcp_8_5,pvgis_2023,2023,2041-2060,8760,038ded596464c039c3d53d57924d622472a09629da07d951a4b8652e9e6b5229,6934ed3dcf6a1f2362ec8b011167f9b8635f63c6c687841355152e612ffe682b,d543101e7ea78ed2ddaba45de0ca0f44ec997e73ba696c2970de54b1e75cccfc,e40ccb491db9d0ecfe8c9e8462f713cf096279ef2b219236d05222512135b242,"{""east"":""b1a28b883b4633c7b55388b5b43f571e79efcd391bc0ce6bc07019b5e25d8065"",""north"":""002ee4e68ba2ff1e9da7eb8f1e16c441bba47a8ad5ed36d81dc169204a2cb66d"",""south"":""c667e440b35d715226d38302c0104b35b5d5764fed6125e5bcc80d08fabf1f41"",""west"":""2767619730916a7bca7fe58275301af35dc43db33040cad9a975264954dbabb5""}",a0669323f881229689cc462c2260f65e4cca549fb0e4e4dee90c594a76d62c47
