archetype_id,state_id,climate_scenario_id,model_scenario_id,metric,sample_count,weather_member_count,occupant_seed_count,minimum,p05,p25,median,mean,p75,p95,maximum,standard_deviation,interval_interpretation
BE_TABULA_11,TABULA_advanced_A_proxy,rcp_4_5,central,annual_heating_kWh,6,2,3,6722.568831641117,6723.1314780560042,6728.3479707278602,8457.2730383274902,8460.1882115152894,10184.901732507877,10205.397126890241,10211.19678203299,1896.7119882767215,descriptive empirical interval over included weather years and seeds
BE_TABULA_11,TABULA_advanced_A_proxy,rcp_4_5,central,annual_cooling_kWh,6,2,3,727.48629521398982,730.89929067967876,741.49110246981286,756.30270265245167,764.58452455327563,777.80310501372082,814.51511172651226,825.89163859101689,35.91577138002679,descriptive empirical interval over included weather years and seeds
BE_TABULA_11,TABULA_advanced_A_proxy,rcp_4_5,central,heating_intensity_kWh_m2,6,2,3,28.198694763595288,28.201054857617464,28.222936118824915,35.475138583588461,35.487366659040646,42.721903240385387,42.807873854405372,42.832201266916904,7.9560066622345706,descriptive empirical interval over included weather years and seeds
BE_TABULA_11,TABULA_advanced_A_proxy,rcp_4_5,central,cooling_intensity_kWh_m2,6,2,3,3.0515364732130443,3.0658527293610685,3.1102814700914969,3.1724106654884716,3.207149851314075,3.2625969170038625,3.4165902337521485,3.4643105645596344,0.15065340343970962,descriptive empirical interval over included weather years and seeds
BE_TABULA_11,TABULA_advanced_A_proxy,rcp_4_5,central,peak_heating_W,6,2,3,7230.9129633720386,7249.4898994743171,7380.6297609800977,7793.7516456652247,7772.0062895429801,8132.8224884695092,8289.5266505599229,8324.8529137327278,459.66979876306021,descriptive empirical interval over included weather years and seeds
BE_TABULA_11,TABULA_advanced_A_proxy,rcp_4_5,central,peak_cooling_W,6,2,3,4429.5073832215539,4455.7154962128225,4560.5306164065096,4670.907024133845,4631.0801527386629,4723.4848887142689,4745.4099928744872,4750.4101608709234,125.92981748872613,descriptive empirical interval over included weather years and seeds
BE_TABULA_11,TABULA_advanced_A_proxy,rcp_4_5,central,heating_full_load_equivalent_hours,6,2,3,884.04704959149296,893.09571591141923,923.17170054316171,1077.1395213769524,1080.4878801388502,1241.407878931022,1269.3839167908395,1276.5880967734265,185.94759687670003,descriptive empirical interval over included weather years and seeds
BE_TABULA_11,TABULA_advanced_A_proxy,rcp_4_5,central,cooling_full_load_equivalent_hours,6,2,3,153.78928545685744,154.74148615429812,159.26794254961177,165.13495191743419,165.23931224004517,167.22589183035339,178.51541876892171,182.14153958688098,9.8226075397541699,descriptive empirical interval over included weather years and seeds
BE_TABULA_11,TABULA_advanced_A_proxy,rcp_4_5,mass_heavy,annual_heating_kWh,6,2,3,6685.6371631961301,6688.4493117054017,6697.0860556306079,8417.5033002113305,8421.880390648812,10142.153474549905,10163.432242514031,10169.988073507624,1893.4882157287627,descriptive empirical interval over included weather years and seeds
BE_TABULA_11,TABULA_advanced_A_proxy,rcp_4_5,mass_heavy,annual_cooling_kWh,6,2,3,614.00284398554732,616.55312688553431,624.7038467923976,631.1278605019603,640.96044798262153,645.099569466292,684.91744094484943,697.18480822931565,29.872133897624121,descriptive empirical interval over included weather years and seeds
BE_TABULA_11,TABULA_advanced_A_proxy,rcp_4_5,mass_heavy,heating_intensity_kWh_m2,6,2,3,28.043780046963633,28.055575971918628,28.091803924625033,35.308319212295842,35.326679490976566,42.542590077810004,42.631846654840729,42.659345945921238,7.9424841263790373,descriptive empirical interval over included weather years and seeds
BE_TABULA_11,TABULA_advanced_A_proxy,rcp_4_5,mass_heavy,cooling_intensity_kWh_m2,6,2,3,2.5755152851742755,2.5862127805601269,2.6204020419144194,2.6473484081458065,2.6885924831485801,2.7059545699089429,2.8729758428894687,2.9244329204249815,0.12530257507392664,descriptive empirical interval over included weather years and seeds
BE_TABULA_11,TABULA_advanced_A_proxy,rcp_4_5,mass_heavy,peak_heating_W,6,2,3,6915.0076230348832,7039.8322407816777,7426.7716972553008,7700.9826919112111,7652.2256899928543,7956.7008091704447,8155.0552193392577,8219.0729191396349,476.42636154229058,descriptive empirical interval over included weather years and seeds
BE_TABULA_11,TABULA_advanced_A_proxy,rcp_4_5,mass_heavy,peak_cooling_W,6,2,3,4039.9473977428588,4055.6144938154575,4132.306649961175,4271.3396663524318,4240.2109716127679,4350.7881038145579,4386.7087651803377,4395.4058717628604,144.60372617131759,descriptive empirical interval over included weather years and seeds
BE_TABULA_11,TABULA_advanced_A_proxy,rcp_4_5,mass_heavy,heating_full_load_equivalent_hours,6,2,3,897.2045246557791,898.33369939013562,918.43406908174506,1100.9811386348683,1092.6583093818299,1266.2136774450369,1277.7188667362307,1277.9068180863326,188.79500758379771,descriptive empirical interval over included weather years and seeds
BE_TABULA_11,TABULA_advanced_A_proxy,rcp_4_5,mass_heavy,cooling_full_load_equivalent_hours,6,2,3,139.69195607851566,140.99669071675308,145.84048568887374,149.6516487266185,151.43778244530617,151.77936149512249,167.46650865007226,172.57274404583504,11.280306212604376,descriptive empirical interval over included weather years and seeds
BE_TABULA_11,TABULA_existing,rcp_4_5,central,annual_heating_kWh,6,2,3,41278.906105183851,41373.675699095387,41680.254163258025,47336.365414585351,47423.548073571154,53298.670878991688,53487.247620125418,53508.661727129656,6426.7603584969238,descriptive empirical interval over included weather years and seeds
BE_TABULA_11,TABULA_existing,rcp_4_5,central,annual_cooling_kWh,6,2,3,356.88738389738097,357.18891299104905,358.63727210342938,361.04916171169509,363.1897228606345,365.60437575417779,373.11305264642414,375.19654050735681,6.8370633050579643,descriptive empirical interval over included weather years and seeds
BE_TABULA_11,TABULA_existing,rcp_4_5,central,heating_intensity_kWh_m2,6,2,3,173.14977393114032,173.54729739553437,174.83328088614942,198.55857975916675,198.92427883209379,223.56825033134095,224.35926015153279,224.44908442587942,26.957887409802527,descriptive empirical interval over included weather years and seeds
BE_TABULA_11,TABULA_existing,rcp_4_5,central,cooling_intensity_kWh_m2,6,2,3,1.4970108384957255,1.4982756417409775,1.5043509735882103,1.5144679602000632,1.5234468240798431,1.5335754016534302,1.5650715295571482,1.5738109920610603,0.028678956816518282,descriptive empirical interval over included weather years and seeds
BE_TABULA_11,TABULA_existing,rcp_4_5,central,peak_heating_W,6,2,3,19023.788401188292,19077.268361201172,19338.781156803074,20695.089976769254,20739.306281653382,22204.769219981343,22409.638015485321,22427.19548399379,1605.334700497408,descriptive empirical interval over included weather years and seeds
BE_TABULA_11,TABULA_existing,rcp_4_5,central,peak_cooling_W,6,2,3,7286.3282182383673,7358.6493826264505,7576.6465583360459,7647.6063988733968,7648.8462233695982,7817.6728916404645,7876.0715238667708,7884.1813235126774,220.24735610150879,descriptive empirical interval over included weather years and seeds
BE_TABULA_11,TABULA_existing,rcp_4_5,central,heating_full_load_equivalent_hours,6,2,3,2101.5632984420981,2117.5309344969655,2172.6919657457925,2290.1746069520323,2278.410058697461,2388.6304731271362,2422.5623289489522,2433.5676593093863,140.7554698120064,descriptive empirical interval over included weather years and seeds
BE_TABULA_11,TABULA_existing,rcp_4_5,central,cooling_full_load_equivalent_hours,6,2,3,45.606885016653443,45.628942998868851,45.995508800322455,46.99051023663506,47.533839076094161,48.091174072519458,50.72661565225269,51.493225293942217,2.198916314660317,descriptive empirical interval over included weather years and seeds
BE_TABULA_11,TABULA_existing,rcp_4_5,mass_heavy,annual_heating_kWh,6,2,3,41034.211347758581,41133.013107163206,41452.677603231125,47110.724244513418,47193.400479490192,53072.816166310964,53257.781585582285,53277.900843775242,6429.6144902774267,descriptive empirical interval over included weather years and seeds
BE_TABULA_11,TABULA_existing,rcp_4_5,mass_heavy,annual_cooling_kWh,6,2,3,231.38027157917426,233.26911228299349,241.22817168348772,258.46225895801643,255.8759604995561,269.64444743950315,276.05166176532941,278.09565397681951,19.004449211362285,descriptive empirical interval over included weather years and seeds
BE_TABULA_11,TABULA_existing,rcp_4_5,mass_heavy,heating_intensity_kWh_m2,6,2,3,172.12336974730948,172.53780665756378,173.87868122160705,197.61209834107976,197.95889462873401,222.62087318083456,223.39673483885187,223.4811277003995,26.969859439083159,descriptive empirical interval over included weather years and seeds
BE_TABULA_11,TABULA_existing,rcp_4_5,mass_heavy,cooling_intensity_kWh_m2,6,2,3,0.97055483044955648,0.97847781997899952,1.0118631362562405,1.0841537707970488,1.0733052034377353,1.1310589238234192,1.1579348228411468,1.1665086156745785,0.079716649376519649,descriptive empirical interval over included weather years and seeds
BE_TABULA_11,TABULA_existing,rcp_4_5,mass_heavy,peak_heating_W,6,2,3,18631.128321368185,18649.587444386165,18874.785691655718,20417.644975326206,20393.779792043864,21854.133235222725,22149.223197345025,22202.798561288804,1668.0326626757201,descriptive empirical interval over included weather years and seeds
BE_TABULA_11,TABULA_existing,rcp_4_5,mass_heavy,peak_cooling_W,6,2,3,6354.7857235623078,6368.5481075968519,6450.2728542949526,6734.7273844111332,6752.7045175076137,7070.9131718450908,7147.3162552810554,7153.5568340818018,355.4578401947519,descriptive empirical interval over included weather years and seeds
BE_TABULA_11,TABULA_existing,rcp_4_5,mass_heavy,heating_full_load_equivalent_hours,6,2,3,2116.8843205583125,2141.3854580035641,2218.3317173250935,2314.1316022912351,2306.0127173549495,2414.3980015221487,2447.3650881891053,2456.7102220534139,137.379848077308,descriptive empirical interval over included weather years and seeds
BE_TABULA_11,TABULA_existing,rcp_4_5,mass_heavy,cooling_full_load_equivalent_hours,6,2,3,36.097693966316712,36.162995829983757,36.696656253225733,37.721077705927328,37.87621194279081,38.714822954239658,39.997714450682722,40.316168472571164,1.6016872996104137,descriptive empirical interval over included weather years and seeds
