archetype_id,state_id,climate_scenario_id,weather_member_id,weather_pair_id,observed_pvgis_year,occupant_seed,baseline_model_scenario_id,comparison_model_scenario_id,comparison_model_scenario_axis,metric,baseline_value,comparison_value,delta
BE_TABULA_11,TABULA_advanced_A_proxy,rcp_4_5,weather_2050_rcp_4_5_pvgis_2010,pvgis_2010,2010,556301278,central,mass_heavy,thermal_mass,annual_heating_kWh,10187.99816146199,10143.764749533249,-44.233411928740679
BE_TABULA_11,TABULA_advanced_A_proxy,rcp_4_5,weather_2050_rcp_4_5_pvgis_2010,pvgis_2010,2010,556301278,central,mass_heavy,thermal_mass,annual_cooling_kWh,727.48629521398982,614.00284398554732,-113.4834512284425
BE_TABULA_11,TABULA_advanced_A_proxy,rcp_4_5,weather_2050_rcp_4_5_pvgis_2010,pvgis_2010,2010,556301278,central,mass_heavy,thermal_mass,heating_intensity_kWh_m2,42.734891616870762,42.5493487815992,-0.18554283527156201
BE_TABULA_11,TABULA_advanced_A_proxy,rcp_4_5,weather_2050_rcp_4_5_pvgis_2010,pvgis_2010,2010,556301278,central,mass_heavy,thermal_mass,cooling_intensity_kWh_m2,3.0515364732130443,2.5755152851742755,-0.47602118803876881
BE_TABULA_11,TABULA_advanced_A_proxy,rcp_4_5,weather_2050_rcp_4_5_pvgis_2010,pvgis_2010,2010,556301278,central,mass_heavy,thermal_mass,peak_heating_W,7980.6463707535204,7937.7968768674009,-42.84949388611949
BE_TABULA_11,TABULA_advanced_A_proxy,rcp_4_5,weather_2050_rcp_4_5_pvgis_2010,pvgis_2010,2010,556301278,central,mass_heavy,thermal_mass,peak_cooling_W,4730.4094888851787,4395.4058717628604,-335.00361712231825
BE_TABULA_11,TABULA_existing,rcp_4_5,weather_2050_rcp_4_5_pvgis_2010,pvgis_2010,2010,556301278,central,mass_heavy,thermal_mass,annual_heating_kWh,52925.667618628642,52698.993232233581,-226.67438639506145
BE_TABULA_11,TABULA_existing,rcp_4_5,weather_2050_rcp_4_5_pvgis_2010,pvgis_2010,2010,556301278,central,mass_heavy,thermal_mass,annual_cooling_kWh,360.26858759755754,268.81873436543549,-91.449853232122052
BE_TABULA_11,TABULA_existing,rcp_4_5,weather_2050_rcp_4_5_pvgis_2010,pvgis_2010,2010,556301278,central,mass_heavy,thermal_mass,heating_intensity_kWh_m2,222.00363933988524,221.05282396071132,-0.95081537917391756
BE_TABULA_11,TABULA_existing,rcp_4_5,weather_2050_rcp_4_5_pvgis_2010,pvgis_2010,2010,556301278,central,mass_heavy,thermal_mass,cooling_intensity_kWh_m2,1.5111937399226407,1.1275953622711219,-0.38359837765151883
BE_TABULA_11,TABULA_existing,rcp_4_5,weather_2050_rcp_4_5_pvgis_2010,pvgis_2010,2010,556301278,central,mass_heavy,thermal_mass,peak_heating_W,21748.180050045634,21451.041624349866,-297.13842569576809
BE_TABULA_11,TABULA_existing,rcp_4_5,weather_2050_rcp_4_5_pvgis_2010,pvgis_2010,2010,556301278,central,mass_heavy,thermal_mass,peak_cooling_W,7884.1813235126774,7128.5945188788182,-755.58680463385917
BE_TABULA_11,TABULA_advanced_A_proxy,rcp_4_5,weather_2050_rcp_4_5_pvgis_2010,pvgis_2010,2010,1203443498,central,mass_heavy,thermal_mass,annual_heating_kWh,10175.612445645535,10137.319649599875,-38.292796045659998
BE_TABULA_11,TABULA_advanced_A_proxy,rcp_4_5,weather_2050_rcp_4_5_pvgis_2010,pvgis_2010,2010,1203443498,central,mass_heavy,thermal_mass,annual_cooling_kWh,741.13827707674557,626.20346041310461,-114.93481666364096
BE_TABULA_11,TABULA_advanced_A_proxy,rcp_4_5,weather_2050_rcp_4_5_pvgis_2010,pvgis_2010,2010,1203443498,central,mass_heavy,thermal_mass,heating_intensity_kWh_m2,42.682938110929257,42.522313966442425,-0.16062414448683171
BE_TABULA_11,TABULA_advanced_A_proxy,rcp_4_5,weather_2050_rcp_4_5_pvgis_2010,pvgis_2010,2010,1203443498,central,mass_heavy,thermal_mass,cooling_intensity_kWh_m2,3.1088014978051408,2.6266923675046332,-0.48210913030050762
BE_TABULA_11,TABULA_advanced_A_proxy,rcp_4_5,weather_2050_rcp_4_5_pvgis_2010,pvgis_2010,2010,1203443498,central,mass_heavy,thermal_mass,peak_heating_W,8324.8529137327278,8219.0729191396349,-105.77999459309285
BE_TABULA_11,TABULA_advanced_A_proxy,rcp_4_5,weather_2050_rcp_4_5_pvgis_2010,pvgis_2010,2010,1203443498,central,mass_heavy,thermal_mass,peak_cooling_W,4702.7110882015395,4321.3000789599255,-381.41100924161401
BE_TABULA_11,TABULA_existing,rcp_4_5,weather_2050_rcp_4_5_pvgis_2010,pvgis_2010,2010,1203443498,central,mass_heavy,thermal_mass,annual_heating_kWh,53508.661727129656,53277.900843775242,-230.76088335441455
BE_TABULA_11,TABULA_existing,rcp_4_5,weather_2050_rcp_4_5_pvgis_2010,pvgis_2010,2010,1203443498,central,mass_heavy,thermal_mass,annual_cooling_kWh,358.09350027205329,269.91968513085902,-88.173815141194268
BE_TABULA_11,TABULA_existing,rcp_4_5,weather_2050_rcp_4_5_pvgis_2010,pvgis_2010,2010,1203443498,central,mass_heavy,thermal_mass,heating_intensity_kWh_m2,224.44908442587942,223.4811277003995,-0.9679567254799224
BE_TABULA_11,TABULA_existing,rcp_4_5,weather_2050_rcp_4_5_pvgis_2010,pvgis_2010,2010,1203443498,central,mass_heavy,thermal_mass,cooling_intensity_kWh_m2,1.5020700514767336,1.1322134443408516,-0.36985660713588198
BE_TABULA_11,TABULA_existing,rcp_4_5,weather_2050_rcp_4_5_pvgis_2010,pvgis_2010,2010,1203443498,central,mass_heavy,thermal_mass,peak_heating_W,22427.19548399379,22202.798561288804,-224.39692270498563
BE_TABULA_11,TABULA_existing,rcp_4_5,weather_2050_rcp_4_5_pvgis_2010,pvgis_2010,2010,1203443498,central,mass_heavy,thermal_mass,peak_cooling_W,7851.7421249290492,7153.5568340818018,-698.18529084724742
BE_TABULA_11,TABULA_advanced_A_proxy,rcp_4_5,weather_2050_rcp_4_5_pvgis_2010,pvgis_2010,2010,2404203277,central,mass_heavy,thermal_mass,annual_heating_kWh,10211.19678203299,10169.988073507624,-41.208708525366092
BE_TABULA_11,TABULA_advanced_A_proxy,rcp_4_5,weather_2050_rcp_4_5_pvgis_2010,pvgis_2010,2010,2404203277,central,mass_heavy,thermal_mass,annual_cooling_kWh,742.54957864901451,624.2039755854953,-118.34560306351921
BE_TABULA_11,TABULA_advanced_A_proxy,rcp_4_5,weather_2050_rcp_4_5_pvgis_2010,pvgis_2010,2010,2404203277,central,mass_heavy,thermal_mass,heating_intensity_kWh_m2,42.832201266916904,42.659345945921238,-0.17285532099566581
BE_TABULA_11,TABULA_advanced_A_proxy,rcp_4_5,weather_2050_rcp_4_5_pvgis_2010,pvgis_2010,2010,2404203277,central,mass_heavy,thermal_mass,cooling_intensity_kWh_m2,3.1147213869505643,2.6183052667176816,-0.49641612023288273
BE_TABULA_11,TABULA_advanced_A_proxy,rcp_4_5,weather_2050_rcp_4_5_pvgis_2010,pvgis_2010,2010,2404203277,central,mass_heavy,thermal_mass,peak_heating_W,8183.5478610415057,7963.0021199381254,-220.54574110338035
BE_TABULA_11,TABULA_advanced_A_proxy,rcp_4_5,weather_2050_rcp_4_5_pvgis_2010,pvgis_2010,2010,2404203277,central,mass_heavy,thermal_mass,peak_cooling_W,4429.5073832215539,4102.6157820332537,-326.89160118830023
BE_TABULA_11,TABULA_existing,rcp_4_5,weather_2050_rcp_4_5_pvgis_2010,pvgis_2010,2010,2404203277,central,mass_heavy,thermal_mass,annual_heating_kWh,53423.005299112701,53197.42381100342,-225.58148810928105
BE_TABULA_11,TABULA_existing,rcp_4_5,weather_2050_rcp_4_5_pvgis_2010,pvgis_2010,2010,2404203277,central,mass_heavy,thermal_mass,annual_cooling_kWh,366.86258906362616,278.09565397681951,-88.766935086806654
BE_TABULA_11,TABULA_existing,rcp_4_5,weather_2050_rcp_4_5_pvgis_2010,pvgis_2010,2010,2404203277,central,mass_heavy,thermal_mass,heating_intensity_kWh_m2,224.08978732849286,223.14355625420896,-0.94623107428390085
BE_TABULA_11,TABULA_existing,rcp_4_5,weather_2050_rcp_4_5_pvgis_2010,pvgis_2010,2010,2404203277,central,mass_heavy,thermal_mass,cooling_intensity_kWh_m2,1.5388531420454117,1.1665086156745785,-0.37234452637083315
BE_TABULA_11,TABULA_existing,rcp_4_5,weather_2050_rcp_4_5_pvgis_2010,pvgis_2010,2010,2404203277,central,mass_heavy,thermal_mass,peak_heating_W,22356.965609959912,21988.497105513681,-368.46850444623124
BE_TABULA_11,TABULA_existing,rcp_4_5,weather_2050_rcp_4_5_pvgis_2010,pvgis_2010,2010,2404203277,central,mass_heavy,thermal_mass,peak_cooling_W,7575.6128757906999,6897.8691307439094,-677.74374504679054
BE_TABULA_11,TABULA_advanced_A_proxy,rcp_4_5,weather_2050_rcp_4_5_pvgis_2015,pvgis_2015,2015,556301278,central,mass_heavy,thermal_mass,annual_heating_kWh,6724.819417300665,6696.8857572332154,-27.933660067449637
BE_TABULA_11,TABULA_advanced_A_proxy,rcp_4_5,weather_2050_rcp_4_5_pvgis_2015,pvgis_2015,2015,556301278,central,mass_heavy,thermal_mass,annual_cooling_kWh,770.05582665588872,636.05226059081599,-134.00356606507273
BE_TABULA_11,TABULA_advanced_A_proxy,rcp_4_5,weather_2050_rcp_4_5_pvgis_2015,pvgis_2015,2015,556301278,central,mass_heavy,thermal_mass,heating_intensity_kWh_m2,28.208135139683996,28.090963746783622,-0.11717139290037437
BE_TABULA_11,TABULA_advanced_A_proxy,rcp_4_5,weather_2050_rcp_4_5_pvgis_2015,pvgis_2015,2015,556301278,central,mass_heavy,thermal_mass,cooling_intensity_kWh_m2,3.2300999440263789,2.6680044487869798,-0.56209549523939906
BE_TABULA_11,TABULA_advanced_A_proxy,rcp_4_5,weather_2050_rcp_4_5_pvgis_2015,pvgis_2015,2015,556301278,central,mass_heavy,thermal_mass,peak_heating_W,7606.85692057693,7464.1685069550203,-142.6884136219096
BE_TABULA_11,TABULA_advanced_A_proxy,rcp_4_5,weather_2050_rcp_4_5_pvgis_2015,pvgis_2015,2015,556301278,central,mass_heavy,thermal_mass,peak_cooling_W,4639.1029600661495,4221.3792537449381,-417.72370632121147
BE_TABULA_11,TABULA_existing,rcp_4_5,weather_2050_rcp_4_5_pvgis_2015,pvgis_2015,2015,556301278,central,mass_heavy,thermal_mass,annual_heating_kWh,41278.906105183851,41034.211347758581,-244.69475742526993
BE_TABULA_11,TABULA_existing,rcp_4_5,weather_2050_rcp_4_5_pvgis_2015,pvgis_2015,2015,556301278,central,mass_heavy,thermal_mass,annual_cooling_kWh,356.88738389738097,231.38027157917426,-125.50711231820671
BE_TABULA_11,TABULA_existing,rcp_4_5,weather_2050_rcp_4_5_pvgis_2015,pvgis_2015,2015,556301278,central,mass_heavy,thermal_mass,heating_intensity_kWh_m2,173.14977393114032,172.12336974730948,-1.0264041838308344
BE_TABULA_11,TABULA_existing,rcp_4_5,weather_2050_rcp_4_5_pvgis_2015,pvgis_2015,2015,556301278,central,mass_heavy,thermal_mass,cooling_intensity_kWh_m2,1.4970108384957255,0.97055483044955648,-0.52645600804616899
BE_TABULA_11,TABULA_existing,rcp_4_5,weather_2050_rcp_4_5_pvgis_2015,pvgis_2015,2015,556301278,central,mass_heavy,thermal_mass,peak_heating_W,19641.99990349287,19384.24832630255,-257.75157719031995
BE_TABULA_11,TABULA_existing,rcp_4_5,weather_2050_rcp_4_5_pvgis_2015,pvgis_2015,2015,556301278,central,mass_heavy,thermal_mass,peak_cooling_W,7579.747605972083,6409.8352597004841,-1169.9123462715988
BE_TABULA_11,TABULA_advanced_A_proxy,rcp_4_5,weather_2050_rcp_4_5_pvgis_2015,pvgis_2015,2015,1203443498,central,mass_heavy,thermal_mass,annual_heating_kWh,6738.933631009445,6697.6869508227855,-41.246680186659432
BE_TABULA_11,TABULA_advanced_A_proxy,rcp_4_5,weather_2050_rcp_4_5_pvgis_2015,pvgis_2015,2015,1203443498,central,mass_heavy,thermal_mass,annual_cooling_kWh,825.89163859101689,697.18480822931565,-128.70683036170124
BE_TABULA_11,TABULA_advanced_A_proxy,rcp_4_5,weather_2050_rcp_4_5_pvgis_2015,pvgis_2015,2015,1203443498,central,mass_heavy,thermal_mass,heating_intensity_kWh_m2,28.267339056247671,28.094324458149266,-0.1730145980984048
BE_TABULA_11,TABULA_advanced_A_proxy,rcp_4_5,weather_2050_rcp_4_5_pvgis_2015,pvgis_2015,2015,1203443498,central,mass_heavy,thermal_mass,cooling_intensity_kWh_m2,3.4643105645596344,2.9244329204249815,-0.53987764413465289
BE_TABULA_11,TABULA_advanced_A_proxy,rcp_4_5,weather_2050_rcp_4_5_pvgis_2015,pvgis_2015,2015,1203443498,central,mass_heavy,thermal_mass,peak_heating_W,7230.9129633720386,6915.0076230348832,-315.90534033715539
BE_TABULA_11,TABULA_advanced_A_proxy,rcp_4_5,weather_2050_rcp_4_5_pvgis_2015,pvgis_2015,2015,1203443498,central,mass_heavy,thermal_mass,peak_cooling_W,4534.3398351866299,4039.9473977428588,-494.39243744377109
BE_TABULA_11,TABULA_existing,rcp_4_5,weather_2050_rcp_4_5_pvgis_2015,pvgis_2015,2015,1203443498,central,mass_heavy,thermal_mass,annual_heating_kWh,41747.063210542066,41522.455256793248,-224.60795374881855
BE_TABULA_11,TABULA_existing,rcp_4_5,weather_2050_rcp_4_5_pvgis_2015,pvgis_2015,2015,1203443498,central,mass_heavy,thermal_mass,annual_cooling_kWh,375.19654050735681,248.10578355059738,-127.09075695675944
BE_TABULA_11,TABULA_existing,rcp_4_5,weather_2050_rcp_4_5_pvgis_2015,pvgis_2015,2015,1203443498,central,mass_heavy,thermal_mass,heating_intensity_kWh_m2,175.11352017844825,174.17137272144819,-0.94214745700006119
BE_TABULA_11,TABULA_existing,rcp_4_5,weather_2050_rcp_4_5_pvgis_2015,pvgis_2015,2015,1203443498,central,mass_heavy,thermal_mass,cooling_intensity_kWh_m2,1.5738109920610603,1.0407121793229757,-0.53309881273808468
BE_TABULA_11,TABULA_existing,rcp_4_5,weather_2050_rcp_4_5_pvgis_2015,pvgis_2015,2015,1203443498,central,mass_heavy,thermal_mass,peak_heating_W,19023.788401188292,18631.128321368185,-392.66007982010706
BE_TABULA_11,TABULA_existing,rcp_4_5,weather_2050_rcp_4_5_pvgis_2015,pvgis_2015,2015,1203443498,central,mass_heavy,thermal_mass,peak_cooling_W,7286.3282182383673,6354.7857235623078,-931.5424946760595
BE_TABULA_11,TABULA_advanced_A_proxy,rcp_4_5,weather_2050_rcp_4_5_pvgis_2015,pvgis_2015,2015,2404203277,central,mass_heavy,thermal_mass,annual_heating_kWh,6722.568831641117,6685.6371631961301,-36.931668444986826
BE_TABULA_11,TABULA_advanced_A_proxy,rcp_4_5,weather_2050_rcp_4_5_pvgis_2015,pvgis_2015,2015,2404203277,central,mass_heavy,thermal_mass,annual_cooling_kWh,780.38553113299815,648.11533909145066,-132.27019204154749
BE_TABULA_11,TABULA_advanced_A_proxy,rcp_4_5,weather_2050_rcp_4_5_pvgis_2015,pvgis_2015,2015,2404203277,central,mass_heavy,thermal_mass,heating_intensity_kWh_m2,28.198694763595288,28.043780046963633,-0.15491471663165512
BE_TABULA_11,TABULA_advanced_A_proxy,rcp_4_5,weather_2050_rcp_4_5_pvgis_2015,pvgis_2015,2015,2404203277,central,mass_heavy,thermal_mass,cooling_intensity_kWh_m2,3.2734292413296902,2.7186046102829304,-0.55482463104675972
BE_TABULA_11,TABULA_advanced_A_proxy,rcp_4_5,weather_2050_rcp_4_5_pvgis_2015,pvgis_2015,2015,2404203277,central,mass_heavy,thermal_mass,peak_heating_W,7305.2207077811536,7414.3060940220603,109.0853862409067
BE_TABULA_11,TABULA_advanced_A_proxy,rcp_4_5,weather_2050_rcp_4_5_pvgis_2015,pvgis_2015,2015,2404203277,central,mass_heavy,thermal_mass,peak_cooling_W,4750.4101608709234,4360.6174454327684,-389.79271543815503
BE_TABULA_11,TABULA_existing,rcp_4_5,weather_2050_rcp_4_5_pvgis_2015,pvgis_2015,2015,2404203277,central,mass_heavy,thermal_mass,annual_heating_kWh,41657.984480830011,41429.418385377081,-228.56609545293031
BE_TABULA_11,TABULA_existing,rcp_4_5,weather_2050_rcp_4_5_pvgis_2015,pvgis_2015,2015,2404203277,central,mass_heavy,thermal_mass,annual_cooling_kWh,361.82973582583259,238.93563439445117,-122.89410143138142
BE_TABULA_11,TABULA_existing,rcp_4_5,weather_2050_rcp_4_5_pvgis_2015,pvgis_2015,2015,2404203277,central,mass_heavy,thermal_mass,heating_intensity_kWh_m2,174.73986778871648,173.78111738832669,-0.95875040038978909
BE_TABULA_11,TABULA_existing,rcp_4_5,weather_2050_rcp_4_5_pvgis_2015,pvgis_2015,2015,2404203277,central,mass_heavy,thermal_mass,cooling_intensity_kWh_m2,1.5177421804774855,1.0022467885673287,-0.51549539191015681
BE_TABULA_11,TABULA_existing,rcp_4_5,weather_2050_rcp_4_5_pvgis_2015,pvgis_2015,2015,2404203277,central,mass_heavy,thermal_mass,peak_heating_W,19237.708241239809,18704.964813440107,-532.74342779970175
BE_TABULA_11,TABULA_existing,rcp_4_5,weather_2050_rcp_4_5_pvgis_2015,pvgis_2015,2015,2404203277,central,mass_heavy,thermal_mass,peak_cooling_W,7715.4651917747115,6571.5856380783571,-1143.8795536963544
