archetype_id,climate_scenario_id,weather_member_id,occupant_seed,model_scenario_id,baseline_state_id,comparison_state_id,metric,baseline_value,comparison_value,delta
BE_TABULA_11,rcp_4_5,weather_2050_rcp_4_5_pvgis_2010,556301278,central,TABULA_existing,TABULA_advanced_A_proxy,annual_heating_kWh,52925.667618628642,10187.99816146199,-42737.669457166652
BE_TABULA_11,rcp_4_5,weather_2050_rcp_4_5_pvgis_2010,556301278,central,TABULA_existing,TABULA_advanced_A_proxy,annual_cooling_kWh,360.26858759755754,727.48629521398982,367.21770761643228
BE_TABULA_11,rcp_4_5,weather_2050_rcp_4_5_pvgis_2010,556301278,central,TABULA_existing,TABULA_advanced_A_proxy,heating_intensity_kWh_m2,222.00363933988524,42.734891616870762,-179.26874772301449
BE_TABULA_11,rcp_4_5,weather_2050_rcp_4_5_pvgis_2010,556301278,central,TABULA_existing,TABULA_advanced_A_proxy,cooling_intensity_kWh_m2,1.5111937399226407,3.0515364732130443,1.5403427332904036
BE_TABULA_11,rcp_4_5,weather_2050_rcp_4_5_pvgis_2010,556301278,central,TABULA_existing,TABULA_advanced_A_proxy,peak_heating_W,21748.180050045634,7980.6463707535204,-13767.533679292113
BE_TABULA_11,rcp_4_5,weather_2050_rcp_4_5_pvgis_2010,556301278,central,TABULA_existing,TABULA_advanced_A_proxy,peak_cooling_W,7884.1813235126774,4730.4094888851787,-3153.7718346274987
BE_TABULA_11,rcp_4_5,weather_2050_rcp_4_5_pvgis_2010,556301278,mass_heavy,TABULA_existing,TABULA_advanced_A_proxy,annual_heating_kWh,52698.993232233581,10143.764749533249,-42555.228482700331
BE_TABULA_11,rcp_4_5,weather_2050_rcp_4_5_pvgis_2010,556301278,mass_heavy,TABULA_existing,TABULA_advanced_A_proxy,annual_cooling_kWh,268.81873436543549,614.00284398554732,345.18410962011183
BE_TABULA_11,rcp_4_5,weather_2050_rcp_4_5_pvgis_2010,556301278,mass_heavy,TABULA_existing,TABULA_advanced_A_proxy,heating_intensity_kWh_m2,221.05282396071132,42.5493487815992,-178.50347517911212
BE_TABULA_11,rcp_4_5,weather_2050_rcp_4_5_pvgis_2010,556301278,mass_heavy,TABULA_existing,TABULA_advanced_A_proxy,cooling_intensity_kWh_m2,1.1275953622711219,2.5755152851742755,1.4479199229031536
BE_TABULA_11,rcp_4_5,weather_2050_rcp_4_5_pvgis_2010,556301278,mass_heavy,TABULA_existing,TABULA_advanced_A_proxy,peak_heating_W,21451.041624349866,7937.7968768674009,-13513.244747482466
BE_TABULA_11,rcp_4_5,weather_2050_rcp_4_5_pvgis_2010,556301278,mass_heavy,TABULA_existing,TABULA_advanced_A_proxy,peak_cooling_W,7128.5945188788182,4395.4058717628604,-2733.1886471159578
BE_TABULA_11,rcp_4_5,weather_2050_rcp_4_5_pvgis_2010,1203443498,central,TABULA_existing,TABULA_advanced_A_proxy,annual_heating_kWh,53508.661727129656,10175.612445645535,-43333.04928148412
BE_TABULA_11,rcp_4_5,weather_2050_rcp_4_5_pvgis_2010,1203443498,central,TABULA_existing,TABULA_advanced_A_proxy,annual_cooling_kWh,358.09350027205329,741.13827707674557,383.04477680469228
BE_TABULA_11,rcp_4_5,weather_2050_rcp_4_5_pvgis_2010,1203443498,central,TABULA_existing,TABULA_advanced_A_proxy,heating_intensity_kWh_m2,224.44908442587942,42.682938110929257,-181.76614631495016
BE_TABULA_11,rcp_4_5,weather_2050_rcp_4_5_pvgis_2010,1203443498,central,TABULA_existing,TABULA_advanced_A_proxy,cooling_intensity_kWh_m2,1.5020700514767336,3.1088014978051408,1.6067314463284073
BE_TABULA_11,rcp_4_5,weather_2050_rcp_4_5_pvgis_2010,1203443498,central,TABULA_existing,TABULA_advanced_A_proxy,peak_heating_W,22427.19548399379,8324.8529137327278,-14102.342570261062
BE_TABULA_11,rcp_4_5,weather_2050_rcp_4_5_pvgis_2010,1203443498,central,TABULA_existing,TABULA_advanced_A_proxy,peak_cooling_W,7851.7421249290492,4702.7110882015395,-3149.0310367275097
BE_TABULA_11,rcp_4_5,weather_2050_rcp_4_5_pvgis_2010,1203443498,mass_heavy,TABULA_existing,TABULA_advanced_A_proxy,annual_heating_kWh,53277.900843775242,10137.319649599875,-43140.581194175364
BE_TABULA_11,rcp_4_5,weather_2050_rcp_4_5_pvgis_2010,1203443498,mass_heavy,TABULA_existing,TABULA_advanced_A_proxy,annual_cooling_kWh,269.91968513085902,626.20346041310461,356.28377528224559
BE_TABULA_11,rcp_4_5,weather_2050_rcp_4_5_pvgis_2010,1203443498,mass_heavy,TABULA_existing,TABULA_advanced_A_proxy,heating_intensity_kWh_m2,223.4811277003995,42.522313966442425,-180.95881373395707
BE_TABULA_11,rcp_4_5,weather_2050_rcp_4_5_pvgis_2010,1203443498,mass_heavy,TABULA_existing,TABULA_advanced_A_proxy,cooling_intensity_kWh_m2,1.1322134443408516,2.6266923675046332,1.4944789231637816
BE_TABULA_11,rcp_4_5,weather_2050_rcp_4_5_pvgis_2010,1203443498,mass_heavy,TABULA_existing,TABULA_advanced_A_proxy,peak_heating_W,22202.798561288804,8219.0729191396349,-13983.725642149169
BE_TABULA_11,rcp_4_5,weather_2050_rcp_4_5_pvgis_2010,1203443498,mass_heavy,TABULA_existing,TABULA_advanced_A_proxy,peak_cooling_W,7153.5568340818018,4321.3000789599255,-2832.2567551218763
BE_TABULA_11,rcp_4_5,weather_2050_rcp_4_5_pvgis_2010,2404203277,central,TABULA_existing,TABULA_advanced_A_proxy,annual_heating_kWh,53423.005299112701,10211.19678203299,-43211.808517079713
BE_TABULA_11,rcp_4_5,weather_2050_rcp_4_5_pvgis_2010,2404203277,central,TABULA_existing,TABULA_advanced_A_proxy,annual_cooling_kWh,366.86258906362616,742.54957864901451,375.68698958538835
BE_TABULA_11,rcp_4_5,weather_2050_rcp_4_5_pvgis_2010,2404203277,central,TABULA_existing,TABULA_advanced_A_proxy,heating_intensity_kWh_m2,224.08978732849286,42.832201266916904,-181.25758606157595
BE_TABULA_11,rcp_4_5,weather_2050_rcp_4_5_pvgis_2010,2404203277,central,TABULA_existing,TABULA_advanced_A_proxy,cooling_intensity_kWh_m2,1.5388531420454117,3.1147213869505643,1.5758682449051526
BE_TABULA_11,rcp_4_5,weather_2050_rcp_4_5_pvgis_2010,2404203277,central,TABULA_existing,TABULA_advanced_A_proxy,peak_heating_W,22356.965609959912,8183.5478610415057,-14173.417748918408
BE_TABULA_11,rcp_4_5,weather_2050_rcp_4_5_pvgis_2010,2404203277,central,TABULA_existing,TABULA_advanced_A_proxy,peak_cooling_W,7575.6128757906999,4429.5073832215539,-3146.105492569146
BE_TABULA_11,rcp_4_5,weather_2050_rcp_4_5_pvgis_2010,2404203277,mass_heavy,TABULA_existing,TABULA_advanced_A_proxy,annual_heating_kWh,53197.42381100342,10169.988073507624,-43027.435737495798
BE_TABULA_11,rcp_4_5,weather_2050_rcp_4_5_pvgis_2010,2404203277,mass_heavy,TABULA_existing,TABULA_advanced_A_proxy,annual_cooling_kWh,278.09565397681951,624.2039755854953,346.10832160867579
BE_TABULA_11,rcp_4_5,weather_2050_rcp_4_5_pvgis_2010,2404203277,mass_heavy,TABULA_existing,TABULA_advanced_A_proxy,heating_intensity_kWh_m2,223.14355625420896,42.659345945921238,-180.48421030828771
BE_TABULA_11,rcp_4_5,weather_2050_rcp_4_5_pvgis_2010,2404203277,mass_heavy,TABULA_existing,TABULA_advanced_A_proxy,cooling_intensity_kWh_m2,1.1665086156745785,2.6183052667176816,1.4517966510431031
BE_TABULA_11,rcp_4_5,weather_2050_rcp_4_5_pvgis_2010,2404203277,mass_heavy,TABULA_existing,TABULA_advanced_A_proxy,peak_heating_W,21988.497105513681,7963.0021199381254,-14025.494985575555
BE_TABULA_11,rcp_4_5,weather_2050_rcp_4_5_pvgis_2010,2404203277,mass_heavy,TABULA_existing,TABULA_advanced_A_proxy,peak_cooling_W,6897.8691307439094,4102.6157820332537,-2795.2533487106557
BE_TABULA_11,rcp_4_5,weather_2050_rcp_4_5_pvgis_2015,556301278,central,TABULA_existing,TABULA_advanced_A_proxy,annual_heating_kWh,41278.906105183851,6724.819417300665,-34554.086687883188
BE_TABULA_11,rcp_4_5,weather_2050_rcp_4_5_pvgis_2015,556301278,central,TABULA_existing,TABULA_advanced_A_proxy,annual_cooling_kWh,356.88738389738097,770.05582665588872,413.16844275850775
BE_TABULA_11,rcp_4_5,weather_2050_rcp_4_5_pvgis_2015,556301278,central,TABULA_existing,TABULA_advanced_A_proxy,heating_intensity_kWh_m2,173.14977393114032,28.208135139683996,-144.94163879145631
BE_TABULA_11,rcp_4_5,weather_2050_rcp_4_5_pvgis_2015,556301278,central,TABULA_existing,TABULA_advanced_A_proxy,cooling_intensity_kWh_m2,1.4970108384957255,3.2300999440263789,1.7330891055306534
BE_TABULA_11,rcp_4_5,weather_2050_rcp_4_5_pvgis_2015,556301278,central,TABULA_existing,TABULA_advanced_A_proxy,peak_heating_W,19641.99990349287,7606.85692057693,-12035.142982915939
BE_TABULA_11,rcp_4_5,weather_2050_rcp_4_5_pvgis_2015,556301278,central,TABULA_existing,TABULA_advanced_A_proxy,peak_cooling_W,7579.747605972083,4639.1029600661495,-2940.6446459059334
BE_TABULA_11,rcp_4_5,weather_2050_rcp_4_5_pvgis_2015,556301278,mass_heavy,TABULA_existing,TABULA_advanced_A_proxy,annual_heating_kWh,41034.211347758581,6696.8857572332154,-34337.325590525368
BE_TABULA_11,rcp_4_5,weather_2050_rcp_4_5_pvgis_2015,556301278,mass_heavy,TABULA_existing,TABULA_advanced_A_proxy,annual_cooling_kWh,231.38027157917426,636.05226059081599,404.6719890116417
BE_TABULA_11,rcp_4_5,weather_2050_rcp_4_5_pvgis_2015,556301278,mass_heavy,TABULA_existing,TABULA_advanced_A_proxy,heating_intensity_kWh_m2,172.12336974730948,28.090963746783622,-144.03240600052587
BE_TABULA_11,rcp_4_5,weather_2050_rcp_4_5_pvgis_2015,556301278,mass_heavy,TABULA_existing,TABULA_advanced_A_proxy,cooling_intensity_kWh_m2,0.97055483044955648,2.6680044487869798,1.6974496183374232
BE_TABULA_11,rcp_4_5,weather_2050_rcp_4_5_pvgis_2015,556301278,mass_heavy,TABULA_existing,TABULA_advanced_A_proxy,peak_heating_W,19384.24832630255,7464.1685069550203,-11920.079819347529
BE_TABULA_11,rcp_4_5,weather_2050_rcp_4_5_pvgis_2015,556301278,mass_heavy,TABULA_existing,TABULA_advanced_A_proxy,peak_cooling_W,6409.8352597004841,4221.3792537449381,-2188.4560059555461
BE_TABULA_11,rcp_4_5,weather_2050_rcp_4_5_pvgis_2015,1203443498,central,TABULA_existing,TABULA_advanced_A_proxy,annual_heating_kWh,41747.063210542066,6738.933631009445,-35008.129579532622
BE_TABULA_11,rcp_4_5,weather_2050_rcp_4_5_pvgis_2015,1203443498,central,TABULA_existing,TABULA_advanced_A_proxy,annual_cooling_kWh,375.19654050735681,825.89163859101689,450.69509808366007
BE_TABULA_11,rcp_4_5,weather_2050_rcp_4_5_pvgis_2015,1203443498,central,TABULA_existing,TABULA_advanced_A_proxy,heating_intensity_kWh_m2,175.11352017844825,28.267339056247671,-146.84618112220059
BE_TABULA_11,rcp_4_5,weather_2050_rcp_4_5_pvgis_2015,1203443498,central,TABULA_existing,TABULA_advanced_A_proxy,cooling_intensity_kWh_m2,1.5738109920610603,3.4643105645596344,1.890499572498574
BE_TABULA_11,rcp_4_5,weather_2050_rcp_4_5_pvgis_2015,1203443498,central,TABULA_existing,TABULA_advanced_A_proxy,peak_heating_W,19023.788401188292,7230.9129633720386,-11792.875437816254
BE_TABULA_11,rcp_4_5,weather_2050_rcp_4_5_pvgis_2015,1203443498,central,TABULA_existing,TABULA_advanced_A_proxy,peak_cooling_W,7286.3282182383673,4534.3398351866299,-2751.9883830517374
BE_TABULA_11,rcp_4_5,weather_2050_rcp_4_5_pvgis_2015,1203443498,mass_heavy,TABULA_existing,TABULA_advanced_A_proxy,annual_heating_kWh,41522.455256793248,6697.6869508227855,-34824.768305970465
BE_TABULA_11,rcp_4_5,weather_2050_rcp_4_5_pvgis_2015,1203443498,mass_heavy,TABULA_existing,TABULA_advanced_A_proxy,annual_cooling_kWh,248.10578355059738,697.18480822931565,449.07902467871827
BE_TABULA_11,rcp_4_5,weather_2050_rcp_4_5_pvgis_2015,1203443498,mass_heavy,TABULA_existing,TABULA_advanced_A_proxy,heating_intensity_kWh_m2,174.17137272144819,28.094324458149266,-146.07704826329893
BE_TABULA_11,rcp_4_5,weather_2050_rcp_4_5_pvgis_2015,1203443498,mass_heavy,TABULA_existing,TABULA_advanced_A_proxy,cooling_intensity_kWh_m2,1.0407121793229757,2.9244329204249815,1.8837207411020058
BE_TABULA_11,rcp_4_5,weather_2050_rcp_4_5_pvgis_2015,1203443498,mass_heavy,TABULA_existing,TABULA_advanced_A_proxy,peak_heating_W,18631.128321368185,6915.0076230348832,-11716.120698333303
BE_TABULA_11,rcp_4_5,weather_2050_rcp_4_5_pvgis_2015,1203443498,mass_heavy,TABULA_existing,TABULA_advanced_A_proxy,peak_cooling_W,6354.7857235623078,4039.9473977428588,-2314.838325819449
BE_TABULA_11,rcp_4_5,weather_2050_rcp_4_5_pvgis_2015,2404203277,central,TABULA_existing,TABULA_advanced_A_proxy,annual_heating_kWh,41657.984480830011,6722.568831641117,-34935.415649188893
BE_TABULA_11,rcp_4_5,weather_2050_rcp_4_5_pvgis_2015,2404203277,central,TABULA_existing,TABULA_advanced_A_proxy,annual_cooling_kWh,361.82973582583259,780.38553113299815,418.55579530716557
BE_TABULA_11,rcp_4_5,weather_2050_rcp_4_5_pvgis_2015,2404203277,central,TABULA_existing,TABULA_advanced_A_proxy,heating_intensity_kWh_m2,174.73986778871648,28.198694763595288,-146.5411730251212
BE_TABULA_11,rcp_4_5,weather_2050_rcp_4_5_pvgis_2015,2404203277,central,TABULA_existing,TABULA_advanced_A_proxy,cooling_intensity_kWh_m2,1.5177421804774855,3.2734292413296902,1.7556870608522046
BE_TABULA_11,rcp_4_5,weather_2050_rcp_4_5_pvgis_2015,2404203277,central,TABULA_existing,TABULA_advanced_A_proxy,peak_heating_W,19237.708241239809,7305.2207077811536,-11932.487533458654
BE_TABULA_11,rcp_4_5,weather_2050_rcp_4_5_pvgis_2015,2404203277,central,TABULA_existing,TABULA_advanced_A_proxy,peak_cooling_W,7715.4651917747115,4750.4101608709234,-2965.0550309037881
BE_TABULA_11,rcp_4_5,weather_2050_rcp_4_5_pvgis_2015,2404203277,mass_heavy,TABULA_existing,TABULA_advanced_A_proxy,annual_heating_kWh,41429.418385377081,6685.6371631961301,-34743.781222180951
BE_TABULA_11,rcp_4_5,weather_2050_rcp_4_5_pvgis_2015,2404203277,mass_heavy,TABULA_existing,TABULA_advanced_A_proxy,annual_cooling_kWh,238.93563439445117,648.11533909145066,409.17970469699947
BE_TABULA_11,rcp_4_5,weather_2050_rcp_4_5_pvgis_2015,2404203277,mass_heavy,TABULA_existing,TABULA_advanced_A_proxy,heating_intensity_kWh_m2,173.78111738832669,28.043780046963633,-145.73733734136306
BE_TABULA_11,rcp_4_5,weather_2050_rcp_4_5_pvgis_2015,2404203277,mass_heavy,TABULA_existing,TABULA_advanced_A_proxy,cooling_intensity_kWh_m2,1.0022467885673287,2.7186046102829304,1.7163578217156017
BE_TABULA_11,rcp_4_5,weather_2050_rcp_4_5_pvgis_2015,2404203277,mass_heavy,TABULA_existing,TABULA_advanced_A_proxy,peak_heating_W,18704.964813440107,7414.3060940220603,-11290.658719418047
BE_TABULA_11,rcp_4_5,weather_2050_rcp_4_5_pvgis_2015,2404203277,mass_heavy,TABULA_existing,TABULA_advanced_A_proxy,peak_cooling_W,6571.5856380783571,4360.6174454327684,-2210.9681926455887
