run_id,archetype_id,dwelling_type,construction_period,state_id,archetype_state_sha256,climate_scenario_id,weather_member_id,weather_pair_id,observed_pvgis_year,occupant_seed,occupant_seed_rank,model_scenario_id,model_scenario_axis,weather_contract_sha256,model_scenario_sha256,weather_forcing_sha256,effective_thermal_assumptions_sha256,behaviour_assumptions_sha256,occupant_distribution_sha256
mc_68b4af868164df569322f750d6b07736d71c7c36abbf4103b5974ed6b6d01010,BE_TABULA_11,Detached house,1971-1990,TABULA_advanced_A_proxy,08c22156446d6b54e92ebc2744f64d2c93dd615a53f5710fcccf9ffaa6f3c4b5,rcp_4_5,weather_2050_rcp_4_5_pvgis_2010,pvgis_2010,2010,1203443498,1,central,central,c1685be28707789bb9ad5fcb5ea3d14d55c90ada53e5cc7e083453d0e526bcc9,2987a546cb3f48253dcdfdc400036a68d1977eddb1012f753e54eca010acedd8,eeecdeb84a71a196851566afdc66d21b7f4e7ca8b66731fe98aa3c8a1292e2ba,4b5b7791539478f9b2562d1b176e235ac7b641e1afdc40c3d5242661d9dbed3d,2ad0e9f7bbdfe12695c931891fd0e8132d060fd7bcbca23623db43d4c7393a5c,561839806dcdb8279ac4e42025bc5a82751f2588a2b2066fa84637918d8e4896
mc_a015fd8866e6c54ffbafb99fc23a8ac1ce74dd985477728133fbc2606f911a2f,BE_TABULA_11,Detached house,1971-1990,TABULA_advanced_A_proxy,08c22156446d6b54e92ebc2744f64d2c93dd615a53f5710fcccf9ffaa6f3c4b5,rcp_4_5,weather_2050_rcp_4_5_pvgis_2010,pvgis_2010,2010,1203443498,1,mass_heavy,thermal_mass,c1685be28707789bb9ad5fcb5ea3d14d55c90ada53e5cc7e083453d0e526bcc9,ba8bdf115a19cf4f09c22f62bf794e41d11242897704d0abc6849c4ac0866fe8,eeecdeb84a71a196851566afdc66d21b7f4e7ca8b66731fe98aa3c8a1292e2ba,ba8bdf115a19cf4f09c22f62bf794e41d11242897704d0abc6849c4ac0866fe8,2ad0e9f7bbdfe12695c931891fd0e8132d060fd7bcbca23623db43d4c7393a5c,561839806dcdb8279ac4e42025bc5a82751f2588a2b2066fa84637918d8e4896
mc_3d330ddb5d3a99b077be54ee4d0e671fd0f35976c745cafe26aa12d312b7f7dd,BE_TABULA_11,Detached house,1971-1990,TABULA_advanced_A_proxy,08c22156446d6b54e92ebc2744f64d2c93dd615a53f5710fcccf9ffaa6f3c4b5,rcp_4_5,weather_2050_rcp_4_5_pvgis_2010,pvgis_2010,2010,2404203277,2,central,central,c1685be28707789bb9ad5fcb5ea3d14d55c90ada53e5cc7e083453d0e526bcc9,2987a546cb3f48253dcdfdc400036a68d1977eddb1012f753e54eca010acedd8,eeecdeb84a71a196851566afdc66d21b7f4e7ca8b66731fe98aa3c8a1292e2ba,4b5b7791539478f9b2562d1b176e235ac7b641e1afdc40c3d5242661d9dbed3d,2ad0e9f7bbdfe12695c931891fd0e8132d060fd7bcbca23623db43d4c7393a5c,561839806dcdb8279ac4e42025bc5a82751f2588a2b2066fa84637918d8e4896
mc_d4e79d28be5c7a8c84013341fc0f787aae059213e5a7d5ef75a2dc47ef5a1ee8,BE_TABULA_11,Detached house,1971-1990,TABULA_advanced_A_proxy,08c22156446d6b54e92ebc2744f64d2c93dd615a53f5710fcccf9ffaa6f3c4b5,rcp_4_5,weather_2050_rcp_4_5_pvgis_2010,pvgis_2010,2010,2404203277,2,mass_heavy,thermal_mass,c1685be28707789bb9ad5fcb5ea3d14d55c90ada53e5cc7e083453d0e526bcc9,ba8bdf115a19cf4f09c22f62bf794e41d11242897704d0abc6849c4ac0866fe8,eeecdeb84a71a196851566afdc66d21b7f4e7ca8b66731fe98aa3c8a1292e2ba,ba8bdf115a19cf4f09c22f62bf794e41d11242897704d0abc6849c4ac0866fe8,2ad0e9f7bbdfe12695c931891fd0e8132d060fd7bcbca23623db43d4c7393a5c,561839806dcdb8279ac4e42025bc5a82751f2588a2b2066fa84637918d8e4896
mc_c6f0d41154bf51ea89e5787c7a26bad5d1bff5b0c2b997ccbdc68107394e17b6,BE_TABULA_11,Detached house,1971-1990,TABULA_advanced_A_proxy,08c22156446d6b54e92ebc2744f64d2c93dd615a53f5710fcccf9ffaa6f3c4b5,rcp_4_5,weather_2050_rcp_4_5_pvgis_2010,pvgis_2010,2010,556301278,3,central,central,c1685be28707789bb9ad5fcb5ea3d14d55c90ada53e5cc7e083453d0e526bcc9,2987a546cb3f48253dcdfdc400036a68d1977eddb1012f753e54eca010acedd8,eeecdeb84a71a196851566afdc66d21b7f4e7ca8b66731fe98aa3c8a1292e2ba,4b5b7791539478f9b2562d1b176e235ac7b641e1afdc40c3d5242661d9dbed3d,2ad0e9f7bbdfe12695c931891fd0e8132d060fd7bcbca23623db43d4c7393a5c,561839806dcdb8279ac4e42025bc5a82751f2588a2b2066fa84637918d8e4896
mc_196f35ed4d5f5f765ca7092def4a689680a1226a46c1a75f38bd3451fc910261,BE_TABULA_11,Detached house,1971-1990,TABULA_advanced_A_proxy,08c22156446d6b54e92ebc2744f64d2c93dd615a53f5710fcccf9ffaa6f3c4b5,rcp_4_5,weather_2050_rcp_4_5_pvgis_2010,pvgis_2010,2010,556301278,3,mass_heavy,thermal_mass,c1685be28707789bb9ad5fcb5ea3d14d55c90ada53e5cc7e083453d0e526bcc9,ba8bdf115a19cf4f09c22f62bf794e41d11242897704d0abc6849c4ac0866fe8,eeecdeb84a71a196851566afdc66d21b7f4e7ca8b66731fe98aa3c8a1292e2ba,ba8bdf115a19cf4f09c22f62bf794e41d11242897704d0abc6849c4ac0866fe8,2ad0e9f7bbdfe12695c931891fd0e8132d060fd7bcbca23623db43d4c7393a5c,561839806dcdb8279ac4e42025bc5a82751f2588a2b2066fa84637918d8e4896
mc_ff52558ea27534d173b6d4f386f91c3b3cd3dd74f6931d53b1c663bc949088d3,BE_TABULA_11,Detached house,1971-1990,TABULA_advanced_A_proxy,08c22156446d6b54e92ebc2744f64d2c93dd615a53f5710fcccf9ffaa6f3c4b5,rcp_4_5,weather_2050_rcp_4_5_pvgis_2015,pvgis_2015,2015,1203443498,1,central,central,e911761c820080027eba08f44ea8eccf1d70cd6d860a102565a1508f4ed19caf,2987a546cb3f48253dcdfdc400036a68d1977eddb1012f753e54eca010acedd8,7dd72b3974289dbb84d86d9453ff0a5e0bcf0de111800373f10a60d631c49479,4b5b7791539478f9b2562d1b176e235ac7b641e1afdc40c3d5242661d9dbed3d,2ad0e9f7bbdfe12695c931891fd0e8132d060fd7bcbca23623db43d4c7393a5c,561839806dcdb8279ac4e42025bc5a82751f2588a2b2066fa84637918d8e4896
mc_e608b7fd78b04df05e551f6149ac3f801ef245f755662a2f22566aed72669781,BE_TABULA_11,Detached house,1971-1990,TABULA_advanced_A_proxy,08c22156446d6b54e92ebc2744f64d2c93dd615a53f5710fcccf9ffaa6f3c4b5,rcp_4_5,weather_2050_rcp_4_5_pvgis_2015,pvgis_2015,2015,1203443498,1,mass_heavy,thermal_mass,e911761c820080027eba08f44ea8eccf1d70cd6d860a102565a1508f4ed19caf,ba8bdf115a19cf4f09c22f62bf794e41d11242897704d0abc6849c4ac0866fe8,7dd72b3974289dbb84d86d9453ff0a5e0bcf0de111800373f10a60d631c49479,ba8bdf115a19cf4f09c22f62bf794e41d11242897704d0abc6849c4ac0866fe8,2ad0e9f7bbdfe12695c931891fd0e8132d060fd7bcbca23623db43d4c7393a5c,561839806dcdb8279ac4e42025bc5a82751f2588a2b2066fa84637918d8e4896
mc_5be2943b2b48c40fa6976210915274d873df208716454650fd53661cc51ace7f,BE_TABULA_11,Detached house,1971-1990,TABULA_advanced_A_proxy,08c22156446d6b54e92ebc2744f64d2c93dd615a53f5710fcccf9ffaa6f3c4b5,rcp_4_5,weather_2050_rcp_4_5_pvgis_2015,pvgis_2015,2015,2404203277,2,central,central,e911761c820080027eba08f44ea8eccf1d70cd6d860a102565a1508f4ed19caf,2987a546cb3f48253dcdfdc400036a68d1977eddb1012f753e54eca010acedd8,7dd72b3974289dbb84d86d9453ff0a5e0bcf0de111800373f10a60d631c49479,4b5b7791539478f9b2562d1b176e235ac7b641e1afdc40c3d5242661d9dbed3d,2ad0e9f7bbdfe12695c931891fd0e8132d060fd7bcbca23623db43d4c7393a5c,561839806dcdb8279ac4e42025bc5a82751f2588a2b2066fa84637918d8e4896
mc_50f857d2d79cb744402dd069fd8c5651c16920d767923e8764b271ecddd53c7b,BE_TABULA_11,Detached house,1971-1990,TABULA_advanced_A_proxy,08c22156446d6b54e92ebc2744f64d2c93dd615a53f5710fcccf9ffaa6f3c4b5,rcp_4_5,weather_2050_rcp_4_5_pvgis_2015,pvgis_2015,2015,2404203277,2,mass_heavy,thermal_mass,e911761c820080027eba08f44ea8eccf1d70cd6d860a102565a1508f4ed19caf,ba8bdf115a19cf4f09c22f62bf794e41d11242897704d0abc6849c4ac0866fe8,7dd72b3974289dbb84d86d9453ff0a5e0bcf0de111800373f10a60d631c49479,ba8bdf115a19cf4f09c22f62bf794e41d11242897704d0abc6849c4ac0866fe8,2ad0e9f7bbdfe12695c931891fd0e8132d060fd7bcbca23623db43d4c7393a5c,561839806dcdb8279ac4e42025bc5a82751f2588a2b2066fa84637918d8e4896
mc_2235d05f09bb1f401dd7857886d2b48178b6ef7c823c405329f5493aa11d2aaf,BE_TABULA_11,Detached house,1971-1990,TABULA_advanced_A_proxy,08c22156446d6b54e92ebc2744f64d2c93dd615a53f5710fcccf9ffaa6f3c4b5,rcp_4_5,weather_2050_rcp_4_5_pvgis_2015,pvgis_2015,2015,556301278,3,central,central,e911761c820080027eba08f44ea8eccf1d70cd6d860a102565a1508f4ed19caf,2987a546cb3f48253dcdfdc400036a68d1977eddb1012f753e54eca010acedd8,7dd72b3974289dbb84d86d9453ff0a5e0bcf0de111800373f10a60d631c49479,4b5b7791539478f9b2562d1b176e235ac7b641e1afdc40c3d5242661d9dbed3d,2ad0e9f7bbdfe12695c931891fd0e8132d060fd7bcbca23623db43d4c7393a5c,561839806dcdb8279ac4e42025bc5a82751f2588a2b2066fa84637918d8e4896
mc_dd421dc74e97a64694b07fe031306ed3982b3c37199bef83e6fbfaf0b889011e,BE_TABULA_11,Detached house,1971-1990,TABULA_advanced_A_proxy,08c22156446d6b54e92ebc2744f64d2c93dd615a53f5710fcccf9ffaa6f3c4b5,rcp_4_5,weather_2050_rcp_4_5_pvgis_2015,pvgis_2015,2015,556301278,3,mass_heavy,thermal_mass,e911761c820080027eba08f44ea8eccf1d70cd6d860a102565a1508f4ed19caf,ba8bdf115a19cf4f09c22f62bf794e41d11242897704d0abc6849c4ac0866fe8,7dd72b3974289dbb84d86d9453ff0a5e0bcf0de111800373f10a60d631c49479,ba8bdf115a19cf4f09c22f62bf794e41d11242897704d0abc6849c4ac0866fe8,2ad0e9f7bbdfe12695c931891fd0e8132d060fd7bcbca23623db43d4c7393a5c,561839806dcdb8279ac4e42025bc5a82751f2588a2b2066fa84637918d8e4896
mc_71a25a3bde15cc732b0c08216c59b949fc55d91ab82a78579b119fff417027fc,BE_TABULA_11,Detached house,1971-1990,TABULA_existing,231ef175659def943b74235aceb0ef9def0e53fc195cdad7a8338fa6b54777e3,rcp_4_5,weather_2050_rcp_4_5_pvgis_2010,pvgis_2010,2010,1203443498,1,central,central,c1685be28707789bb9ad5fcb5ea3d14d55c90ada53e5cc7e083453d0e526bcc9,2987a546cb3f48253dcdfdc400036a68d1977eddb1012f753e54eca010acedd8,eeecdeb84a71a196851566afdc66d21b7f4e7ca8b66731fe98aa3c8a1292e2ba,4b5b7791539478f9b2562d1b176e235ac7b641e1afdc40c3d5242661d9dbed3d,2ad0e9f7bbdfe12695c931891fd0e8132d060fd7bcbca23623db43d4c7393a5c,561839806dcdb8279ac4e42025bc5a82751f2588a2b2066fa84637918d8e4896
mc_246f3a8c3b9fe41993dedea24ac187ed785b9823ac74603a1f2e0891720069bb,BE_TABULA_11,Detached house,1971-1990,TABULA_existing,231ef175659def943b74235aceb0ef9def0e53fc195cdad7a8338fa6b54777e3,rcp_4_5,weather_2050_rcp_4_5_pvgis_2010,pvgis_2010,2010,1203443498,1,mass_heavy,thermal_mass,c1685be28707789bb9ad5fcb5ea3d14d55c90ada53e5cc7e083453d0e526bcc9,ba8bdf115a19cf4f09c22f62bf794e41d11242897704d0abc6849c4ac0866fe8,eeecdeb84a71a196851566afdc66d21b7f4e7ca8b66731fe98aa3c8a1292e2ba,ba8bdf115a19cf4f09c22f62bf794e41d11242897704d0abc6849c4ac0866fe8,2ad0e9f7bbdfe12695c931891fd0e8132d060fd7bcbca23623db43d4c7393a5c,561839806dcdb8279ac4e42025bc5a82751f2588a2b2066fa84637918d8e4896
mc_a68db65d6ddfeb302b27fbce61a6f6150c3bf59445516ed38d1a6425f92b3237,BE_TABULA_11,Detached house,1971-1990,TABULA_existing,231ef175659def943b74235aceb0ef9def0e53fc195cdad7a8338fa6b54777e3,rcp_4_5,weather_2050_rcp_4_5_pvgis_2010,pvgis_2010,2010,2404203277,2,central,central,c1685be28707789bb9ad5fcb5ea3d14d55c90ada53e5cc7e083453d0e526bcc9,2987a546cb3f48253dcdfdc400036a68d1977eddb1012f753e54eca010acedd8,eeecdeb84a71a196851566afdc66d21b7f4e7ca8b66731fe98aa3c8a1292e2ba,4b5b7791539478f9b2562d1b176e235ac7b641e1afdc40c3d5242661d9dbed3d,2ad0e9f7bbdfe12695c931891fd0e8132d060fd7bcbca23623db43d4c7393a5c,561839806dcdb8279ac4e42025bc5a82751f2588a2b2066fa84637918d8e4896
mc_5602b16c5f8e92fc4cd5728d242143da7a120cf074755b6bcf32207c6f4dcf84,BE_TABULA_11,Detached house,1971-1990,TABULA_existing,231ef175659def943b74235aceb0ef9def0e53fc195cdad7a8338fa6b54777e3,rcp_4_5,weather_2050_rcp_4_5_pvgis_2010,pvgis_2010,2010,2404203277,2,mass_heavy,thermal_mass,c1685be28707789bb9ad5fcb5ea3d14d55c90ada53e5cc7e083453d0e526bcc9,ba8bdf115a19cf4f09c22f62bf794e41d11242897704d0abc6849c4ac0866fe8,eeecdeb84a71a196851566afdc66d21b7f4e7ca8b66731fe98aa3c8a1292e2ba,ba8bdf115a19cf4f09c22f62bf794e41d11242897704d0abc6849c4ac0866fe8,2ad0e9f7bbdfe12695c931891fd0e8132d060fd7bcbca23623db43d4c7393a5c,561839806dcdb8279ac4e42025bc5a82751f2588a2b2066fa84637918d8e4896
mc_c5d33b457ca9d3b16329427362515ef7644a40cca809253e0f1564b3c17e9caa,BE_TABULA_11,Detached house,1971-1990,TABULA_existing,231ef175659def943b74235aceb0ef9def0e53fc195cdad7a8338fa6b54777e3,rcp_4_5,weather_2050_rcp_4_5_pvgis_2010,pvgis_2010,2010,556301278,3,central,central,c1685be28707789bb9ad5fcb5ea3d14d55c90ada53e5cc7e083453d0e526bcc9,2987a546cb3f48253dcdfdc400036a68d1977eddb1012f753e54eca010acedd8,eeecdeb84a71a196851566afdc66d21b7f4e7ca8b66731fe98aa3c8a1292e2ba,4b5b7791539478f9b2562d1b176e235ac7b641e1afdc40c3d5242661d9dbed3d,2ad0e9f7bbdfe12695c931891fd0e8132d060fd7bcbca23623db43d4c7393a5c,561839806dcdb8279ac4e42025bc5a82751f2588a2b2066fa84637918d8e4896
mc_eb569a79ade9c0aa8101b124c9329c2651f70459073fad3093a69107a7b662ca,BE_TABULA_11,Detached house,1971-1990,TABULA_existing,231ef175659def943b74235aceb0ef9def0e53fc195cdad7a8338fa6b54777e3,rcp_4_5,weather_2050_rcp_4_5_pvgis_2010,pvgis_2010,2010,556301278,3,mass_heavy,thermal_mass,c1685be28707789bb9ad5fcb5ea3d14d55c90ada53e5cc7e083453d0e526bcc9,ba8bdf115a19cf4f09c22f62bf794e41d11242897704d0abc6849c4ac0866fe8,eeecdeb84a71a196851566afdc66d21b7f4e7ca8b66731fe98aa3c8a1292e2ba,ba8bdf115a19cf4f09c22f62bf794e41d11242897704d0abc6849c4ac0866fe8,2ad0e9f7bbdfe12695c931891fd0e8132d060fd7bcbca23623db43d4c7393a5c,561839806dcdb8279ac4e42025bc5a82751f2588a2b2066fa84637918d8e4896
mc_7f6a7c1cf69201de885344e02564ea01bacd2436d8ec6d58f5de9dab31876149,BE_TABULA_11,Detached house,1971-1990,TABULA_existing,231ef175659def943b74235aceb0ef9def0e53fc195cdad7a8338fa6b54777e3,rcp_4_5,weather_2050_rcp_4_5_pvgis_2015,pvgis_2015,2015,1203443498,1,central,central,e911761c820080027eba08f44ea8eccf1d70cd6d860a102565a1508f4ed19caf,2987a546cb3f48253dcdfdc400036a68d1977eddb1012f753e54eca010acedd8,7dd72b3974289dbb84d86d9453ff0a5e0bcf0de111800373f10a60d631c49479,4b5b7791539478f9b2562d1b176e235ac7b641e1afdc40c3d5242661d9dbed3d,2ad0e9f7bbdfe12695c931891fd0e8132d060fd7bcbca23623db43d4c7393a5c,561839806dcdb8279ac4e42025bc5a82751f2588a2b2066fa84637918d8e4896
mc_775a453ac3b106c98a346a349d10ba1d69bc98df21b531f5d005d48b1138482d,BE_TABULA_11,Detached house,1971-1990,TABULA_existing,231ef175659def943b74235aceb0ef9def0e53fc195cdad7a8338fa6b54777e3,rcp_4_5,weather_2050_rcp_4_5_pvgis_2015,pvgis_2015,2015,1203443498,1,mass_heavy,thermal_mass,e911761c820080027eba08f44ea8eccf1d70cd6d860a102565a1508f4ed19caf,ba8bdf115a19cf4f09c22f62bf794e41d11242897704d0abc6849c4ac0866fe8,7dd72b3974289dbb84d86d9453ff0a5e0bcf0de111800373f10a60d631c49479,ba8bdf115a19cf4f09c22f62bf794e41d11242897704d0abc6849c4ac0866fe8,2ad0e9f7bbdfe12695c931891fd0e8132d060fd7bcbca23623db43d4c7393a5c,561839806dcdb8279ac4e42025bc5a82751f2588a2b2066fa84637918d8e4896
mc_8d9f1b073768ae67ea223decbb65610296438934a86044bf922255d47a7676dd,BE_TABULA_11,Detached house,1971-1990,TABULA_existing,231ef175659def943b74235aceb0ef9def0e53fc195cdad7a8338fa6b54777e3,rcp_4_5,weather_2050_rcp_4_5_pvgis_2015,pvgis_2015,2015,2404203277,2,central,central,e911761c820080027eba08f44ea8eccf1d70cd6d860a102565a1508f4ed19caf,2987a546cb3f48253dcdfdc400036a68d1977eddb1012f753e54eca010acedd8,7dd72b3974289dbb84d86d9453ff0a5e0bcf0de111800373f10a60d631c49479,4b5b7791539478f9b2562d1b176e235ac7b641e1afdc40c3d5242661d9dbed3d,2ad0e9f7bbdfe12695c931891fd0e8132d060fd7bcbca23623db43d4c7393a5c,561839806dcdb8279ac4e42025bc5a82751f2588a2b2066fa84637918d8e4896
mc_9114c018e41a26120711a5a947d6b4c7a8d2dcfeca53019d994dd352ba2083cb,BE_TABULA_11,Detached house,1971-1990,TABULA_existing,231ef175659def943b74235aceb0ef9def0e53fc195cdad7a8338fa6b54777e3,rcp_4_5,weather_2050_rcp_4_5_pvgis_2015,pvgis_2015,2015,2404203277,2,mass_heavy,thermal_mass,e911761c820080027eba08f44ea8eccf1d70cd6d860a102565a1508f4ed19caf,ba8bdf115a19cf4f09c22f62bf794e41d11242897704d0abc6849c4ac0866fe8,7dd72b3974289dbb84d86d9453ff0a5e0bcf0de111800373f10a60d631c49479,ba8bdf115a19cf4f09c22f62bf794e41d11242897704d0abc6849c4ac0866fe8,2ad0e9f7bbdfe12695c931891fd0e8132d060fd7bcbca23623db43d4c7393a5c,561839806dcdb8279ac4e42025bc5a82751f2588a2b2066fa84637918d8e4896
mc_ed4b352d6986beb217516be066c57808c34d8c1564f29dc691d415661db3d435,BE_TABULA_11,Detached house,1971-1990,TABULA_existing,231ef175659def943b74235aceb0ef9def0e53fc195cdad7a8338fa6b54777e3,rcp_4_5,weather_2050_rcp_4_5_pvgis_2015,pvgis_2015,2015,556301278,3,central,central,e911761c820080027eba08f44ea8eccf1d70cd6d860a102565a1508f4ed19caf,2987a546cb3f48253dcdfdc400036a68d1977eddb1012f753e54eca010acedd8,7dd72b3974289dbb84d86d9453ff0a5e0bcf0de111800373f10a60d631c49479,4b5b7791539478f9b2562d1b176e235ac7b641e1afdc40c3d5242661d9dbed3d,2ad0e9f7bbdfe12695c931891fd0e8132d060fd7bcbca23623db43d4c7393a5c,561839806dcdb8279ac4e42025bc5a82751f2588a2b2066fa84637918d8e4896
mc_d6f5dda1eaf6c42adf2f7e4dff20612ad834a5f6a2d017d3a22e61277ffb44c7,BE_TABULA_11,Detached house,1971-1990,TABULA_existing,231ef175659def943b74235aceb0ef9def0e53fc195cdad7a8338fa6b54777e3,rcp_4_5,weather_2050_rcp_4_5_pvgis_2015,pvgis_2015,2015,556301278,3,mass_heavy,thermal_mass,e911761c820080027eba08f44ea8eccf1d70cd6d860a102565a1508f4ed19caf,ba8bdf115a19cf4f09c22f62bf794e41d11242897704d0abc6849c4ac0866fe8,7dd72b3974289dbb84d86d9453ff0a5e0bcf0de111800373f10a60d631c49479,ba8bdf115a19cf4f09c22f62bf794e41d11242897704d0abc6849c4ac0866fe8,2ad0e9f7bbdfe12695c931891fd0e8132d060fd7bcbca23623db43d4c7393a5c,561839806dcdb8279ac4e42025bc5a82751f2588a2b2066fa84637918d8e4896
