archetype_id,state_id,climate_scenario_id,model_scenario_id,metric,component,weather_member_count,occupant_seed_count,sum_of_squares,total_sum_of_squares,sum_of_squares_share,interpretation
BE_TABULA_11,TABULA_advanced_A_proxy,rcp_4_5,central,heating_intensity_kWh_m2,weather_year,2,3,316.47595868498507,316.49021004760442,0.99995497060519756,balanced ANOVA share within included empirical ensemble
BE_TABULA_11,TABULA_advanced_A_proxy,rcp_4_5,central,heating_intensity_kWh_m2,occupant_seed,2,3,0.0023788298142448151,316.49021004760442,7.5162824590593393e-06,balanced ANOVA share within included empirical ensemble
BE_TABULA_11,TABULA_advanced_A_proxy,rcp_4_5,central,heating_intensity_kWh_m2,weather_seed_interaction,2,3,0.011872532805098576,316.49021004760442,3.7513112343389032e-05,balanced ANOVA share within included empirical ensemble
BE_TABULA_11,TABULA_advanced_A_proxy,rcp_4_5,central,cooling_intensity_kWh_m2,weather_year,2,3,0.079990778577695959,0.11348223983983956,0.70487486579916847,balanced ANOVA share within included empirical ensemble
BE_TABULA_11,TABULA_advanced_A_proxy,rcp_4_5,central,cooling_intensity_kWh_m2,occupant_seed,2,3,0.021752343492248836,0.11348223983983956,0.1916805970956203,balanced ANOVA share within included empirical ensemble
BE_TABULA_11,TABULA_advanced_A_proxy,rcp_4_5,central,cooling_intensity_kWh_m2,weather_seed_interaction,2,3,0.01173911776989482,0.11348223983983956,0.10344453710521173,balanced ANOVA share within included empirical ensemble
BE_TABULA_11,TABULA_advanced_A_proxy,rcp_4_5,central,peak_heating_W,weather_year,2,3,917330.22560280468,1056481.6194743612,0.86828791783354498,balanced ANOVA share within included empirical ensemble
BE_TABULA_11,TABULA_advanced_A_proxy,rcp_4_5,central,peak_heating_W,occupant_seed,2,3,2540.7413679117672,1056481.6194743612,0.0024049082549830636,balanced ANOVA share within included empirical ensemble
BE_TABULA_11,TABULA_advanced_A_proxy,rcp_4_5,central,peak_heating_W,weather_seed_interaction,2,3,136610.65250364612,1056481.6194743612,0.12930717391147326,balanced ANOVA share within included empirical ensemble
BE_TABULA_11,TABULA_advanced_A_proxy,rcp_4_5,central,peak_cooling_W,weather_year,2,3,624.75001876660303,79291.59466371937,0.0078791455943874895,balanced ANOVA share within included empirical ensemble
BE_TABULA_11,TABULA_advanced_A_proxy,rcp_4_5,central,peak_cooling_W,occupant_seed,2,3,9459.4177887836831,79291.59466371937,0.1192991240610265,balanced ANOVA share within included empirical ensemble
BE_TABULA_11,TABULA_advanced_A_proxy,rcp_4_5,central,peak_cooling_W,weather_seed_interaction,2,3,69207.426856169186,79291.59466371937,0.87282173034458732,balanced ANOVA share within included empirical ensemble
BE_TABULA_11,TABULA_advanced_A_proxy,rcp_4_5,mass_heavy,heating_intensity_kWh_m2,weather_year,2,3,315.40313703751474,315.41527048891487,0.99996153181999936,balanced ANOVA share within included empirical ensemble
BE_TABULA_11,TABULA_advanced_A_proxy,rcp_4_5,mass_heavy,heating_intensity_kWh_m2,occupant_seed,2,3,0.0019976823303890878,315.41527048891487,6.3334990956289019e-06,balanced ANOVA share within included empirical ensemble
BE_TABULA_11,TABULA_advanced_A_proxy,rcp_4_5,mass_heavy,heating_intensity_kWh_m2,weather_seed_interaction,2,3,0.01013576906995178,315.41527048891487,3.2134680905717268e-05,balanced ANOVA share within included empirical ensemble
BE_TABULA_11,TABULA_advanced_A_proxy,rcp_4_5,mass_heavy,cooling_intensity_kWh_m2,weather_year,2,3,0.040103126466820654,0.078503676600785097,0.51084392735842377,balanced ANOVA share within included empirical ensemble
BE_TABULA_11,TABULA_advanced_A_proxy,rcp_4_5,mass_heavy,cooling_intensity_kWh_m2,occupant_seed,2,3,0.024871856321429107,0.078503676600785097,0.3168240953593805,balanced ANOVA share within included empirical ensemble
BE_TABULA_11,TABULA_advanced_A_proxy,rcp_4_5,mass_heavy,cooling_intensity_kWh_m2,weather_seed_interaction,2,3,0.013528693812535561,0.078503676600785097,0.17233197728219857,balanced ANOVA share within included empirical ensemble
BE_TABULA_11,TABULA_advanced_A_proxy,rcp_4_5,mass_heavy,peak_heating_W,weather_year,2,3,902014.83312217076,1134910.3898621269,0.79478947516882881,balanced ANOVA share within included empirical ensemble
BE_TABULA_11,TABULA_advanced_A_proxy,rcp_4_5,mass_heavy,peak_heating_W,occupant_seed,2,3,21921.660788769263,1134910.3898621269,0.019315763592077421,balanced ANOVA share within included empirical ensemble
BE_TABULA_11,TABULA_advanced_A_proxy,rcp_4_5,mass_heavy,peak_heating_W,weather_seed_interaction,2,3,210973.89595118506,1134910.3898621269,0.18589476123909213,balanced ANOVA share within included empirical ensemble
BE_TABULA_11,TABULA_advanced_A_proxy,rcp_4_5,mass_heavy,peak_cooling_W,weather_year,2,3,6492.9885213334637,104551.18811314703,0.062103440797885948,balanced ANOVA share within included empirical ensemble
BE_TABULA_11,TABULA_advanced_A_proxy,rcp_4_5,mass_heavy,peak_cooling_W,occupant_seed,2,3,16546.461451294585,104551.18811314703,0.1582618213136682,balanced ANOVA share within included empirical ensemble
BE_TABULA_11,TABULA_advanced_A_proxy,rcp_4_5,mass_heavy,peak_cooling_W,weather_seed_interaction,2,3,81511.738140518806,104551.18811314703,0.77963473788844417,balanced ANOVA share within included empirical ensemble
BE_TABULA_11,TABULA_existing,rcp_4_5,central,heating_intensity_kWh_m2,weather_year,2,3,3627.9765935275359,3633.6384679979483,0.99844181678494504,balanced ANOVA share within included empirical ensemble
BE_TABULA_11,TABULA_existing,rcp_4_5,central,heating_intensity_kWh_m2,occupant_seed,2,3,5.5821562126610713,3633.6384679979483,0.0015362442526475981,balanced ANOVA share within included empirical ensemble
BE_TABULA_11,TABULA_existing,rcp_4_5,central,heating_intensity_kWh_m2,weather_seed_interaction,2,3,0.079718257753894073,3633.6384679979483,2.1938962408061748e-05,balanced ANOVA share within included empirical ensemble
BE_TABULA_11,TABULA_existing,rcp_4_5,central,cooling_intensity_kWh_m2,weather_year,2,3,0.00022139824413566149,0.0041124128204186022,0.053836580568077642,balanced ANOVA share within included empirical ensemble
BE_TABULA_11,TABULA_existing,rcp_4_5,central,cooling_intensity_kWh_m2,occupant_seed,2,3,0.001215617846852616,0.0041124128204186022,0.29559723207187122,balanced ANOVA share within included empirical ensemble
BE_TABULA_11,TABULA_existing,rcp_4_5,central,cooling_intensity_kWh_m2,weather_seed_interaction,2,3,0.0026753967294303161,0.0041124128204186022,0.65056618736004901,balanced ANOVA share within included empirical ensemble
BE_TABULA_11,TABULA_existing,rcp_4_5,central,peak_heating_W,weather_year,2,3,12409493.182964364,12885497.503105514,0.9630589102185283,balanced ANOVA share within included empirical ensemble
BE_TABULA_11,TABULA_existing,rcp_4_5,central,peak_heating_W,occupant_seed,2,3,11026.946436357375,12885497.503105514,0.00085576412037639902,balanced ANOVA share within included empirical ensemble
BE_TABULA_11,TABULA_existing,rcp_4_5,central,peak_heating_W,weather_seed_interaction,2,3,464977.37370479282,12885497.503105514,0.036085325661095298,balanced ANOVA share within included empirical ensemble
BE_TABULA_11,TABULA_existing,rcp_4_5,central,peak_cooling_W,weather_year,2,3,88815.525010503858,242544.48934852408,0.36618240739693936,balanced ANOVA share within included empirical ensemble
BE_TABULA_11,TABULA_existing,rcp_4_5,central,peak_cooling_W,occupant_seed,2,3,26578.767078075558,242544.48934852408,0.10958305896566145,balanced ANOVA share within included empirical ensemble
BE_TABULA_11,TABULA_existing,rcp_4_5,central,peak_cooling_W,weather_seed_interaction,2,3,127150.19725994547,242544.48934852408,0.52423453363740258,balanced ANOVA share within included empirical ensemble
BE_TABULA_11,TABULA_existing,rcp_4_5,mass_heavy,heating_intensity_kWh_m2,weather_year,2,3,3631.0410849178638,3636.8665908195153,0.9983982074249419,balanced ANOVA share within included empirical ensemble
BE_TABULA_11,TABULA_existing,rcp_4_5,mass_heavy,heating_intensity_kWh_m2,occupant_seed,2,3,5.7696925727325112,3636.8665908195153,0.0015864460322236879,balanced ANOVA share within included empirical ensemble
BE_TABULA_11,TABULA_existing,rcp_4_5,mass_heavy,heating_intensity_kWh_m2,weather_seed_interaction,2,3,0.055813328917210012,3636.8665908195153,1.5346542833905076e-05,balanced ANOVA share within included empirical ensemble
BE_TABULA_11,TABULA_existing,rcp_4_5,mass_heavy,cooling_intensity_kWh_m2,weather_year,2,3,0.028401138657253452,0.031773720939094849,0.89385623772846445,balanced ANOVA share within included empirical ensemble
BE_TABULA_11,TABULA_existing,rcp_4_5,mass_heavy,cooling_intensity_kWh_m2,occupant_seed,2,3,0.001765641949453015,0.031773720939094849,0.055569253372542322,balanced ANOVA share within included empirical ensemble
BE_TABULA_11,TABULA_existing,rcp_4_5,mass_heavy,cooling_intensity_kWh_m2,weather_seed_interaction,2,3,0.0016069403323883101,0.031773720939094849,0.050574508898991032,balanced ANOVA share within included empirical ensemble
BE_TABULA_11,TABULA_existing,rcp_4_5,mass_heavy,peak_heating_W,weather_year,2,3,13267001.598546326,13911664.818765262,0.95366023918651643,balanced ANOVA share within included empirical ensemble
BE_TABULA_11,TABULA_existing,rcp_4_5,mass_heavy,peak_heating_W,occupant_seed,2,3,6641.2424263342818,13911664.818765262,0.00047738660418097462,balanced ANOVA share within included empirical ensemble
BE_TABULA_11,TABULA_existing,rcp_4_5,mass_heavy,peak_heating_W,weather_seed_interaction,2,3,638021.97779258026,13911664.818765262,0.045862374209301018,balanced ANOVA share within included empirical ensemble
BE_TABULA_11,TABULA_existing,rcp_4_5,mass_heavy,peak_cooling_W,weather_year,2,3,566608.25984056282,631751.38077958883,0.89688487762600755,balanced ANOVA share within included empirical ensemble
BE_TABULA_11,TABULA_existing,rcp_4_5,mass_heavy,peak_cooling_W,occupant_seed,2,3,1195.8421590064268,631751.38077958883,0.0018928999530333326,balanced ANOVA share within included empirical ensemble
BE_TABULA_11,TABULA_existing,rcp_4_5,mass_heavy,peak_cooling_W,weather_seed_interaction,2,3,63947.278780021312,631751.38077958883,0.10122222242096186,balanced ANOVA share within included empirical ensemble
