scenario,base_year,target_year,ARR,renovation_depth,depth_share,region,priority_rank_within_region_and_depth,archetype_id,dwelling_type,construction_period,source_state_id,destination_state_id,specific_heat_loss_z_W_m2K,initial_source_state_dwellings_2025,allocated_renovations_2025_2050,first_allocation_year,last_allocation_year,annual_regional_depth_quota_dwellings,nominal_depth_quota_to_2050_dwellings,applied_depth_renovations_to_2050_dwellings,unused_depth_quota_to_2050_dwellings,priority_metric,priority_tie_break,transition_event_definition,unique_dwelling_count_available
central,2025,2050,0.028,advanced,0.1,Flemish Region,1,BE_TABULA_06,Detached house,1946-1970,TABULA_existing,TABULA_advanced_A_proxy,4.92643426633,140899.781078,27250.725600000005,2026,2028,9083.575200000001,227089.38000000003,227089.38,0,specific_heat_loss_z_W_m2K_descending_current_state,physical-state order then TABULA type number,TABULA_existing_to_TABULA_advanced_A_proxy,false
central,2025,2050,0.028,advanced,0.1,Flemish Region,2,BE_TABULA_05,"Apartment, exposed",pre-1946,TABULA_existing,TABULA_advanced_A_proxy,4.9141253996,53835.1448708,9083.575200000001,2029,2029,9083.575200000001,227089.38000000003,227089.38,0,specific_heat_loss_z_W_m2K_descending_current_state,physical-state order then TABULA type number,TABULA_existing_to_TABULA_advanced_A_proxy,false
central,2025,2050,0.028,advanced,0.1,Flemish Region,3,BE_TABULA_01,Detached house,pre-1946,TABULA_existing,TABULA_advanced_A_proxy,4.91345448029,74272.2195165,9083.575200000001,2030,2030,9083.575200000001,227089.38000000003,227089.38,0,specific_heat_loss_z_W_m2K_descending_current_state,physical-state order then TABULA type number,TABULA_existing_to_TABULA_advanced_A_proxy,false
central,2025,2050,0.028,advanced,0.1,Flemish Region,4,BE_TABULA_10,"Apartment, exposed",1946-1970,TABULA_existing,TABULA_advanced_A_proxy,4.79594358142,72522.9907542,18167.150400000002,2031,2032,9083.575200000001,227089.38000000003,227089.38,0,specific_heat_loss_z_W_m2K_descending_current_state,physical-state order then TABULA type number,TABULA_existing_to_TABULA_advanced_A_proxy,false
central,2025,2050,0.028,advanced,0.1,Flemish Region,5,BE_TABULA_02,Semi-detached house,pre-1946,TABULA_existing,TABULA_advanced_A_proxy,4.30647953586,94122.2236047,9083.575200000001,2033,2033,9083.575200000001,227089.38000000003,227089.38,0,specific_heat_loss_z_W_m2K_descending_current_state,physical-state order then TABULA type number,TABULA_existing_to_TABULA_advanced_A_proxy,false
central,2025,2050,0.028,advanced,0.1,Flemish Region,6,BE_TABULA_07,Semi-detached house,1946-1970,TABULA_existing,TABULA_advanced_A_proxy,4.29680506722,134174.633796,27250.725600000005,2034,2036,9083.575200000001,227089.38000000003,227089.38,0,specific_heat_loss_z_W_m2K_descending_current_state,physical-state order then TABULA type number,TABULA_existing_to_TABULA_advanced_A_proxy,false
central,2025,2050,0.028,advanced,0.1,Flemish Region,7,BE_TABULA_03,Terraced house,pre-1946,TABULA_existing,TABULA_advanced_A_proxy,3.31703286853,255427.386957,44066.91337719996,2037,2041,9083.575200000001,227089.38000000003,227089.38,0,specific_heat_loss_z_W_m2K_descending_current_state,physical-state order then TABULA type number,TABULA_existing_to_TABULA_advanced_A_proxy,false
central,2025,2050,0.028,advanced,0.1,Flemish Region,8,BE_TABULA_11,Detached house,1971-1990,TABULA_existing,TABULA_advanced_A_proxy,3.30423674497,208343.092478,28601.688222800047,2041,2044,9083.575200000001,227089.38000000003,227089.38,0,specific_heat_loss_z_W_m2K_descending_current_state,physical-state order then TABULA type number,TABULA_existing_to_TABULA_advanced_A_proxy,false
central,2025,2050,0.028,advanced,0.1,Flemish Region,9,BE_TABULA_08,Terraced house,1946-1970,TABULA_existing,TABULA_advanced_A_proxy,3.28802243461,115076.966366,22311.114621199926,2045,2047,9083.575200000001,227089.38000000003,227089.38,0,specific_heat_loss_z_W_m2K_descending_current_state,physical-state order then TABULA type number,TABULA_existing_to_TABULA_advanced_A_proxy,false
central,2025,2050,0.028,advanced,0.1,Flemish Region,10,BE_TABULA_12,Semi-detached house,1971-1990,TABULA_existing,TABULA_advanced_A_proxy,3.100083864,82814.5451894,14023.186178800079,2047,2048,9083.575200000001,227089.38000000003,227089.38,0,specific_heat_loss_z_W_m2K_descending_current_state,physical-state order then TABULA type number,TABULA_existing_to_TABULA_advanced_A_proxy,false
central,2025,2050,0.028,advanced,0.1,Flemish Region,11,BE_TABULA_15,"Apartment, exposed",1971-1990,TABULA_existing,TABULA_advanced_A_proxy,2.87336236264,74096.1974229,9083.575200000001,2049,2049,9083.575200000001,227089.38000000003,227089.38,0,specific_heat_loss_z_W_m2K_descending_current_state,physical-state order then TABULA type number,TABULA_existing_to_TABULA_advanced_A_proxy,false
central,2025,2050,0.028,advanced,0.1,Flemish Region,12,BE_TABULA_16,Detached house,1991-2005,TABULA_existing,TABULA_advanced_A_proxy,2.42278676471,131478.874582,9083.575200000001,2050,2050,9083.575200000001,227089.38000000003,227089.38,0,specific_heat_loss_z_W_m2K_descending_current_state,physical-state order then TABULA type number,TABULA_existing_to_TABULA_advanced_A_proxy,false
central,2025,2050,0.028,advanced,0.1,Flemish Region,13,BE_TABULA_13,Terraced house,1971-1990,TABULA_existing,TABULA_advanced_A_proxy,2.29461293821,53884.9657742,0,,,9083.575200000001,227089.38000000003,227089.38,0,specific_heat_loss_z_W_m2K_descending_current_state,physical-state order then TABULA type number,TABULA_existing_to_TABULA_advanced_A_proxy,false
central,2025,2050,0.028,advanced,0.1,Flemish Region,14,BE_TABULA_20,"Apartment, exposed",1991-2005,TABULA_existing,TABULA_advanced_A_proxy,2.23798451548,58491.1146072,0,,,9083.575200000001,227089.38000000003,227089.38,0,specific_heat_loss_z_W_m2K_descending_current_state,physical-state order then TABULA type number,TABULA_existing_to_TABULA_advanced_A_proxy,false
central,2025,2050,0.028,advanced,0.1,Flemish Region,15,BE_TABULA_17,Semi-detached house,1991-2005,TABULA_existing,TABULA_advanced_A_proxy,2.07700892857,45333.6639793,0,,,9083.575200000001,227089.38000000003,227089.38,0,specific_heat_loss_z_W_m2K_descending_current_state,physical-state order then TABULA type number,TABULA_existing_to_TABULA_advanced_A_proxy,false
central,2025,2050,0.028,advanced,0.1,Flemish Region,16,BE_TABULA_04,"Apartment, enclosed",pre-1946,TABULA_existing,TABULA_advanced_A_proxy,1.84376583417,53835.1448708,0,,,9083.575200000001,227089.38000000003,227089.38,0,specific_heat_loss_z_W_m2K_descending_current_state,physical-state order then TABULA type number,TABULA_existing_to_TABULA_advanced_A_proxy,false
central,2025,2050,0.028,advanced,0.1,Flemish Region,17,BE_TABULA_09,"Apartment, enclosed",1946-1970,TABULA_existing,TABULA_advanced_A_proxy,1.75435524476,72522.9907542,0,,,9083.575200000001,227089.38000000003,227089.38,0,specific_heat_loss_z_W_m2K_descending_current_state,physical-state order then TABULA type number,TABULA_existing_to_TABULA_advanced_A_proxy,false
central,2025,2050,0.028,advanced,0.1,Flemish Region,18,BE_TABULA_18,Terraced house,1991-2005,TABULA_existing,TABULA_advanced_A_proxy,1.64041623173,22623.4868879,0,,,9083.575200000001,227089.38000000003,227089.38,0,specific_heat_loss_z_W_m2K_descending_current_state,physical-state order then TABULA type number,TABULA_existing_to_TABULA_advanced_A_proxy,false
central,2025,2050,0.028,advanced,0.1,Flemish Region,19,BE_TABULA_06,Detached house,1946-1970,TABULA_standard_B_proxy,TABULA_advanced_A_proxy,1.45970907549,44924.5678799,0,,,9083.575200000001,227089.38000000003,227089.38,0,specific_heat_loss_z_W_m2K_descending_current_state,physical-state order then TABULA type number,TABULA_standard_B_proxy_to_TABULA_advanced_A_proxy,false
central,2025,2050,0.028,advanced,0.1,Flemish Region,20,BE_TABULA_11,Detached house,1971-1990,TABULA_standard_B_proxy,TABULA_advanced_A_proxy,1.4506057047,66428.2323842,0,,,9083.575200000001,227089.38000000003,227089.38,0,specific_heat_loss_z_W_m2K_descending_current_state,physical-state order then TABULA type number,TABULA_standard_B_proxy_to_TABULA_advanced_A_proxy,false
central,2025,2050,0.028,advanced,0.1,Flemish Region,21,BE_TABULA_21,Detached house,post-2005,TABULA_existing,TABULA_advanced_A_proxy,1.44392964577,80509.832346,0,,,9083.575200000001,227089.38000000003,227089.38,0,specific_heat_loss_z_W_m2K_descending_current_state,physical-state order then TABULA type number,TABULA_existing_to_TABULA_advanced_A_proxy,false
central,2025,2050,0.028,advanced,0.1,Flemish Region,22,BE_TABULA_21,Detached house,post-2005,TABULA_standard_B_proxy,TABULA_advanced_A_proxy,1.44046346439,25669.8016176,0,,,9083.575200000001,227089.38000000003,227089.38,0,specific_heat_loss_z_W_m2K_descending_current_state,physical-state order then TABULA type number,TABULA_standard_B_proxy_to_TABULA_advanced_A_proxy,false
central,2025,2050,0.028,advanced,0.1,Flemish Region,23,BE_TABULA_16,Detached house,1991-2005,TABULA_standard_B_proxy,TABULA_advanced_A_proxy,1.41114183437,41920.8005913,0,,,9083.575200000001,227089.38000000003,227089.38,0,specific_heat_loss_z_W_m2K_descending_current_state,physical-state order then TABULA type number,TABULA_standard_B_proxy_to_TABULA_advanced_A_proxy,false
central,2025,2050,0.028,advanced,0.1,Flemish Region,24,BE_TABULA_12,Semi-detached house,1971-1990,TABULA_standard_B_proxy,TABULA_advanced_A_proxy,1.40061953589,26404.6375966,0,,,9083.575200000001,227089.38000000003,227089.38,0,specific_heat_loss_z_W_m2K_descending_current_state,physical-state order then TABULA type number,TABULA_standard_B_proxy_to_TABULA_advanced_A_proxy,false
central,2025,2050,0.028,advanced,0.1,Flemish Region,25,BE_TABULA_01,Detached house,pre-1946,TABULA_standard_B_proxy,TABULA_advanced_A_proxy,1.33953261649,23680.997527,0,,,9083.575200000001,227089.38000000003,227089.38,0,specific_heat_loss_z_W_m2K_descending_current_state,physical-state order then TABULA type number,TABULA_standard_B_proxy_to_TABULA_advanced_A_proxy,false
central,2025,2050,0.028,advanced,0.1,Flemish Region,26,BE_TABULA_07,Semi-detached house,1946-1970,TABULA_standard_B_proxy,TABULA_advanced_A_proxy,1.31055170631,42780.3180219,0,,,9083.575200000001,227089.38000000003,227089.38,0,specific_heat_loss_z_W_m2K_descending_current_state,physical-state order then TABULA type number,TABULA_standard_B_proxy_to_TABULA_advanced_A_proxy,false
central,2025,2050,0.028,advanced,0.1,Flemish Region,27,BE_TABULA_25,"Apartment, exposed",post-2005,TABULA_existing,TABULA_advanced_A_proxy,1.28147202797,86266.382345,0,,,9083.575200000001,227089.38000000003,227089.38,0,specific_heat_loss_z_W_m2K_descending_current_state,physical-state order then TABULA type number,TABULA_existing_to_TABULA_advanced_A_proxy,false
central,2025,2050,0.028,advanced,0.1,Flemish Region,28,BE_TABULA_05,"Apartment, exposed",pre-1946,TABULA_standard_B_proxy,TABULA_advanced_A_proxy,1.28147202797,17164.8287994,0,,,9083.575200000001,227089.38000000003,227089.38,0,specific_heat_loss_z_W_m2K_descending_current_state,physical-state order then TABULA type number,TABULA_standard_B_proxy_to_TABULA_advanced_A_proxy,false
central,2025,2050,0.028,advanced,0.1,Flemish Region,29,BE_TABULA_10,"Apartment, exposed",1946-1970,TABULA_standard_B_proxy,TABULA_advanced_A_proxy,1.28147202797,23123.2724144,0,,,9083.575200000001,227089.38000000003,227089.38,0,specific_heat_loss_z_W_m2K_descending_current_state,physical-state order then TABULA type number,TABULA_standard_B_proxy_to_TABULA_advanced_A_proxy,false
central,2025,2050,0.028,advanced,0.1,Flemish Region,30,BE_TABULA_15,"Apartment, exposed",1971-1990,TABULA_standard_B_proxy,TABULA_advanced_A_proxy,1.28147202797,23624.8745406,0,,,9083.575200000001,227089.38000000003,227089.38,0,specific_heat_loss_z_W_m2K_descending_current_state,physical-state order then TABULA type number,TABULA_standard_B_proxy_to_TABULA_advanced_A_proxy,false
central,2025,2050,0.028,advanced,0.1,Flemish Region,31,BE_TABULA_20,"Apartment, exposed",1991-2005,TABULA_standard_B_proxy,TABULA_advanced_A_proxy,1.28147202797,18649.3408892,0,,,9083.575200000001,227089.38000000003,227089.38,0,specific_heat_loss_z_W_m2K_descending_current_state,physical-state order then TABULA type number,TABULA_standard_B_proxy_to_TABULA_advanced_A_proxy,false
central,2025,2050,0.028,advanced,0.1,Flemish Region,32,BE_TABULA_25,"Apartment, exposed",post-2005,TABULA_standard_B_proxy,TABULA_advanced_A_proxy,1.28147202797,27505.2233564,0,,,9083.575200000001,227089.38000000003,227089.38,0,specific_heat_loss_z_W_m2K_descending_current_state,physical-state order then TABULA type number,TABULA_standard_B_proxy_to_TABULA_advanced_A_proxy,false
central,2025,2050,0.028,advanced,0.1,Flemish Region,33,BE_TABULA_22,Semi-detached house,post-2005,TABULA_existing,TABULA_advanced_A_proxy,1.25577084938,73737.5034307,0,,,9083.575200000001,227089.38000000003,227089.38,0,specific_heat_loss_z_W_m2K_descending_current_state,physical-state order then TABULA type number,TABULA_existing_to_TABULA_advanced_A_proxy,false
central,2025,2050,0.028,advanced,0.1,Flemish Region,34,BE_TABULA_22,Semi-detached house,post-2005,TABULA_standard_B_proxy,TABULA_advanced_A_proxy,1.24700021395,23510.5083402,0,,,9083.575200000001,227089.38000000003,227089.38,0,specific_heat_loss_z_W_m2K_descending_current_state,physical-state order then TABULA type number,TABULA_standard_B_proxy_to_TABULA_advanced_A_proxy,false
central,2025,2050,0.028,advanced,0.1,Flemish Region,35,BE_TABULA_14,"Apartment, enclosed",1971-1990,TABULA_existing,TABULA_advanced_A_proxy,1.22158481518,74096.1974229,0,,,9083.575200000001,227089.38000000003,227089.38,0,specific_heat_loss_z_W_m2K_descending_current_state,physical-state order then TABULA type number,TABULA_existing_to_TABULA_advanced_A_proxy,false
central,2025,2050,0.028,advanced,0.1,Flemish Region,36,BE_TABULA_17,Semi-detached house,1991-2005,TABULA_standard_B_proxy,TABULA_advanced_A_proxy,1.20997767857,14454.2117035,0,,,9083.575200000001,227089.38000000003,227089.38,0,specific_heat_loss_z_W_m2K_descending_current_state,physical-state order then TABULA type number,TABULA_standard_B_proxy_to_TABULA_advanced_A_proxy,false
central,2025,2050,0.028,advanced,0.1,Flemish Region,37,BE_TABULA_02,Semi-detached house,pre-1946,TABULA_standard_B_proxy,TABULA_advanced_A_proxy,1.19499388186,30009.9843377,0,,,9083.575200000001,227089.38000000003,227089.38,0,specific_heat_loss_z_W_m2K_descending_current_state,physical-state order then TABULA type number,TABULA_standard_B_proxy_to_TABULA_advanced_A_proxy,false
central,2025,2050,0.028,advanced,0.1,Flemish Region,38,BE_TABULA_19,"Apartment, enclosed",1991-2005,TABULA_existing,TABULA_advanced_A_proxy,1.11932067932,58491.1146072,0,,,9083.575200000001,227089.38000000003,227089.38,0,specific_heat_loss_z_W_m2K_descending_current_state,physical-state order then TABULA type number,TABULA_existing_to_TABULA_advanced_A_proxy,false
central,2025,2050,0.028,advanced,0.1,Flemish Region,39,BE_TABULA_13,Terraced house,1971-1990,TABULA_standard_B_proxy,TABULA_advanced_A_proxy,1.09084046346,17180.7137251,0,,,9083.575200000001,227089.38000000003,227089.38,0,specific_heat_loss_z_W_m2K_descending_current_state,physical-state order then TABULA type number,TABULA_standard_B_proxy_to_TABULA_advanced_A_proxy,false
central,2025,2050,0.028,advanced,0.1,Flemish Region,40,BE_TABULA_08,Terraced house,1946-1970,TABULA_standard_B_proxy,TABULA_advanced_A_proxy,1.06085714286,36691.2066673,0,,,9083.575200000001,227089.38000000003,227089.38,0,specific_heat_loss_z_W_m2K_descending_current_state,physical-state order then TABULA type number,TABULA_standard_B_proxy_to_TABULA_advanced_A_proxy,false
central,2025,2050,0.028,advanced,0.1,Flemish Region,41,BE_TABULA_23,Terraced house,post-2005,TABULA_existing,TABULA_advanced_A_proxy,1.04384117059,35329.6240153,0,,,9083.575200000001,227089.38000000003,227089.38,0,specific_heat_loss_z_W_m2K_descending_current_state,physical-state order then TABULA type number,TABULA_existing_to_TABULA_advanced_A_proxy,false
central,2025,2050,0.028,advanced,0.1,Flemish Region,42,BE_TABULA_23,Terraced house,post-2005,TABULA_standard_B_proxy,TABULA_advanced_A_proxy,1.04384117059,11264.517802,0,,,9083.575200000001,227089.38000000003,227089.38,0,specific_heat_loss_z_W_m2K_descending_current_state,physical-state order then TABULA type number,TABULA_standard_B_proxy_to_TABULA_advanced_A_proxy,false
central,2025,2050,0.028,advanced,0.1,Flemish Region,43,BE_TABULA_03,Terraced house,pre-1946,TABULA_standard_B_proxy,TABULA_advanced_A_proxy,1.00403497123,81440.6161312,0,,,9083.575200000001,227089.38000000003,227089.38,0,specific_heat_loss_z_W_m2K_descending_current_state,physical-state order then TABULA type number,TABULA_standard_B_proxy_to_TABULA_advanced_A_proxy,false
central,2025,2050,0.028,advanced,0.1,Flemish Region,44,BE_TABULA_18,Terraced house,1991-2005,TABULA_standard_B_proxy,TABULA_advanced_A_proxy,0.995627609603,7213.2856744,0,,,9083.575200000001,227089.38000000003,227089.38,0,specific_heat_loss_z_W_m2K_descending_current_state,physical-state order then TABULA type number,TABULA_standard_B_proxy_to_TABULA_advanced_A_proxy,false
central,2025,2050,0.028,advanced,0.1,Flemish Region,45,BE_TABULA_24,"Apartment, enclosed",post-2005,TABULA_existing,TABULA_advanced_A_proxy,0.651972027972,86266.382345,0,,,9083.575200000001,227089.38000000003,227089.38,0,specific_heat_loss_z_W_m2K_descending_current_state,physical-state order then TABULA type number,TABULA_existing_to_TABULA_advanced_A_proxy,false
central,2025,2050,0.028,advanced,0.1,Flemish Region,46,BE_TABULA_04,"Apartment, enclosed",pre-1946,TABULA_standard_B_proxy,TABULA_advanced_A_proxy,0.651972027972,17164.8287994,0,,,9083.575200000001,227089.38000000003,227089.38,0,specific_heat_loss_z_W_m2K_descending_current_state,physical-state order then TABULA type number,TABULA_standard_B_proxy_to_TABULA_advanced_A_proxy,false
central,2025,2050,0.028,advanced,0.1,Flemish Region,47,BE_TABULA_09,"Apartment, enclosed",1946-1970,TABULA_standard_B_proxy,TABULA_advanced_A_proxy,0.651972027972,23123.2724144,0,,,9083.575200000001,227089.38000000003,227089.38,0,specific_heat_loss_z_W_m2K_descending_current_state,physical-state order then TABULA type number,TABULA_standard_B_proxy_to_TABULA_advanced_A_proxy,false
central,2025,2050,0.028,advanced,0.1,Flemish Region,48,BE_TABULA_14,"Apartment, enclosed",1971-1990,TABULA_standard_B_proxy,TABULA_advanced_A_proxy,0.651972027972,23624.8745406,0,,,9083.575200000001,227089.38000000003,227089.38,0,specific_heat_loss_z_W_m2K_descending_current_state,physical-state order then TABULA type number,TABULA_standard_B_proxy_to_TABULA_advanced_A_proxy,false
central,2025,2050,0.028,advanced,0.1,Flemish Region,49,BE_TABULA_19,"Apartment, enclosed",1991-2005,TABULA_standard_B_proxy,TABULA_advanced_A_proxy,0.651972027972,18649.3408892,0,,,9083.575200000001,227089.38000000003,227089.38,0,specific_heat_loss_z_W_m2K_descending_current_state,physical-state order then TABULA type number,TABULA_standard_B_proxy_to_TABULA_advanced_A_proxy,false
central,2025,2050,0.028,advanced,0.1,Flemish Region,50,BE_TABULA_24,"Apartment, enclosed",post-2005,TABULA_standard_B_proxy,TABULA_advanced_A_proxy,0.651972027972,27505.2233564,0,,,9083.575200000001,227089.38000000003,227089.38,0,specific_heat_loss_z_W_m2K_descending_current_state,physical-state order then TABULA type number,TABULA_standard_B_proxy_to_TABULA_advanced_A_proxy,false
central,2025,2050,0.028,medium,0.5,Flemish Region,1,BE_TABULA_06,Detached house,1946-1970,TABULA_existing,TABULA_standard_B_proxy,4.92643426633,140899.781078,113649.055478,2026,2028,45417.876000000004,1135446.9000000001,1135446.9000000004,0,specific_heat_loss_z_W_m2K_descending_current_state,physical-state order then TABULA type number,TABULA_existing_to_TABULA_standard_B_proxy,false
central,2025,2050,0.028,medium,0.5,Flemish Region,2,BE_TABULA_05,"Apartment, exposed",pre-1946,TABULA_existing,TABULA_standard_B_proxy,4.9141253996,53835.1448708,44751.5696708,2028,2029,45417.876000000004,1135446.9000000001,1135446.9000000004,0,specific_heat_loss_z_W_m2K_descending_current_state,physical-state order then TABULA type number,TABULA_existing_to_TABULA_standard_B_proxy,false
central,2025,2050,0.028,medium,0.5,Flemish Region,3,BE_TABULA_01,Detached house,pre-1946,TABULA_existing,TABULA_standard_B_proxy,4.91345448029,74272.2195165,65188.6443165,2029,2030,45417.876000000004,1135446.9000000001,1135446.9000000004,0,specific_heat_loss_z_W_m2K_descending_current_state,physical-state order then TABULA type number,TABULA_existing_to_TABULA_standard_B_proxy,false
central,2025,2050,0.028,medium,0.5,Flemish Region,4,BE_TABULA_10,"Apartment, exposed",1946-1970,TABULA_existing,TABULA_standard_B_proxy,4.79594358142,72522.9907542,54355.8403542,2030,2032,45417.876000000004,1135446.9000000001,1135446.9000000004,0,specific_heat_loss_z_W_m2K_descending_current_state,physical-state order then TABULA type number,TABULA_existing_to_TABULA_standard_B_proxy,false
central,2025,2050,0.028,medium,0.5,Flemish Region,5,BE_TABULA_02,Semi-detached house,pre-1946,TABULA_existing,TABULA_standard_B_proxy,4.30647953586,94122.2236047,85038.64840470001,2032,2033,45417.876000000004,1135446.9000000001,1135446.9000000004,0,specific_heat_loss_z_W_m2K_descending_current_state,physical-state order then TABULA type number,TABULA_existing_to_TABULA_standard_B_proxy,false
central,2025,2050,0.028,medium,0.5,Flemish Region,6,BE_TABULA_07,Semi-detached house,1946-1970,TABULA_existing,TABULA_standard_B_proxy,4.29680506722,134174.633796,106923.90819599999,2033,2036,45417.876000000004,1135446.9000000001,1135446.9000000004,0,specific_heat_loss_z_W_m2K_descending_current_state,physical-state order then TABULA type number,TABULA_existing_to_TABULA_standard_B_proxy,false
central,2025,2050,0.028,medium,0.5,Flemish Region,7,BE_TABULA_03,Terraced house,pre-1946,TABULA_existing,TABULA_standard_B_proxy,3.31703286853,255427.386957,211360.47357980005,2036,2040,45417.876000000004,1135446.9000000001,1135446.9000000004,0,specific_heat_loss_z_W_m2K_descending_current_state,physical-state order then TABULA type number,TABULA_existing_to_TABULA_standard_B_proxy,false
central,2025,2050,0.028,medium,0.5,Flemish Region,8,BE_TABULA_11,Detached house,1971-1990,TABULA_existing,TABULA_standard_B_proxy,3.30423674497,208343.092478,179741.40425519997,2041,2044,45417.876000000004,1135446.9000000001,1135446.9000000004,0,specific_heat_loss_z_W_m2K_descending_current_state,physical-state order then TABULA type number,TABULA_existing_to_TABULA_standard_B_proxy,false
central,2025,2050,0.028,medium,0.5,Flemish Region,9,BE_TABULA_08,Terraced house,1946-1970,TABULA_existing,TABULA_standard_B_proxy,3.28802243461,115076.966366,92765.85174480005,2044,2046,45417.876000000004,1135446.9000000001,1135446.9000000004,0,specific_heat_loss_z_W_m2K_descending_current_state,physical-state order then TABULA type number,TABULA_existing_to_TABULA_standard_B_proxy,false
central,2025,2050,0.028,medium,0.5,Flemish Region,10,BE_TABULA_12,Semi-detached house,1971-1990,TABULA_existing,TABULA_standard_B_proxy,3.100083864,82814.5451894,68791.35901059993,2047,2048,45417.876000000004,1135446.9000000001,1135446.9000000004,0,specific_heat_loss_z_W_m2K_descending_current_state,physical-state order then TABULA type number,TABULA_existing_to_TABULA_standard_B_proxy,false
central,2025,2050,0.028,medium,0.5,Flemish Region,11,BE_TABULA_15,"Apartment, exposed",1971-1990,TABULA_existing,TABULA_standard_B_proxy,2.87336236264,74096.1974229,65012.622222900005,2048,2049,45417.876000000004,1135446.9000000001,1135446.9000000004,0,specific_heat_loss_z_W_m2K_descending_current_state,physical-state order then TABULA type number,TABULA_existing_to_TABULA_standard_B_proxy,false
central,2025,2050,0.028,medium,0.5,Flemish Region,12,BE_TABULA_16,Detached house,1991-2005,TABULA_existing,TABULA_standard_B_proxy,2.42278676471,131478.874582,47867.522766500086,2049,2050,45417.876000000004,1135446.9000000001,1135446.9000000004,0,specific_heat_loss_z_W_m2K_descending_current_state,physical-state order then TABULA type number,TABULA_existing_to_TABULA_standard_B_proxy,false
central,2025,2050,0.028,medium,0.5,Flemish Region,13,BE_TABULA_13,Terraced house,1971-1990,TABULA_existing,TABULA_standard_B_proxy,2.29461293821,53884.9657742,0,,,45417.876000000004,1135446.9000000001,1135446.9000000004,0,specific_heat_loss_z_W_m2K_descending_current_state,physical-state order then TABULA type number,TABULA_existing_to_TABULA_standard_B_proxy,false
central,2025,2050,0.028,medium,0.5,Flemish Region,14,BE_TABULA_20,"Apartment, exposed",1991-2005,TABULA_existing,TABULA_standard_B_proxy,2.23798451548,58491.1146072,0,,,45417.876000000004,1135446.9000000001,1135446.9000000004,0,specific_heat_loss_z_W_m2K_descending_current_state,physical-state order then TABULA type number,TABULA_existing_to_TABULA_standard_B_proxy,false
central,2025,2050,0.028,medium,0.5,Flemish Region,15,BE_TABULA_17,Semi-detached house,1991-2005,TABULA_existing,TABULA_standard_B_proxy,2.07700892857,45333.6639793,0,,,45417.876000000004,1135446.9000000001,1135446.9000000004,0,specific_heat_loss_z_W_m2K_descending_current_state,physical-state order then TABULA type number,TABULA_existing_to_TABULA_standard_B_proxy,false
central,2025,2050,0.028,medium,0.5,Flemish Region,16,BE_TABULA_04,"Apartment, enclosed",pre-1946,TABULA_existing,TABULA_standard_B_proxy,1.84376583417,53835.1448708,0,,,45417.876000000004,1135446.9000000001,1135446.9000000004,0,specific_heat_loss_z_W_m2K_descending_current_state,physical-state order then TABULA type number,TABULA_existing_to_TABULA_standard_B_proxy,false
central,2025,2050,0.028,medium,0.5,Flemish Region,17,BE_TABULA_09,"Apartment, enclosed",1946-1970,TABULA_existing,TABULA_standard_B_proxy,1.75435524476,72522.9907542,0,,,45417.876000000004,1135446.9000000001,1135446.9000000004,0,specific_heat_loss_z_W_m2K_descending_current_state,physical-state order then TABULA type number,TABULA_existing_to_TABULA_standard_B_proxy,false
central,2025,2050,0.028,medium,0.5,Flemish Region,18,BE_TABULA_18,Terraced house,1991-2005,TABULA_existing,TABULA_standard_B_proxy,1.64041623173,22623.4868879,0,,,45417.876000000004,1135446.9000000001,1135446.9000000004,0,specific_heat_loss_z_W_m2K_descending_current_state,physical-state order then TABULA type number,TABULA_existing_to_TABULA_standard_B_proxy,false
central,2025,2050,0.028,medium,0.5,Flemish Region,19,BE_TABULA_14,"Apartment, enclosed",1971-1990,TABULA_existing,TABULA_standard_B_proxy,1.22158481518,74096.1974229,0,,,45417.876000000004,1135446.9000000001,1135446.9000000004,0,specific_heat_loss_z_W_m2K_descending_current_state,physical-state order then TABULA type number,TABULA_existing_to_TABULA_standard_B_proxy,false
central,2025,2050,0.028,medium,0.5,Flemish Region,20,BE_TABULA_19,"Apartment, enclosed",1991-2005,TABULA_existing,TABULA_standard_B_proxy,1.11932067932,58491.1146072,0,,,45417.876000000004,1135446.9000000001,1135446.9000000004,0,specific_heat_loss_z_W_m2K_descending_current_state,physical-state order then TABULA type number,TABULA_existing_to_TABULA_standard_B_proxy,false
central,2025,2050,0.028,advanced,0.1,Walloon Region,1,BE_TABULA_06,Detached house,1946-1970,TABULA_existing,TABULA_advanced_A_proxy,4.92643426633,79303.743636,14508.555600000003,2026,2028,4836.185200000001,120904.63000000002,120904.63000000008,0,specific_heat_loss_z_W_m2K_descending_current_state,physical-state order then TABULA type number,TABULA_existing_to_TABULA_advanced_A_proxy,false
central,2025,2050,0.028,advanced,0.1,Walloon Region,2,BE_TABULA_05,"Apartment, exposed",pre-1946,TABULA_existing,TABULA_advanced_A_proxy,4.9141253996,64465.5608716,9672.370400000002,2029,2030,4836.185200000001,120904.63000000002,120904.63000000008,0,specific_heat_loss_z_W_m2K_descending_current_state,physical-state order then TABULA type number,TABULA_existing_to_TABULA_advanced_A_proxy,false
central,2025,2050,0.028,advanced,0.1,Walloon Region,3,BE_TABULA_01,Detached house,pre-1946,TABULA_existing,TABULA_advanced_A_proxy,4.91345448029,119910.645703,21870.690210599987,2031,2035,4836.185200000001,120904.63000000002,120904.63000000008,0,specific_heat_loss_z_W_m2K_descending_current_state,physical-state order then TABULA type number,TABULA_existing_to_TABULA_advanced_A_proxy,false
central,2025,2050,0.028,advanced,0.1,Walloon Region,4,BE_TABULA_10,"Apartment, exposed",1946-1970,TABULA_existing,TABULA_advanced_A_proxy,4.79594358142,25085.9066374,2310.235789400017,2035,2035,4836.185200000001,120904.63000000002,120904.63000000008,0,specific_heat_loss_z_W_m2K_descending_current_state,physical-state order then TABULA type number,TABULA_existing_to_TABULA_advanced_A_proxy,false
central,2025,2050,0.028,advanced,0.1,Walloon Region,5,BE_TABULA_02,Semi-detached house,pre-1946,TABULA_existing,TABULA_advanced_A_proxy,4.30647953586,203274.97386,33853.29640000001,2036,2042,4836.185200000001,120904.63000000002,120904.63000000008,0,specific_heat_loss_z_W_m2K_descending_current_state,physical-state order then TABULA type number,TABULA_existing_to_TABULA_advanced_A_proxy,false
central,2025,2050,0.028,advanced,0.1,Walloon Region,6,BE_TABULA_07,Semi-detached house,1946-1970,TABULA_existing,TABULA_advanced_A_proxy,4.29680506722,62782.8425691,13170.930877099914,2043,2045,4836.185200000001,120904.63000000002,120904.63000000008,0,specific_heat_loss_z_W_m2K_descending_current_state,physical-state order then TABULA type number,TABULA_existing_to_TABULA_advanced_A_proxy,false
central,2025,2050,0.028,advanced,0.1,Walloon Region,7,BE_TABULA_03,Terraced house,pre-1946,TABULA_existing,TABULA_advanced_A_proxy,3.31703286853,298742.526908,25518.55072290009,2045,2050,4836.185200000001,120904.63000000002,120904.63000000008,0,specific_heat_loss_z_W_m2K_descending_current_state,physical-state order then TABULA type number,TABULA_existing_to_TABULA_advanced_A_proxy,false
central,2025,2050,0.028,advanced,0.1,Walloon Region,8,BE_TABULA_11,Detached house,1971-1990,TABULA_existing,TABULA_advanced_A_proxy,3.30423674497,120159.892941,0,,,4836.185200000001,120904.63000000002,120904.63000000008,0,specific_heat_loss_z_W_m2K_descending_current_state,physical-state order then TABULA type number,TABULA_existing_to_TABULA_advanced_A_proxy,false
central,2025,2050,0.028,advanced,0.1,Walloon Region,9,BE_TABULA_08,Terraced house,1946-1970,TABULA_existing,TABULA_advanced_A_proxy,3.28802243461,56178.9804181,0,,,4836.185200000001,120904.63000000002,120904.63000000008,0,specific_heat_loss_z_W_m2K_descending_current_state,physical-state order then TABULA type number,TABULA_existing_to_TABULA_advanced_A_proxy,false
central,2025,2050,0.028,advanced,0.1,Walloon Region,10,BE_TABULA_12,Semi-detached house,1971-1990,TABULA_existing,TABULA_advanced_A_proxy,3.100083864,37326.7945824,0,,,4836.185200000001,120904.63000000002,120904.63000000008,0,specific_heat_loss_z_W_m2K_descending_current_state,physical-state order then TABULA type number,TABULA_existing_to_TABULA_advanced_A_proxy,false
central,2025,2050,0.028,advanced,0.1,Walloon Region,11,BE_TABULA_15,"Apartment, exposed",1971-1990,TABULA_existing,TABULA_advanced_A_proxy,2.87336236264,23986.7422522,0,,,4836.185200000001,120904.63000000002,120904.63000000008,0,specific_heat_loss_z_W_m2K_descending_current_state,physical-state order then TABULA type number,TABULA_existing_to_TABULA_advanced_A_proxy,false
central,2025,2050,0.028,advanced,0.1,Walloon Region,12,BE_TABULA_16,Detached house,1991-2005,TABULA_existing,TABULA_advanced_A_proxy,2.42278676471,82795.7099747,0,,,4836.185200000001,120904.63000000002,120904.63000000008,0,specific_heat_loss_z_W_m2K_descending_current_state,physical-state order then TABULA type number,TABULA_existing_to_TABULA_advanced_A_proxy,false
central,2025,2050,0.028,advanced,0.1,Walloon Region,13,BE_TABULA_13,Terraced house,1971-1990,TABULA_existing,TABULA_advanced_A_proxy,2.29461293821,26879.0663458,0,,,4836.185200000001,120904.63000000002,120904.63000000008,0,specific_heat_loss_z_W_m2K_descending_current_state,physical-state order then TABULA type number,TABULA_existing_to_TABULA_advanced_A_proxy,false
central,2025,2050,0.028,advanced,0.1,Walloon Region,14,BE_TABULA_20,"Apartment, exposed",1991-2005,TABULA_existing,TABULA_advanced_A_proxy,2.23798451548,13622.4458581,0,,,4836.185200000001,120904.63000000002,120904.63000000008,0,specific_heat_loss_z_W_m2K_descending_current_state,physical-state order then TABULA type number,TABULA_existing_to_TABULA_advanced_A_proxy,false
central,2025,2050,0.028,advanced,0.1,Walloon Region,15,BE_TABULA_17,Semi-detached house,1991-2005,TABULA_existing,TABULA_advanced_A_proxy,2.07700892857,13421.312302,0,,,4836.185200000001,120904.63000000002,120904.63000000008,0,specific_heat_loss_z_W_m2K_descending_current_state,physical-state order then TABULA type number,TABULA_existing_to_TABULA_advanced_A_proxy,false
central,2025,2050,0.028,advanced,0.1,Walloon Region,16,BE_TABULA_04,"Apartment, enclosed",pre-1946,TABULA_existing,TABULA_advanced_A_proxy,1.84376583417,64465.5608716,0,,,4836.185200000001,120904.63000000002,120904.63000000008,0,specific_heat_loss_z_W_m2K_descending_current_state,physical-state order then TABULA type number,TABULA_existing_to_TABULA_advanced_A_proxy,false
central,2025,2050,0.028,advanced,0.1,Walloon Region,17,BE_TABULA_09,"Apartment, enclosed",1946-1970,TABULA_existing,TABULA_advanced_A_proxy,1.75435524476,25085.9066374,0,,,4836.185200000001,120904.63000000002,120904.63000000008,0,specific_heat_loss_z_W_m2K_descending_current_state,physical-state order then TABULA type number,TABULA_existing_to_TABULA_advanced_A_proxy,false
central,2025,2050,0.028,advanced,0.1,Walloon Region,18,BE_TABULA_18,Terraced house,1991-2005,TABULA_existing,TABULA_advanced_A_proxy,1.64041623173,7378.15186271,0,,,4836.185200000001,120904.63000000002,120904.63000000008,0,specific_heat_loss_z_W_m2K_descending_current_state,physical-state order then TABULA type number,TABULA_existing_to_TABULA_advanced_A_proxy,false
central,2025,2050,0.028,advanced,0.1,Walloon Region,19,BE_TABULA_06,Detached house,1946-1970,TABULA_standard_B_proxy,TABULA_advanced_A_proxy,1.45970907549,9935.5487471,0,,,4836.185200000001,120904.63000000002,120904.63000000008,0,specific_heat_loss_z_W_m2K_descending_current_state,physical-state order then TABULA type number,TABULA_standard_B_proxy_to_TABULA_advanced_A_proxy,false
central,2025,2050,0.028,advanced,0.1,Walloon Region,20,BE_TABULA_11,Detached house,1971-1990,TABULA_standard_B_proxy,TABULA_advanced_A_proxy,1.4506057047,15054.2007102,0,,,4836.185200000001,120904.63000000002,120904.63000000008,0,specific_heat_loss_z_W_m2K_descending_current_state,physical-state order then TABULA type number,TABULA_standard_B_proxy_to_TABULA_advanced_A_proxy,false
central,2025,2050,0.028,advanced,0.1,Walloon Region,21,BE_TABULA_21,Detached house,post-2005,TABULA_existing,TABULA_advanced_A_proxy,1.44392964577,64825.0377454,0,,,4836.185200000001,120904.63000000002,120904.63000000008,0,specific_heat_loss_z_W_m2K_descending_current_state,physical-state order then TABULA type number,TABULA_existing_to_TABULA_advanced_A_proxy,false
central,2025,2050,0.028,advanced,0.1,Walloon Region,22,BE_TABULA_21,Detached house,post-2005,TABULA_standard_B_proxy,TABULA_advanced_A_proxy,1.44046346439,8121.58787243,0,,,4836.185200000001,120904.63000000002,120904.63000000008,0,specific_heat_loss_z_W_m2K_descending_current_state,physical-state order then TABULA type number,TABULA_standard_B_proxy_to_TABULA_advanced_A_proxy,false
central,2025,2050,0.028,advanced,0.1,Walloon Region,23,BE_TABULA_16,Detached house,1991-2005,TABULA_standard_B_proxy,TABULA_advanced_A_proxy,1.41114183437,10373.0388351,0,,,4836.185200000001,120904.63000000002,120904.63000000008,0,specific_heat_loss_z_W_m2K_descending_current_state,physical-state order then TABULA type number,TABULA_standard_B_proxy_to_TABULA_advanced_A_proxy,false
central,2025,2050,0.028,advanced,0.1,Walloon Region,24,BE_TABULA_12,Semi-detached house,1971-1990,TABULA_standard_B_proxy,TABULA_advanced_A_proxy,1.40061953589,4676.47768117,0,,,4836.185200000001,120904.63000000002,120904.63000000008,0,specific_heat_loss_z_W_m2K_descending_current_state,physical-state order then TABULA type number,TABULA_standard_B_proxy_to_TABULA_advanced_A_proxy,false
central,2025,2050,0.028,advanced,0.1,Walloon Region,25,BE_TABULA_01,Detached house,pre-1946,TABULA_standard_B_proxy,TABULA_advanced_A_proxy,1.33953261649,15022.9738352,0,,,4836.185200000001,120904.63000000002,120904.63000000008,0,specific_heat_loss_z_W_m2K_descending_current_state,physical-state order then TABULA type number,TABULA_standard_B_proxy_to_TABULA_advanced_A_proxy,false
central,2025,2050,0.028,advanced,0.1,Walloon Region,26,BE_TABULA_07,Semi-detached house,1946-1970,TABULA_standard_B_proxy,TABULA_advanced_A_proxy,1.31055170631,7865.73198474,0,,,4836.185200000001,120904.63000000002,120904.63000000008,0,specific_heat_loss_z_W_m2K_descending_current_state,physical-state order then TABULA type number,TABULA_standard_B_proxy_to_TABULA_advanced_A_proxy,false
central,2025,2050,0.028,advanced,0.1,Walloon Region,27,BE_TABULA_25,"Apartment, exposed",post-2005,TABULA_existing,TABULA_advanced_A_proxy,1.28147202797,23778.9583807,0,,,4836.185200000001,120904.63000000002,120904.63000000008,0,specific_heat_loss_z_W_m2K_descending_current_state,physical-state order then TABULA type number,TABULA_existing_to_TABULA_advanced_A_proxy,false
central,2025,2050,0.028,advanced,0.1,Walloon Region,28,BE_TABULA_05,"Apartment, exposed",pre-1946,TABULA_standard_B_proxy,TABULA_advanced_A_proxy,1.28147202797,8076.55090646,0,,,4836.185200000001,120904.63000000002,120904.63000000008,0,specific_heat_loss_z_W_m2K_descending_current_state,physical-state order then TABULA type number,TABULA_standard_B_proxy_to_TABULA_advanced_A_proxy,false
central,2025,2050,0.028,advanced,0.1,Walloon Region,29,BE_TABULA_10,"Apartment, exposed",1946-1970,TABULA_standard_B_proxy,TABULA_advanced_A_proxy,1.28147202797,3142.88124159,0,,,4836.185200000001,120904.63000000002,120904.63000000008,0,specific_heat_loss_z_W_m2K_descending_current_state,physical-state order then TABULA type number,TABULA_standard_B_proxy_to_TABULA_advanced_A_proxy,false
central,2025,2050,0.028,advanced,0.1,Walloon Region,30,BE_TABULA_15,"Apartment, exposed",1971-1990,TABULA_standard_B_proxy,TABULA_advanced_A_proxy,1.28147202797,3005.17271952,0,,,4836.185200000001,120904.63000000002,120904.63000000008,0,specific_heat_loss_z_W_m2K_descending_current_state,physical-state order then TABULA type number,TABULA_standard_B_proxy_to_TABULA_advanced_A_proxy,false
central,2025,2050,0.028,advanced,0.1,Walloon Region,31,BE_TABULA_20,"Apartment, exposed",1991-2005,TABULA_standard_B_proxy,TABULA_advanced_A_proxy,1.28147202797,1706.68456081,0,,,4836.185200000001,120904.63000000002,120904.63000000008,0,specific_heat_loss_z_W_m2K_descending_current_state,physical-state order then TABULA type number,TABULA_standard_B_proxy_to_TABULA_advanced_A_proxy,false
central,2025,2050,0.028,advanced,0.1,Walloon Region,32,BE_TABULA_25,"Apartment, exposed",post-2005,TABULA_standard_B_proxy,TABULA_advanced_A_proxy,1.28147202797,2979.14057162,0,,,4836.185200000001,120904.63000000002,120904.63000000008,0,specific_heat_loss_z_W_m2K_descending_current_state,physical-state order then TABULA type number,TABULA_standard_B_proxy_to_TABULA_advanced_A_proxy,false
central,2025,2050,0.028,advanced,0.1,Walloon Region,33,BE_TABULA_22,Semi-detached house,post-2005,TABULA_existing,TABULA_advanced_A_proxy,1.25577084938,28864.4326865,0,,,4836.185200000001,120904.63000000002,120904.63000000008,0,specific_heat_loss_z_W_m2K_descending_current_state,physical-state order then TABULA type number,TABULA_existing_to_TABULA_advanced_A_proxy,false
central,2025,2050,0.028,advanced,0.1,Walloon Region,34,BE_TABULA_22,Semi-detached house,post-2005,TABULA_standard_B_proxy,TABULA_advanced_A_proxy,1.24700021395,3616.27288784,0,,,4836.185200000001,120904.63000000002,120904.63000000008,0,specific_heat_loss_z_W_m2K_descending_current_state,physical-state order then TABULA type number,TABULA_standard_B_proxy_to_TABULA_advanced_A_proxy,false
central,2025,2050,0.028,advanced,0.1,Walloon Region,35,BE_TABULA_14,"Apartment, enclosed",1971-1990,TABULA_existing,TABULA_advanced_A_proxy,1.22158481518,23986.7422522,0,,,4836.185200000001,120904.63000000002,120904.63000000008,0,specific_heat_loss_z_W_m2K_descending_current_state,physical-state order then TABULA type number,TABULA_existing_to_TABULA_advanced_A_proxy,false
central,2025,2050,0.028,advanced,0.1,Walloon Region,36,BE_TABULA_17,Semi-detached house,1991-2005,TABULA_standard_B_proxy,TABULA_advanced_A_proxy,1.20997767857,1681.48559593,0,,,4836.185200000001,120904.63000000002,120904.63000000008,0,specific_heat_loss_z_W_m2K_descending_current_state,physical-state order then TABULA type number,TABULA_standard_B_proxy_to_TABULA_advanced_A_proxy,false
central,2025,2050,0.028,advanced,0.1,Walloon Region,37,BE_TABULA_02,Semi-detached house,pre-1946,TABULA_standard_B_proxy,TABULA_advanced_A_proxy,1.19499388186,25467.2518503,0,,,4836.185200000001,120904.63000000002,120904.63000000008,0,specific_heat_loss_z_W_m2K_descending_current_state,physical-state order then TABULA type number,TABULA_standard_B_proxy_to_TABULA_advanced_A_proxy,false
central,2025,2050,0.028,advanced,0.1,Walloon Region,38,BE_TABULA_19,"Apartment, enclosed",1991-2005,TABULA_existing,TABULA_advanced_A_proxy,1.11932067932,13622.4458581,0,,,4836.185200000001,120904.63000000002,120904.63000000008,0,specific_heat_loss_z_W_m2K_descending_current_state,physical-state order then TABULA type number,TABULA_existing_to_TABULA_advanced_A_proxy,false
central,2025,2050,0.028,advanced,0.1,Walloon Region,39,BE_TABULA_13,Terraced house,1971-1990,TABULA_standard_B_proxy,TABULA_advanced_A_proxy,1.09084046346,3367.53678592,0,,,4836.185200000001,120904.63000000002,120904.63000000008,0,specific_heat_loss_z_W_m2K_descending_current_state,physical-state order then TABULA type number,TABULA_standard_B_proxy_to_TABULA_advanced_A_proxy,false
central,2025,2050,0.028,advanced,0.1,Walloon Region,40,BE_TABULA_08,Terraced house,1946-1970,TABULA_standard_B_proxy,TABULA_advanced_A_proxy,1.06085714286,7038.36884509,0,,,4836.185200000001,120904.63000000002,120904.63000000008,0,specific_heat_loss_z_W_m2K_descending_current_state,physical-state order then TABULA type number,TABULA_standard_B_proxy_to_TABULA_advanced_A_proxy,false
central,2025,2050,0.028,advanced,0.1,Walloon Region,41,BE_TABULA_23,Terraced house,post-2005,TABULA_existing,TABULA_advanced_A_proxy,1.04384117059,12766.1624654,0,,,4836.185200000001,120904.63000000002,120904.63000000008,0,specific_heat_loss_z_W_m2K_descending_current_state,physical-state order then TABULA type number,TABULA_existing_to_TABULA_advanced_A_proxy,false
central,2025,2050,0.028,advanced,0.1,Walloon Region,42,BE_TABULA_23,Terraced house,post-2005,TABULA_standard_B_proxy,TABULA_advanced_A_proxy,1.04384117059,1599.40532027,0,,,4836.185200000001,120904.63000000002,120904.63000000008,0,specific_heat_loss_z_W_m2K_descending_current_state,physical-state order then TABULA type number,TABULA_standard_B_proxy_to_TABULA_advanced_A_proxy,false
central,2025,2050,0.028,advanced,0.1,Walloon Region,43,BE_TABULA_03,Terraced house,pre-1946,TABULA_standard_B_proxy,TABULA_advanced_A_proxy,1.00403497123,37427.8792254,0,,,4836.185200000001,120904.63000000002,120904.63000000008,0,specific_heat_loss_z_W_m2K_descending_current_state,physical-state order then TABULA type number,TABULA_standard_B_proxy_to_TABULA_advanced_A_proxy,false
central,2025,2050,0.028,advanced,0.1,Walloon Region,44,BE_TABULA_18,Terraced house,1991-2005,TABULA_standard_B_proxy,TABULA_advanced_A_proxy,0.995627609603,924.369823347,0,,,4836.185200000001,120904.63000000002,120904.63000000008,0,specific_heat_loss_z_W_m2K_descending_current_state,physical-state order then TABULA type number,TABULA_standard_B_proxy_to_TABULA_advanced_A_proxy,false
central,2025,2050,0.028,advanced,0.1,Walloon Region,45,BE_TABULA_24,"Apartment, enclosed",post-2005,TABULA_existing,TABULA_advanced_A_proxy,0.651972027972,23778.9583807,0,,,4836.185200000001,120904.63000000002,120904.63000000008,0,specific_heat_loss_z_W_m2K_descending_current_state,physical-state order then TABULA type number,TABULA_existing_to_TABULA_advanced_A_proxy,false
central,2025,2050,0.028,advanced,0.1,Walloon Region,46,BE_TABULA_04,"Apartment, enclosed",pre-1946,TABULA_standard_B_proxy,TABULA_advanced_A_proxy,0.651972027972,8076.55090646,0,,,4836.185200000001,120904.63000000002,120904.63000000008,0,specific_heat_loss_z_W_m2K_descending_current_state,physical-state order then TABULA type number,TABULA_standard_B_proxy_to_TABULA_advanced_A_proxy,false
central,2025,2050,0.028,advanced,0.1,Walloon Region,47,BE_TABULA_09,"Apartment, enclosed",1946-1970,TABULA_standard_B_proxy,TABULA_advanced_A_proxy,0.651972027972,3142.88124159,0,,,4836.185200000001,120904.63000000002,120904.63000000008,0,specific_heat_loss_z_W_m2K_descending_current_state,physical-state order then TABULA type number,TABULA_standard_B_proxy_to_TABULA_advanced_A_proxy,false
central,2025,2050,0.028,advanced,0.1,Walloon Region,48,BE_TABULA_14,"Apartment, enclosed",1971-1990,TABULA_standard_B_proxy,TABULA_advanced_A_proxy,0.651972027972,3005.17271952,0,,,4836.185200000001,120904.63000000002,120904.63000000008,0,specific_heat_loss_z_W_m2K_descending_current_state,physical-state order then TABULA type number,TABULA_standard_B_proxy_to_TABULA_advanced_A_proxy,false
central,2025,2050,0.028,advanced,0.1,Walloon Region,49,BE_TABULA_19,"Apartment, enclosed",1991-2005,TABULA_standard_B_proxy,TABULA_advanced_A_proxy,0.651972027972,1706.68456081,0,,,4836.185200000001,120904.63000000002,120904.63000000008,0,specific_heat_loss_z_W_m2K_descending_current_state,physical-state order then TABULA type number,TABULA_standard_B_proxy_to_TABULA_advanced_A_proxy,false
central,2025,2050,0.028,advanced,0.1,Walloon Region,50,BE_TABULA_24,"Apartment, enclosed",post-2005,TABULA_standard_B_proxy,TABULA_advanced_A_proxy,0.651972027972,2979.14057162,0,,,4836.185200000001,120904.63000000002,120904.63000000008,0,specific_heat_loss_z_W_m2K_descending_current_state,physical-state order then TABULA type number,TABULA_standard_B_proxy_to_TABULA_advanced_A_proxy,false
central,2025,2050,0.028,medium,0.5,Walloon Region,1,BE_TABULA_06,Detached house,1946-1970,TABULA_existing,TABULA_standard_B_proxy,4.92643426633,79303.743636,64795.18803599999,2026,2028,24180.926,604523.15,604523.1499999998,0,specific_heat_loss_z_W_m2K_descending_current_state,physical-state order then TABULA type number,TABULA_existing_to_TABULA_standard_B_proxy,false
central,2025,2050,0.028,medium,0.5,Walloon Region,2,BE_TABULA_05,"Apartment, exposed",pre-1946,TABULA_existing,TABULA_standard_B_proxy,4.9141253996,64465.5608716,54793.1904716,2028,2030,24180.926,604523.15,604523.1499999998,0,specific_heat_loss_z_W_m2K_descending_current_state,physical-state order then TABULA type number,TABULA_existing_to_TABULA_standard_B_proxy,false
central,2025,2050,0.028,medium,0.5,Walloon Region,3,BE_TABULA_01,Detached house,pre-1946,TABULA_existing,TABULA_standard_B_proxy,4.91345448029,119910.645703,98039.95549240001,2030,2034,24180.926,604523.15,604523.1499999998,0,specific_heat_loss_z_W_m2K_descending_current_state,physical-state order then TABULA type number,TABULA_existing_to_TABULA_standard_B_proxy,false
central,2025,2050,0.028,medium,0.5,Walloon Region,4,BE_TABULA_10,"Apartment, exposed",1946-1970,TABULA_existing,TABULA_standard_B_proxy,4.79594358142,25085.9066374,22775.670847999983,2035,2035,24180.926,604523.15,604523.1499999998,0,specific_heat_loss_z_W_m2K_descending_current_state,physical-state order then TABULA type number,TABULA_existing_to_TABULA_standard_B_proxy,false
central,2025,2050,0.028,medium,0.5,Walloon Region,5,BE_TABULA_02,Semi-detached house,pre-1946,TABULA_existing,TABULA_standard_B_proxy,4.30647953586,203274.97386,169421.67745999995,2035,2042,24180.926,604523.15,604523.1499999998,0,specific_heat_loss_z_W_m2K_descending_current_state,physical-state order then TABULA type number,TABULA_existing_to_TABULA_standard_B_proxy,false
central,2025,2050,0.028,medium,0.5,Walloon Region,6,BE_TABULA_07,Semi-detached house,1946-1970,TABULA_existing,TABULA_standard_B_proxy,4.29680506722,62782.8425691,49611.91169200009,2042,2044,24180.926,604523.15,604523.1499999998,0,specific_heat_loss_z_W_m2K_descending_current_state,physical-state order then TABULA type number,TABULA_existing_to_TABULA_standard_B_proxy,false
central,2025,2050,0.028,medium,0.5,Walloon Region,7,BE_TABULA_03,Terraced house,pre-1946,TABULA_existing,TABULA_standard_B_proxy,3.31703286853,298742.526908,145085.556,2045,2050,24180.926,604523.15,604523.1499999998,0,specific_heat_loss_z_W_m2K_descending_current_state,physical-state order then TABULA type number,TABULA_existing_to_TABULA_standard_B_proxy,false
central,2025,2050,0.028,medium,0.5,Walloon Region,8,BE_TABULA_11,Detached house,1971-1990,TABULA_existing,TABULA_standard_B_proxy,3.30423674497,120159.892941,0,,,24180.926,604523.15,604523.1499999998,0,specific_heat_loss_z_W_m2K_descending_current_state,physical-state order then TABULA type number,TABULA_existing_to_TABULA_standard_B_proxy,false
central,2025,2050,0.028,medium,0.5,Walloon Region,9,BE_TABULA_08,Terraced house,1946-1970,TABULA_existing,TABULA_standard_B_proxy,3.28802243461,56178.9804181,0,,,24180.926,604523.15,604523.1499999998,0,specific_heat_loss_z_W_m2K_descending_current_state,physical-state order then TABULA type number,TABULA_existing_to_TABULA_standard_B_proxy,false
central,2025,2050,0.028,medium,0.5,Walloon Region,10,BE_TABULA_12,Semi-detached house,1971-1990,TABULA_existing,TABULA_standard_B_proxy,3.100083864,37326.7945824,0,,,24180.926,604523.15,604523.1499999998,0,specific_heat_loss_z_W_m2K_descending_current_state,physical-state order then TABULA type number,TABULA_existing_to_TABULA_standard_B_proxy,false
central,2025,2050,0.028,medium,0.5,Walloon Region,11,BE_TABULA_15,"Apartment, exposed",1971-1990,TABULA_existing,TABULA_standard_B_proxy,2.87336236264,23986.7422522,0,,,24180.926,604523.15,604523.1499999998,0,specific_heat_loss_z_W_m2K_descending_current_state,physical-state order then TABULA type number,TABULA_existing_to_TABULA_standard_B_proxy,false
central,2025,2050,0.028,medium,0.5,Walloon Region,12,BE_TABULA_16,Detached house,1991-2005,TABULA_existing,TABULA_standard_B_proxy,2.42278676471,82795.7099747,0,,,24180.926,604523.15,604523.1499999998,0,specific_heat_loss_z_W_m2K_descending_current_state,physical-state order then TABULA type number,TABULA_existing_to_TABULA_standard_B_proxy,false
central,2025,2050,0.028,medium,0.5,Walloon Region,13,BE_TABULA_13,Terraced house,1971-1990,TABULA_existing,TABULA_standard_B_proxy,2.29461293821,26879.0663458,0,,,24180.926,604523.15,604523.1499999998,0,specific_heat_loss_z_W_m2K_descending_current_state,physical-state order then TABULA type number,TABULA_existing_to_TABULA_standard_B_proxy,false
central,2025,2050,0.028,medium,0.5,Walloon Region,14,BE_TABULA_20,"Apartment, exposed",1991-2005,TABULA_existing,TABULA_standard_B_proxy,2.23798451548,13622.4458581,0,,,24180.926,604523.15,604523.1499999998,0,specific_heat_loss_z_W_m2K_descending_current_state,physical-state order then TABULA type number,TABULA_existing_to_TABULA_standard_B_proxy,false
central,2025,2050,0.028,medium,0.5,Walloon Region,15,BE_TABULA_17,Semi-detached house,1991-2005,TABULA_existing,TABULA_standard_B_proxy,2.07700892857,13421.312302,0,,,24180.926,604523.15,604523.1499999998,0,specific_heat_loss_z_W_m2K_descending_current_state,physical-state order then TABULA type number,TABULA_existing_to_TABULA_standard_B_proxy,false
central,2025,2050,0.028,medium,0.5,Walloon Region,16,BE_TABULA_04,"Apartment, enclosed",pre-1946,TABULA_existing,TABULA_standard_B_proxy,1.84376583417,64465.5608716,0,,,24180.926,604523.15,604523.1499999998,0,specific_heat_loss_z_W_m2K_descending_current_state,physical-state order then TABULA type number,TABULA_existing_to_TABULA_standard_B_proxy,false
central,2025,2050,0.028,medium,0.5,Walloon Region,17,BE_TABULA_09,"Apartment, enclosed",1946-1970,TABULA_existing,TABULA_standard_B_proxy,1.75435524476,25085.9066374,0,,,24180.926,604523.15,604523.1499999998,0,specific_heat_loss_z_W_m2K_descending_current_state,physical-state order then TABULA type number,TABULA_existing_to_TABULA_standard_B_proxy,false
central,2025,2050,0.028,medium,0.5,Walloon Region,18,BE_TABULA_18,Terraced house,1991-2005,TABULA_existing,TABULA_standard_B_proxy,1.64041623173,7378.15186271,0,,,24180.926,604523.15,604523.1499999998,0,specific_heat_loss_z_W_m2K_descending_current_state,physical-state order then TABULA type number,TABULA_existing_to_TABULA_standard_B_proxy,false
central,2025,2050,0.028,medium,0.5,Walloon Region,19,BE_TABULA_14,"Apartment, enclosed",1971-1990,TABULA_existing,TABULA_standard_B_proxy,1.22158481518,23986.7422522,0,,,24180.926,604523.15,604523.1499999998,0,specific_heat_loss_z_W_m2K_descending_current_state,physical-state order then TABULA type number,TABULA_existing_to_TABULA_standard_B_proxy,false
central,2025,2050,0.028,medium,0.5,Walloon Region,20,BE_TABULA_19,"Apartment, enclosed",1991-2005,TABULA_existing,TABULA_standard_B_proxy,1.11932067932,13622.4458581,0,,,24180.926,604523.15,604523.1499999998,0,specific_heat_loss_z_W_m2K_descending_current_state,physical-state order then TABULA type number,TABULA_existing_to_TABULA_standard_B_proxy,false
central,2025,2050,0.028,advanced,0.1,Brussels-Capital Region,1,BE_TABULA_06,Detached house,1946-1970,TABULA_existing,TABULA_advanced_A_proxy,4.92643426633,2474.88340603,1584.9176,2026,2026,1584.9176,39622.94,39622.94000000001,0,specific_heat_loss_z_W_m2K_descending_current_state,physical-state order then TABULA type number,TABULA_existing_to_TABULA_advanced_A_proxy,false
central,2025,2050,0.028,advanced,0.1,Brussels-Capital Region,2,BE_TABULA_05,"Apartment, exposed",pre-1946,TABULA_existing,TABULA_advanced_A_proxy,4.9141253996,80870.5437885,12679.340800000004,2027,2034,1584.9176,39622.94,39622.94000000001,0,specific_heat_loss_z_W_m2K_descending_current_state,physical-state order then TABULA type number,TABULA_existing_to_TABULA_advanced_A_proxy,false
central,2025,2050,0.028,advanced,0.1,Brussels-Capital Region,3,BE_TABULA_01,Detached house,pre-1946,TABULA_existing,TABULA_advanced_A_proxy,4.91345448029,1836.42664219,0,,,1584.9176,39622.94,39622.94000000001,0,specific_heat_loss_z_W_m2K_descending_current_state,physical-state order then TABULA type number,TABULA_existing_to_TABULA_advanced_A_proxy,false
central,2025,2050,0.028,advanced,0.1,Brussels-Capital Region,4,BE_TABULA_10,"Apartment, exposed",1946-1970,TABULA_existing,TABULA_advanced_A_proxy,4.79594358142,41099.8888818,7924.588000000002,2035,2039,1584.9176,39622.94,39622.94000000001,0,specific_heat_loss_z_W_m2K_descending_current_state,physical-state order then TABULA type number,TABULA_existing_to_TABULA_advanced_A_proxy,false
central,2025,2050,0.028,advanced,0.1,Brussels-Capital Region,5,BE_TABULA_02,Semi-detached house,pre-1946,TABULA_existing,TABULA_advanced_A_proxy,4.30647953586,6172.46346735,0,,,1584.9176,39622.94,39622.94000000001,0,specific_heat_loss_z_W_m2K_descending_current_state,physical-state order then TABULA type number,TABULA_existing_to_TABULA_advanced_A_proxy,false
central,2025,2050,0.028,advanced,0.1,Brussels-Capital Region,6,BE_TABULA_07,Semi-detached house,1946-1970,TABULA_existing,TABULA_advanced_A_proxy,4.29680506722,7225.89723245,1584.9176,2040,2040,1584.9176,39622.94,39622.94000000001,0,specific_heat_loss_z_W_m2K_descending_current_state,physical-state order then TABULA type number,TABULA_existing_to_TABULA_advanced_A_proxy,false
central,2025,2050,0.028,advanced,0.1,Brussels-Capital Region,7,BE_TABULA_03,Terraced house,pre-1946,TABULA_existing,TABULA_advanced_A_proxy,3.31703286853,125020.049366,15849.176000000005,2041,2050,1584.9176,39622.94,39622.94000000001,0,specific_heat_loss_z_W_m2K_descending_current_state,physical-state order then TABULA type number,TABULA_existing_to_TABULA_advanced_A_proxy,false
central,2025,2050,0.028,advanced,0.1,Brussels-Capital Region,8,BE_TABULA_11,Detached house,1971-1990,TABULA_existing,TABULA_advanced_A_proxy,3.30423674497,800.78464274,0,,,1584.9176,39622.94,39622.94000000001,0,specific_heat_loss_z_W_m2K_descending_current_state,physical-state order then TABULA type number,TABULA_existing_to_TABULA_advanced_A_proxy,false
central,2025,2050,0.028,advanced,0.1,Brussels-Capital Region,9,BE_TABULA_08,Terraced house,1946-1970,TABULA_existing,TABULA_advanced_A_proxy,3.28802243461,31129.3299659,0,,,1584.9176,39622.94,39622.94000000001,0,specific_heat_loss_z_W_m2K_descending_current_state,physical-state order then TABULA type number,TABULA_existing_to_TABULA_advanced_A_proxy,false
central,2025,2050,0.028,advanced,0.1,Brussels-Capital Region,10,BE_TABULA_12,Semi-detached house,1971-1990,TABULA_existing,TABULA_advanced_A_proxy,3.100083864,1173.8996771,0,,,1584.9176,39622.94,39622.94000000001,0,specific_heat_loss_z_W_m2K_descending_current_state,physical-state order then TABULA type number,TABULA_existing_to_TABULA_advanced_A_proxy,false
central,2025,2050,0.028,advanced,0.1,Brussels-Capital Region,11,BE_TABULA_15,"Apartment, exposed",1971-1990,TABULA_existing,TABULA_advanced_A_proxy,2.87336236264,22843.025226,0,,,1584.9176,39622.94,39622.94000000001,0,specific_heat_loss_z_W_m2K_descending_current_state,physical-state order then TABULA type number,TABULA_existing_to_TABULA_advanced_A_proxy,false
central,2025,2050,0.028,advanced,0.1,Brussels-Capital Region,12,BE_TABULA_16,Detached house,1991-2005,TABULA_existing,TABULA_advanced_A_proxy,2.42278676471,356.134537973,0,,,1584.9176,39622.94,39622.94000000001,0,specific_heat_loss_z_W_m2K_descending_current_state,physical-state order then TABULA type number,TABULA_existing_to_TABULA_advanced_A_proxy,false
central,2025,2050,0.028,advanced,0.1,Brussels-Capital Region,13,BE_TABULA_13,Terraced house,1971-1990,TABULA_existing,TABULA_advanced_A_proxy,2.29461293821,3614.06653206,0,,,1584.9176,39622.94,39622.94000000001,0,specific_heat_loss_z_W_m2K_descending_current_state,physical-state order then TABULA type number,TABULA_existing_to_TABULA_advanced_A_proxy,false
central,2025,2050,0.028,advanced,0.1,Brussels-Capital Region,14,BE_TABULA_20,"Apartment, exposed",1991-2005,TABULA_existing,TABULA_advanced_A_proxy,2.23798451548,10769.3902325,0,,,1584.9176,39622.94,39622.94000000001,0,specific_heat_loss_z_W_m2K_descending_current_state,physical-state order then TABULA type number,TABULA_existing_to_TABULA_advanced_A_proxy,false
central,2025,2050,0.028,advanced,0.1,Brussels-Capital Region,15,BE_TABULA_17,Semi-detached house,1991-2005,TABULA_existing,TABULA_advanced_A_proxy,2.07700892857,777.627522495,0,,,1584.9176,39622.94,39622.94000000001,0,specific_heat_loss_z_W_m2K_descending_current_state,physical-state order then TABULA type number,TABULA_existing_to_TABULA_advanced_A_proxy,false
central,2025,2050,0.028,advanced,0.1,Brussels-Capital Region,16,BE_TABULA_04,"Apartment, enclosed",pre-1946,TABULA_existing,TABULA_advanced_A_proxy,1.84376583417,80870.5437885,0,,,1584.9176,39622.94,39622.94000000001,0,specific_heat_loss_z_W_m2K_descending_current_state,physical-state order then TABULA type number,TABULA_existing_to_TABULA_advanced_A_proxy,false
central,2025,2050,0.028,advanced,0.1,Brussels-Capital Region,17,BE_TABULA_09,"Apartment, enclosed",1946-1970,TABULA_existing,TABULA_advanced_A_proxy,1.75435524476,41099.8888818,0,,,1584.9176,39622.94,39622.94000000001,0,specific_heat_loss_z_W_m2K_descending_current_state,physical-state order then TABULA type number,TABULA_existing_to_TABULA_advanced_A_proxy,false
central,2025,2050,0.028,advanced,0.1,Brussels-Capital Region,18,BE_TABULA_18,Terraced house,1991-2005,TABULA_existing,TABULA_advanced_A_proxy,1.64041623173,2418.3683003,0,,,1584.9176,39622.94,39622.94000000001,0,specific_heat_loss_z_W_m2K_descending_current_state,physical-state order then TABULA type number,TABULA_existing_to_TABULA_advanced_A_proxy,false
central,2025,2050,0.028,advanced,0.1,Brussels-Capital Region,19,BE_TABULA_06,Detached house,1946-1970,TABULA_standard_B_proxy,TABULA_advanced_A_proxy,1.45970907549,149.831355616,0,,,1584.9176,39622.94,39622.94000000001,0,specific_heat_loss_z_W_m2K_descending_current_state,physical-state order then TABULA type number,TABULA_standard_B_proxy_to_TABULA_advanced_A_proxy,false
central,2025,2050,0.028,advanced,0.1,Brussels-Capital Region,20,BE_TABULA_11,Detached house,1971-1990,TABULA_standard_B_proxy,TABULA_advanced_A_proxy,1.4506057047,48.4801216438,0,,,1584.9176,39622.94,39622.94000000001,0,specific_heat_loss_z_W_m2K_descending_current_state,physical-state order then TABULA type number,TABULA_standard_B_proxy_to_TABULA_advanced_A_proxy,false
central,2025,2050,0.028,advanced,0.1,Brussels-Capital Region,21,BE_TABULA_21,Detached house,post-2005,TABULA_existing,TABULA_advanced_A_proxy,1.44392964577,294.657171068,0,,,1584.9176,39622.94,39622.94000000001,0,specific_heat_loss_z_W_m2K_descending_current_state,physical-state order then TABULA type number,TABULA_existing_to_TABULA_advanced_A_proxy,false
central,2025,2050,0.028,advanced,0.1,Brussels-Capital Region,22,BE_TABULA_21,Detached house,post-2005,TABULA_standard_B_proxy,TABULA_advanced_A_proxy,1.44046346439,17.8387730411,0,,,1584.9176,39622.94,39622.94000000001,0,specific_heat_loss_z_W_m2K_descending_current_state,physical-state order then TABULA type number,TABULA_standard_B_proxy_to_TABULA_advanced_A_proxy,false
central,2025,2050,0.028,advanced,0.1,Brussels-Capital Region,23,BE_TABULA_16,Detached house,1991-2005,TABULA_standard_B_proxy,TABULA_advanced_A_proxy,1.41114183437,21.5606603836,0,,,1584.9176,39622.94,39622.94000000001,0,specific_heat_loss_z_W_m2K_descending_current_state,physical-state order then TABULA type number,TABULA_standard_B_proxy_to_TABULA_advanced_A_proxy,false
central,2025,2050,0.028,advanced,0.1,Brussels-Capital Region,24,BE_TABULA_12,Semi-detached house,1971-1990,TABULA_standard_B_proxy,TABULA_advanced_A_proxy,1.40061953589,71.0687944124,0,,,1584.9176,39622.94,39622.94000000001,0,specific_heat_loss_z_W_m2K_descending_current_state,physical-state order then TABULA type number,TABULA_standard_B_proxy_to_TABULA_advanced_A_proxy,false
central,2025,2050,0.028,advanced,0.1,Brussels-Capital Region,25,BE_TABULA_01,Detached house,pre-1946,TABULA_standard_B_proxy,TABULA_advanced_A_proxy,1.33953261649,111.178689315,0,,,1584.9176,39622.94,39622.94000000001,0,specific_heat_loss_z_W_m2K_descending_current_state,physical-state order then TABULA type number,TABULA_standard_B_proxy_to_TABULA_advanced_A_proxy,false
central,2025,2050,0.028,advanced,0.1,Brussels-Capital Region,26,BE_TABULA_07,Semi-detached house,1946-1970,TABULA_standard_B_proxy,TABULA_advanced_A_proxy,1.31055170631,437.461407372,0,,,1584.9176,39622.94,39622.94000000001,0,specific_heat_loss_z_W_m2K_descending_current_state,physical-state order then TABULA type number,TABULA_standard_B_proxy_to_TABULA_advanced_A_proxy,false
central,2025,2050,0.028,advanced,0.1,Brussels-Capital Region,27,BE_TABULA_25,"Apartment, exposed",post-2005,TABULA_existing,TABULA_advanced_A_proxy,1.28147202797,14100.6447212,0,,,1584.9176,39622.94,39622.94000000001,0,specific_heat_loss_z_W_m2K_descending_current_state,physical-state order then TABULA type number,TABULA_existing_to_TABULA_advanced_A_proxy,false
central,2025,2050,0.028,advanced,0.1,Brussels-Capital Region,28,BE_TABULA_05,"Apartment, exposed",pre-1946,TABULA_standard_B_proxy,TABULA_advanced_A_proxy,1.28147202797,4895.96527083,0,,,1584.9176,39622.94,39622.94000000001,0,specific_heat_loss_z_W_m2K_descending_current_state,physical-state order then TABULA type number,TABULA_standard_B_proxy_to_TABULA_advanced_A_proxy,false
central,2025,2050,0.028,advanced,0.1,Brussels-Capital Region,29,BE_TABULA_10,"Apartment, exposed",1946-1970,TABULA_standard_B_proxy,TABULA_advanced_A_proxy,1.28147202797,2488.2190619,0,,,1584.9176,39622.94,39622.94000000001,0,specific_heat_loss_z_W_m2K_descending_current_state,physical-state order then TABULA type number,TABULA_standard_B_proxy_to_TABULA_advanced_A_proxy,false
central,2025,2050,0.028,advanced,0.1,Brussels-Capital Region,30,BE_TABULA_15,"Apartment, exposed",1971-1990,TABULA_standard_B_proxy,TABULA_advanced_A_proxy,1.28147202797,1382.93441527,0,,,1584.9176,39622.94,39622.94000000001,0,specific_heat_loss_z_W_m2K_descending_current_state,physical-state order then TABULA type number,TABULA_standard_B_proxy_to_TABULA_advanced_A_proxy,false
central,2025,2050,0.028,advanced,0.1,Brussels-Capital Region,31,BE_TABULA_20,"Apartment, exposed",1991-2005,TABULA_standard_B_proxy,TABULA_advanced_A_proxy,1.28147202797,651.987214337,0,,,1584.9176,39622.94,39622.94000000001,0,specific_heat_loss_z_W_m2K_descending_current_state,physical-state order then TABULA type number,TABULA_standard_B_proxy_to_TABULA_advanced_A_proxy,false
central,2025,2050,0.028,advanced,0.1,Brussels-Capital Region,32,BE_TABULA_25,"Apartment, exposed",post-2005,TABULA_standard_B_proxy,TABULA_advanced_A_proxy,1.28147202797,853.663937665,0,,,1584.9176,39622.94,39622.94000000001,0,specific_heat_loss_z_W_m2K_descending_current_state,physical-state order then TABULA type number,TABULA_standard_B_proxy_to_TABULA_advanced_A_proxy,false
central,2025,2050,0.028,advanced,0.1,Brussels-Capital Region,33,BE_TABULA_22,Semi-detached house,post-2005,TABULA_existing,TABULA_advanced_A_proxy,1.25577084938,641.936200605,0,,,1584.9176,39622.94,39622.94000000001,0,specific_heat_loss_z_W_m2K_descending_current_state,physical-state order then TABULA type number,TABULA_existing_to_TABULA_advanced_A_proxy,false
central,2025,2050,0.028,advanced,0.1,Brussels-Capital Region,34,BE_TABULA_22,Semi-detached house,post-2005,TABULA_standard_B_proxy,TABULA_advanced_A_proxy,1.24700021395,38.8633140946,0,,,1584.9176,39622.94,39622.94000000001,0,specific_heat_loss_z_W_m2K_descending_current_state,physical-state order then TABULA type number,TABULA_standard_B_proxy_to_TABULA_advanced_A_proxy,false
central,2025,2050,0.028,advanced,0.1,Brussels-Capital Region,35,BE_TABULA_14,"Apartment, enclosed",1971-1990,TABULA_existing,TABULA_advanced_A_proxy,1.22158481518,22843.025226,0,,,1584.9176,39622.94,39622.94000000001,0,specific_heat_loss_z_W_m2K_descending_current_state,physical-state order then TABULA type number,TABULA_existing_to_TABULA_advanced_A_proxy,false
central,2025,2050,0.028,advanced,0.1,Brussels-Capital Region,36,BE_TABULA_17,Semi-detached house,1991-2005,TABULA_standard_B_proxy,TABULA_advanced_A_proxy,1.20997767857,47.0781716732,0,,,1584.9176,39622.94,39622.94000000001,0,specific_heat_loss_z_W_m2K_descending_current_state,physical-state order then TABULA type number,TABULA_standard_B_proxy_to_TABULA_advanced_A_proxy,false
central,2025,2050,0.028,advanced,0.1,Brussels-Capital Region,37,BE_TABULA_02,Semi-detached house,pre-1946,TABULA_standard_B_proxy,TABULA_advanced_A_proxy,1.19499388186,373.685712448,0,,,1584.9176,39622.94,39622.94000000001,0,specific_heat_loss_z_W_m2K_descending_current_state,physical-state order then TABULA type number,TABULA_standard_B_proxy_to_TABULA_advanced_A_proxy,false
central,2025,2050,0.028,advanced,0.1,Brussels-Capital Region,38,BE_TABULA_19,"Apartment, enclosed",1991-2005,TABULA_existing,TABULA_advanced_A_proxy,1.11932067932,10769.3902325,0,,,1584.9176,39622.94,39622.94000000001,0,specific_heat_loss_z_W_m2K_descending_current_state,physical-state order then TABULA type number,TABULA_existing_to_TABULA_advanced_A_proxy,false
central,2025,2050,0.028,advanced,0.1,Brussels-Capital Region,39,BE_TABULA_13,Terraced house,1971-1990,TABULA_standard_B_proxy,TABULA_advanced_A_proxy,1.09084046346,218.798383176,0,,,1584.9176,39622.94,39622.94000000001,0,specific_heat_loss_z_W_m2K_descending_current_state,physical-state order then TABULA type number,TABULA_standard_B_proxy_to_TABULA_advanced_A_proxy,false
central,2025,2050,0.028,advanced,0.1,Brussels-Capital Region,40,BE_TABULA_08,Terraced house,1946-1970,TABULA_standard_B_proxy,TABULA_advanced_A_proxy,1.06085714286,1884.59371333,0,,,1584.9176,39622.94,39622.94000000001,0,specific_heat_loss_z_W_m2K_descending_current_state,physical-state order then TABULA type number,TABULA_standard_B_proxy_to_TABULA_advanced_A_proxy,false
central,2025,2050,0.028,advanced,0.1,Brussels-Capital Region,41,BE_TABULA_23,Terraced house,post-2005,TABULA_existing,TABULA_advanced_A_proxy,1.04384117059,2153.27823584,0,,,1584.9176,39622.94,39622.94000000001,0,specific_heat_loss_z_W_m2K_descending_current_state,physical-state order then TABULA type number,TABULA_existing_to_TABULA_advanced_A_proxy,false
central,2025,2050,0.028,advanced,0.1,Brussels-Capital Region,42,BE_TABULA_23,Terraced house,post-2005,TABULA_standard_B_proxy,TABULA_advanced_A_proxy,1.04384117059,130.361129865,0,,,1584.9176,39622.94,39622.94000000001,0,specific_heat_loss_z_W_m2K_descending_current_state,physical-state order then TABULA type number,TABULA_standard_B_proxy_to_TABULA_advanced_A_proxy,false
central,2025,2050,0.028,advanced,0.1,Brussels-Capital Region,43,BE_TABULA_03,Terraced house,pre-1946,TABULA_standard_B_proxy,TABULA_advanced_A_proxy,1.00403497123,7568.81048622,0,,,1584.9176,39622.94,39622.94000000001,0,specific_heat_loss_z_W_m2K_descending_current_state,physical-state order then TABULA type number,TABULA_standard_B_proxy_to_TABULA_advanced_A_proxy,false
central,2025,2050,0.028,advanced,0.1,Brussels-Capital Region,44,BE_TABULA_18,Terraced house,1991-2005,TABULA_standard_B_proxy,TABULA_advanced_A_proxy,0.995627609603,146.409887404,0,,,1584.9176,39622.94,39622.94000000001,0,specific_heat_loss_z_W_m2K_descending_current_state,physical-state order then TABULA type number,TABULA_standard_B_proxy_to_TABULA_advanced_A_proxy,false
central,2025,2050,0.028,advanced,0.1,Brussels-Capital Region,45,BE_TABULA_24,"Apartment, enclosed",post-2005,TABULA_existing,TABULA_advanced_A_proxy,0.651972027972,14100.6447212,0,,,1584.9176,39622.94,39622.94000000001,0,specific_heat_loss_z_W_m2K_descending_current_state,physical-state order then TABULA type number,TABULA_existing_to_TABULA_advanced_A_proxy,false
central,2025,2050,0.028,advanced,0.1,Brussels-Capital Region,46,BE_TABULA_04,"Apartment, enclosed",pre-1946,TABULA_standard_B_proxy,TABULA_advanced_A_proxy,0.651972027972,4895.96527083,0,,,1584.9176,39622.94,39622.94000000001,0,specific_heat_loss_z_W_m2K_descending_current_state,physical-state order then TABULA type number,TABULA_standard_B_proxy_to_TABULA_advanced_A_proxy,false
central,2025,2050,0.028,advanced,0.1,Brussels-Capital Region,47,BE_TABULA_09,"Apartment, enclosed",1946-1970,TABULA_standard_B_proxy,TABULA_advanced_A_proxy,0.651972027972,2488.2190619,0,,,1584.9176,39622.94,39622.94000000001,0,specific_heat_loss_z_W_m2K_descending_current_state,physical-state order then TABULA type number,TABULA_standard_B_proxy_to_TABULA_advanced_A_proxy,false
central,2025,2050,0.028,advanced,0.1,Brussels-Capital Region,48,BE_TABULA_14,"Apartment, enclosed",1971-1990,TABULA_standard_B_proxy,TABULA_advanced_A_proxy,0.651972027972,1382.93441527,0,,,1584.9176,39622.94,39622.94000000001,0,specific_heat_loss_z_W_m2K_descending_current_state,physical-state order then TABULA type number,TABULA_standard_B_proxy_to_TABULA_advanced_A_proxy,false
central,2025,2050,0.028,advanced,0.1,Brussels-Capital Region,49,BE_TABULA_19,"Apartment, enclosed",1991-2005,TABULA_standard_B_proxy,TABULA_advanced_A_proxy,0.651972027972,651.987214337,0,,,1584.9176,39622.94,39622.94000000001,0,specific_heat_loss_z_W_m2K_descending_current_state,physical-state order then TABULA type number,TABULA_standard_B_proxy_to_TABULA_advanced_A_proxy,false
central,2025,2050,0.028,advanced,0.1,Brussels-Capital Region,50,BE_TABULA_24,"Apartment, enclosed",post-2005,TABULA_standard_B_proxy,TABULA_advanced_A_proxy,0.651972027972,853.663937665,0,,,1584.9176,39622.94,39622.94000000001,0,specific_heat_loss_z_W_m2K_descending_current_state,physical-state order then TABULA type number,TABULA_standard_B_proxy_to_TABULA_advanced_A_proxy,false
central,2025,2050,0.028,medium,0.5,Brussels-Capital Region,1,BE_TABULA_06,Detached house,1946-1970,TABULA_existing,TABULA_standard_B_proxy,4.92643426633,2474.88340603,889.96580603,2026,2026,7924.588,198114.69999999998,198114.69999999995,0,specific_heat_loss_z_W_m2K_descending_current_state,physical-state order then TABULA type number,TABULA_existing_to_TABULA_standard_B_proxy,false
central,2025,2050,0.028,medium,0.5,Brussels-Capital Region,2,BE_TABULA_05,"Apartment, exposed",pre-1946,TABULA_existing,TABULA_standard_B_proxy,4.9141253996,80870.5437885,68191.2029885,2026,2034,7924.588,198114.69999999998,198114.69999999995,0,specific_heat_loss_z_W_m2K_descending_current_state,physical-state order then TABULA type number,TABULA_existing_to_TABULA_standard_B_proxy,false
central,2025,2050,0.028,medium,0.5,Brussels-Capital Region,3,BE_TABULA_01,Detached house,pre-1946,TABULA_existing,TABULA_standard_B_proxy,4.91345448029,1836.42664219,1836.42664219,2034,2034,7924.588,198114.69999999998,198114.69999999995,0,specific_heat_loss_z_W_m2K_descending_current_state,physical-state order then TABULA type number,TABULA_existing_to_TABULA_standard_B_proxy,false
central,2025,2050,0.028,medium,0.5,Brussels-Capital Region,4,BE_TABULA_10,"Apartment, exposed",1946-1970,TABULA_existing,TABULA_standard_B_proxy,4.79594358142,41099.8888818,33175.3008818,2034,2039,7924.588,198114.69999999998,198114.69999999995,0,specific_heat_loss_z_W_m2K_descending_current_state,physical-state order then TABULA type number,TABULA_existing_to_TABULA_standard_B_proxy,false
central,2025,2050,0.028,medium,0.5,Brussels-Capital Region,5,BE_TABULA_02,Semi-detached house,pre-1946,TABULA_existing,TABULA_standard_B_proxy,4.30647953586,6172.46346735,6172.46346735,2039,2039,7924.588,198114.69999999998,198114.69999999995,0,specific_heat_loss_z_W_m2K_descending_current_state,physical-state order then TABULA type number,TABULA_existing_to_TABULA_standard_B_proxy,false
central,2025,2050,0.028,medium,0.5,Brussels-Capital Region,6,BE_TABULA_07,Semi-detached house,1946-1970,TABULA_existing,TABULA_standard_B_proxy,4.29680506722,7225.89723245,5640.97963245,2039,2040,7924.588,198114.69999999998,198114.69999999995,0,specific_heat_loss_z_W_m2K_descending_current_state,physical-state order then TABULA type number,TABULA_existing_to_TABULA_standard_B_proxy,false
central,2025,2050,0.028,medium,0.5,Brussels-Capital Region,7,BE_TABULA_03,Terraced house,pre-1946,TABULA_existing,TABULA_standard_B_proxy,3.31703286853,125020.049366,82208.36058168004,2040,2050,7924.588,198114.69999999998,198114.69999999995,0,specific_heat_loss_z_W_m2K_descending_current_state,physical-state order then TABULA type number,TABULA_existing_to_TABULA_standard_B_proxy,false
central,2025,2050,0.028,medium,0.5,Brussels-Capital Region,8,BE_TABULA_11,Detached house,1971-1990,TABULA_existing,TABULA_standard_B_proxy,3.30423674497,800.78464274,0,,,7924.588,198114.69999999998,198114.69999999995,0,specific_heat_loss_z_W_m2K_descending_current_state,physical-state order then TABULA type number,TABULA_existing_to_TABULA_standard_B_proxy,false
central,2025,2050,0.028,medium,0.5,Brussels-Capital Region,9,BE_TABULA_08,Terraced house,1946-1970,TABULA_existing,TABULA_standard_B_proxy,3.28802243461,31129.3299659,0,,,7924.588,198114.69999999998,198114.69999999995,0,specific_heat_loss_z_W_m2K_descending_current_state,physical-state order then TABULA type number,TABULA_existing_to_TABULA_standard_B_proxy,false
central,2025,2050,0.028,medium,0.5,Brussels-Capital Region,10,BE_TABULA_12,Semi-detached house,1971-1990,TABULA_existing,TABULA_standard_B_proxy,3.100083864,1173.8996771,0,,,7924.588,198114.69999999998,198114.69999999995,0,specific_heat_loss_z_W_m2K_descending_current_state,physical-state order then TABULA type number,TABULA_existing_to_TABULA_standard_B_proxy,false
central,2025,2050,0.028,medium,0.5,Brussels-Capital Region,11,BE_TABULA_15,"Apartment, exposed",1971-1990,TABULA_existing,TABULA_standard_B_proxy,2.87336236264,22843.025226,0,,,7924.588,198114.69999999998,198114.69999999995,0,specific_heat_loss_z_W_m2K_descending_current_state,physical-state order then TABULA type number,TABULA_existing_to_TABULA_standard_B_proxy,false
central,2025,2050,0.028,medium,0.5,Brussels-Capital Region,12,BE_TABULA_16,Detached house,1991-2005,TABULA_existing,TABULA_standard_B_proxy,2.42278676471,356.134537973,0,,,7924.588,198114.69999999998,198114.69999999995,0,specific_heat_loss_z_W_m2K_descending_current_state,physical-state order then TABULA type number,TABULA_existing_to_TABULA_standard_B_proxy,false
central,2025,2050,0.028,medium,0.5,Brussels-Capital Region,13,BE_TABULA_13,Terraced house,1971-1990,TABULA_existing,TABULA_standard_B_proxy,2.29461293821,3614.06653206,0,,,7924.588,198114.69999999998,198114.69999999995,0,specific_heat_loss_z_W_m2K_descending_current_state,physical-state order then TABULA type number,TABULA_existing_to_TABULA_standard_B_proxy,false
central,2025,2050,0.028,medium,0.5,Brussels-Capital Region,14,BE_TABULA_20,"Apartment, exposed",1991-2005,TABULA_existing,TABULA_standard_B_proxy,2.23798451548,10769.3902325,0,,,7924.588,198114.69999999998,198114.69999999995,0,specific_heat_loss_z_W_m2K_descending_current_state,physical-state order then TABULA type number,TABULA_existing_to_TABULA_standard_B_proxy,false
central,2025,2050,0.028,medium,0.5,Brussels-Capital Region,15,BE_TABULA_17,Semi-detached house,1991-2005,TABULA_existing,TABULA_standard_B_proxy,2.07700892857,777.627522495,0,,,7924.588,198114.69999999998,198114.69999999995,0,specific_heat_loss_z_W_m2K_descending_current_state,physical-state order then TABULA type number,TABULA_existing_to_TABULA_standard_B_proxy,false
central,2025,2050,0.028,medium,0.5,Brussels-Capital Region,16,BE_TABULA_04,"Apartment, enclosed",pre-1946,TABULA_existing,TABULA_standard_B_proxy,1.84376583417,80870.5437885,0,,,7924.588,198114.69999999998,198114.69999999995,0,specific_heat_loss_z_W_m2K_descending_current_state,physical-state order then TABULA type number,TABULA_existing_to_TABULA_standard_B_proxy,false
central,2025,2050,0.028,medium,0.5,Brussels-Capital Region,17,BE_TABULA_09,"Apartment, enclosed",1946-1970,TABULA_existing,TABULA_standard_B_proxy,1.75435524476,41099.8888818,0,,,7924.588,198114.69999999998,198114.69999999995,0,specific_heat_loss_z_W_m2K_descending_current_state,physical-state order then TABULA type number,TABULA_existing_to_TABULA_standard_B_proxy,false
central,2025,2050,0.028,medium,0.5,Brussels-Capital Region,18,BE_TABULA_18,Terraced house,1991-2005,TABULA_existing,TABULA_standard_B_proxy,1.64041623173,2418.3683003,0,,,7924.588,198114.69999999998,198114.69999999995,0,specific_heat_loss_z_W_m2K_descending_current_state,physical-state order then TABULA type number,TABULA_existing_to_TABULA_standard_B_proxy,false
central,2025,2050,0.028,medium,0.5,Brussels-Capital Region,19,BE_TABULA_14,"Apartment, enclosed",1971-1990,TABULA_existing,TABULA_standard_B_proxy,1.22158481518,22843.025226,0,,,7924.588,198114.69999999998,198114.69999999995,0,specific_heat_loss_z_W_m2K_descending_current_state,physical-state order then TABULA type number,TABULA_existing_to_TABULA_standard_B_proxy,false
central,2025,2050,0.028,medium,0.5,Brussels-Capital Region,20,BE_TABULA_19,"Apartment, enclosed",1991-2005,TABULA_existing,TABULA_standard_B_proxy,1.11932067932,10769.3902325,0,,,7924.588,198114.69999999998,198114.69999999995,0,specific_heat_loss_z_W_m2K_descending_current_state,physical-state order then TABULA type number,TABULA_existing_to_TABULA_standard_B_proxy,false
