projection,year,region,regional_modelled_stock_dwellings,existing_dwellings,standard_B_proxy_dwellings,advanced_A_proxy_dwellings,existing_share,standard_B_proxy_share,advanced_A_proxy_share,improved_envelope_dwellings,improved_envelope_share,improved_envelope_definition
central,2025,Flemish Region,3244134,2238452.4600012,713709.4799999,291972.06000008003,0.69,0.22,0.09,1005681.53999998,0.31,TABULA_standard_B_proxy plus TABULA_advanced_A_proxy
central,2026,Flemish Region,3244134,2183951.0088012,759127.3559999001,301055.63520008,0.6732,0.234,0.0928,1060182.99119998,0.3268,TABULA_standard_B_proxy plus TABULA_advanced_A_proxy
central,2027,Flemish Region,3244134,2129449.5576012,804545.2319999002,310139.21040008,0.6564,0.248,0.0956,1114684.4423999803,0.3436,TABULA_standard_B_proxy plus TABULA_advanced_A_proxy
central,2028,Flemish Region,3244134,2074948.1064012004,849963.1079999002,319222.78560008,0.6396,0.262,0.0984,1169185.8935999803,0.3604,TABULA_standard_B_proxy plus TABULA_advanced_A_proxy
central,2029,Flemish Region,3244134,2020446.6552012002,895380.9839999003,328306.36080008,0.6228,0.276,0.1012,1223687.3447999803,0.3772,TABULA_standard_B_proxy plus TABULA_advanced_A_proxy
central,2030,Flemish Region,3244134,1965945.2040012004,940798.8599999002,337389.93600007996,0.606,0.29,0.104,1278188.79599998,0.394,TABULA_standard_B_proxy plus TABULA_advanced_A_proxy
central,2031,Flemish Region,3244134,1911443.7528012004,986216.7359999003,346473.5112000799,0.5892,0.304,0.1068,1332690.24719998,0.4108,TABULA_standard_B_proxy plus TABULA_advanced_A_proxy
central,2032,Flemish Region,3244134,1856942.3016012004,1031634.6119999002,355557.08640008,0.5724,0.318,0.1096,1387191.69839998,0.4276,TABULA_standard_B_proxy plus TABULA_advanced_A_proxy
central,2033,Flemish Region,3244134,1802440.8504012004,1077052.4879999,364640.66160007997,0.5556,0.332,0.1124,1441693.14959998,0.4444,TABULA_standard_B_proxy plus TABULA_advanced_A_proxy
central,2034,Flemish Region,3244134,1747939.3992012,1122470.3639999,373724.23680008005,0.5388,0.346,0.1152,1496194.60079998,0.4612,TABULA_standard_B_proxy plus TABULA_advanced_A_proxy
central,2035,Flemish Region,3244134,1693437.9480012,1167888.2399998999,382807.81200008,0.522,0.36,0.118,1550696.05199998,0.478,TABULA_standard_B_proxy plus TABULA_advanced_A_proxy
central,2036,Flemish Region,3244134,1638936.4968012,1213306.1159999,391891.38720008,0.5052,0.374,0.1208,1605197.5031999801,0.4948,TABULA_standard_B_proxy plus TABULA_advanced_A_proxy
central,2037,Flemish Region,3244134,1584435.0456012,1258723.9919999,400974.96240007994,0.4884,0.388,0.1236,1659698.95439998,0.5116,TABULA_standard_B_proxy plus TABULA_advanced_A_proxy
central,2038,Flemish Region,3244134,1529933.5944012,1304141.8679999001,410058.5376000799,0.4716,0.402,0.1264,1714200.4055999801,0.5284,TABULA_standard_B_proxy plus TABULA_advanced_A_proxy
central,2039,Flemish Region,3244134,1475432.1432012,1349559.7439999,419142.11280008,0.4548,0.416,0.1292,1768701.8567999802,0.5452,TABULA_standard_B_proxy plus TABULA_advanced_A_proxy
central,2040,Flemish Region,3244134,1420930.6920012,1394977.6199999,428225.68800007994,0.438,0.43,0.132,1823203.30799998,0.562,TABULA_standard_B_proxy plus TABULA_advanced_A_proxy
central,2041,Flemish Region,3244134,1366429.2408012,1440395.4959999,437309.26320008,0.4212,0.444,0.1348,1877704.75919998,0.5788,TABULA_standard_B_proxy plus TABULA_advanced_A_proxy
central,2042,Flemish Region,3244134,1311927.7896012003,1485813.3719999,446392.83840008,0.4044,0.458,0.1376,1932206.2103999802,0.5956,TABULA_standard_B_proxy plus TABULA_advanced_A_proxy
central,2043,Flemish Region,3244134,1257426.3384012002,1531231.2479999,455476.41360008006,0.3876,0.472,0.1404,1986707.6615999802,0.6124,TABULA_standard_B_proxy plus TABULA_advanced_A_proxy
central,2044,Flemish Region,3244134,1202924.8872012,1576649.1239999002,464559.98880008,0.3708,0.486,0.1432,2041209.1127999802,0.6292,TABULA_standard_B_proxy plus TABULA_advanced_A_proxy
central,2045,Flemish Region,3244134,1148423.4360012,1622066.9999999,473643.56400008,0.354,0.5,0.146,2095710.5639999802,0.646,TABULA_standard_B_proxy plus TABULA_advanced_A_proxy
central,2046,Flemish Region,3244134,1093921.9848012,1667484.8759999,482727.13920008007,0.3372,0.514,0.1488,2150212.0151999802,0.6628,TABULA_standard_B_proxy plus TABULA_advanced_A_proxy
central,2047,Flemish Region,3244134,1039420.5336012001,1712902.7519999,491810.71440008003,0.3204,0.528,0.1516,2204713.46639998,0.6796,TABULA_standard_B_proxy plus TABULA_advanced_A_proxy
central,2048,Flemish Region,3244134,984919.0824012001,1758320.6279999001,500894.28960008,0.3036,0.542,0.1544,2259214.9175999803,0.6964,TABULA_standard_B_proxy plus TABULA_advanced_A_proxy
central,2049,Flemish Region,3244134,930417.6312012001,1803738.5039999,509977.8648000801,0.2868,0.556,0.1572,2313716.3687999803,0.7132,TABULA_standard_B_proxy plus TABULA_advanced_A_proxy
central,2050,Flemish Region,3244134,875916.1800012001,1849156.3799999,519061.44000008004,0.27,0.57,0.16,2368217.81999998,0.73,TABULA_standard_B_proxy plus TABULA_advanced_A_proxy
central,2025,Walloon Region,1727209,1516489.50200011,189992.99000003698,20726.508000005986,0.878,0.11,0.012,210719.49800004298,0.122,TABULA_standard_B_proxy plus TABULA_advanced_A_proxy
central,2026,Walloon Region,1727209,1487472.3908001098,214173.91600003702,25562.69320000599,0.8612,0.124,0.0148,239736.60920004302,0.1388,TABULA_standard_B_proxy plus TABULA_advanced_A_proxy
central,2027,Walloon Region,1727209,1458455.2796001101,238354.842000037,30398.878400005993,0.8444,0.138,0.0176,268753.720400043,0.1556,TABULA_standard_B_proxy plus TABULA_advanced_A_proxy
central,2028,Walloon Region,1727209,1429438.16840011,262535.768000037,35235.063600006004,0.8276,0.152,0.0204,297770.831600043,0.1724,TABULA_standard_B_proxy plus TABULA_advanced_A_proxy
central,2029,Walloon Region,1727209,1400421.0572001098,286716.69400003704,40071.24880000601,0.8108,0.166,0.0232,326787.94280004303,0.1892,TABULA_standard_B_proxy plus TABULA_advanced_A_proxy
central,2030,Walloon Region,1727209,1371403.9460001101,310897.620000037,44907.434000006004,0.794,0.18,0.026,355805.054000043,0.206,TABULA_standard_B_proxy plus TABULA_advanced_A_proxy
central,2031,Walloon Region,1727209,1342386.83480011,335078.54600003705,49743.619200006004,0.7772,0.194,0.0288,384822.16520004306,0.2228,TABULA_standard_B_proxy plus TABULA_advanced_A_proxy
central,2032,Walloon Region,1727209,1313369.7236001103,359259.472000037,54579.804400006,0.7604,0.208,0.0316,413839.27640004305,0.2396,TABULA_standard_B_proxy plus TABULA_advanced_A_proxy
central,2033,Walloon Region,1727209,1284352.61240011,383440.398000037,59415.989600005996,0.7436,0.222,0.0344,442856.387600043,0.2564,TABULA_standard_B_proxy plus TABULA_advanced_A_proxy
central,2034,Walloon Region,1727209,1255335.5012001104,407621.324000037,64252.174800006,0.7268,0.236,0.0372,471873.498800043,0.2732,TABULA_standard_B_proxy plus TABULA_advanced_A_proxy
central,2035,Walloon Region,1727209,1226318.3900001103,431802.25000003696,69088.360000006,0.71,0.25,0.04,500890.61000004294,0.29,TABULA_standard_B_proxy plus TABULA_advanced_A_proxy
central,2036,Walloon Region,1727209,1197301.2788001103,455983.176000037,73924.54520000602,0.6932,0.264,0.0428,529907.721200043,0.3068,TABULA_standard_B_proxy plus TABULA_advanced_A_proxy
central,2037,Walloon Region,1727209,1168284.1676001104,480164.102000037,78760.73040000604,0.6764,0.278,0.0456,558924.832400043,0.3236,TABULA_standard_B_proxy plus TABULA_advanced_A_proxy
central,2038,Walloon Region,1727209,1139267.0564001102,504345.028000037,83596.91560000603,0.6596,0.292,0.0484,587941.9436000431,0.3404,TABULA_standard_B_proxy plus TABULA_advanced_A_proxy
central,2039,Walloon Region,1727209,1110249.94520011,528525.9540000369,88433.10080000604,0.6428,0.306,0.0512,616959.054800043,0.3572,TABULA_standard_B_proxy plus TABULA_advanced_A_proxy
central,2040,Walloon Region,1727209,1081232.8340001102,552706.8800000369,93269.28600000603,0.626,0.32,0.054,645976.1660000429,0.374,TABULA_standard_B_proxy plus TABULA_advanced_A_proxy
central,2041,Walloon Region,1727209,1052215.7228001098,576887.806000037,98105.47120000604,0.6092,0.334,0.0568,674993.2772000431,0.3908,TABULA_standard_B_proxy plus TABULA_advanced_A_proxy
central,2042,Walloon Region,1727209,1023198.6116001098,601068.7320000371,102941.65640000603,0.5924,0.348,0.0596,704010.3884000431,0.4076,TABULA_standard_B_proxy plus TABULA_advanced_A_proxy
central,2043,Walloon Region,1727209,994181.5004001097,625249.6580000372,107777.84160000604,0.5756,0.362,0.0624,733027.4996000433,0.4244,TABULA_standard_B_proxy plus TABULA_advanced_A_proxy
central,2044,Walloon Region,1727209,965164.3892001098,649430.5840000372,112614.02680000603,0.5588,0.376,0.0652,762044.6108000432,0.4412,TABULA_standard_B_proxy plus TABULA_advanced_A_proxy
central,2045,Walloon Region,1727209,936147.2780001098,673611.5100000371,117450.21200000604,0.542,0.39,0.068,791061.7220000431,0.458,TABULA_standard_B_proxy plus TABULA_advanced_A_proxy
central,2046,Walloon Region,1727209,907130.1668001098,697792.4360000372,122286.39720000603,0.5252,0.404,0.0708,820078.8332000433,0.4748,TABULA_standard_B_proxy plus TABULA_advanced_A_proxy
central,2047,Walloon Region,1727209,878113.0556001097,721973.3620000372,127122.58240000604,0.5084,0.418,0.0736,849095.9444000432,0.4916,TABULA_standard_B_proxy plus TABULA_advanced_A_proxy
central,2048,Walloon Region,1727209,849095.9444001097,746154.2880000372,131958.76760000605,0.4916,0.432,0.0764,878113.0556000433,0.5084,TABULA_standard_B_proxy plus TABULA_advanced_A_proxy
central,2049,Walloon Region,1727209,820078.8332001098,770335.2140000372,136794.952800006,0.4748,0.446,0.0792,907130.1668000432,0.5252,TABULA_standard_B_proxy plus TABULA_advanced_A_proxy
central,2050,Walloon Region,1727209,791061.7220001097,794516.1400000372,141631.13800000597,0.458,0.46,0.082,936147.2780000431,0.542,TABULA_standard_B_proxy plus TABULA_advanced_A_proxy
central,2025,Brussels-Capital Region,566042,525456.7886001009,31811.5603999987,8773.65100000082,0.9283,0.0562,0.0155,40585.21139999952,0.0717,TABULA_standard_B_proxy plus TABULA_advanced_A_proxy
central,2026,Brussels-Capital Region,566042,515947.28300010087,39736.14839999869,10358.56860000082,0.9115,0.0702,0.0183,50094.71699999951,0.0885,TABULA_standard_B_proxy plus TABULA_advanced_A_proxy
central,2027,Brussels-Capital Region,566042,506437.77740010095,47660.7363999987,11943.486200000822,0.8947,0.0842,0.0211,59604.22259999952,0.1053,TABULA_standard_B_proxy plus TABULA_advanced_A_proxy
central,2028,Brussels-Capital Region,566042,496928.2718001009,55585.324399998695,13528.403800000819,0.8779,0.0982,0.0239,69113.72819999952,0.1221,TABULA_standard_B_proxy plus TABULA_advanced_A_proxy
central,2029,Brussels-Capital Region,566042,487418.7662001009,63509.91239999869,15113.32140000082,0.8611,0.1122,0.0267,78623.2337999995,0.1389,TABULA_standard_B_proxy plus TABULA_advanced_A_proxy
central,2030,Brussels-Capital Region,566042,477909.26060010085,71434.50039999874,16698.23900000082,0.8443,0.1262,0.0295,88132.73939999955,0.1557,TABULA_standard_B_proxy plus TABULA_advanced_A_proxy
central,2031,Brussels-Capital Region,566042,468399.7550001008,79359.08839999876,18283.156600000813,0.8275,0.1402,0.0323,97642.24499999957,0.1725,TABULA_standard_B_proxy plus TABULA_advanced_A_proxy
central,2032,Brussels-Capital Region,566042,458890.2494001009,87283.67639999876,19868.074200000814,0.8107,0.1542,0.0351,107151.75059999958,0.1893,TABULA_standard_B_proxy plus TABULA_advanced_A_proxy
central,2033,Brussels-Capital Region,566042,449380.74380010087,95208.26439999876,21452.991800000815,0.7939,0.1682,0.0379,116661.25619999958,0.2061,TABULA_standard_B_proxy plus TABULA_advanced_A_proxy
central,2034,Brussels-Capital Region,566042,439871.23820010084,103132.85239999878,23037.909400000815,0.7771,0.1822,0.0407,126170.7617999996,0.2229,TABULA_standard_B_proxy plus TABULA_advanced_A_proxy
central,2035,Brussels-Capital Region,566042,430361.7326001008,111057.44039999877,24622.827000000816,0.7603,0.1962,0.0435,135680.26739999957,0.2397,TABULA_standard_B_proxy plus TABULA_advanced_A_proxy
central,2036,Brussels-Capital Region,566042,420852.2270001009,118982.02839999877,26207.744600000817,0.7435,0.2102,0.0463,145189.77299999958,0.2565,TABULA_standard_B_proxy plus TABULA_advanced_A_proxy
central,2037,Brussels-Capital Region,566042,411342.72140010085,126906.61639999878,27792.662200000817,0.7267,0.2242,0.0491,154699.27859999958,0.2733,TABULA_standard_B_proxy plus TABULA_advanced_A_proxy
central,2038,Brussels-Capital Region,566042,401833.2158001008,134831.2043999987,29377.579800000818,0.7099,0.2382,0.0519,164208.78419999953,0.2901,TABULA_standard_B_proxy plus TABULA_advanced_A_proxy
central,2039,Brussels-Capital Region,566042,392323.7102001009,142755.79239999867,30962.49740000082,0.6931,0.2522,0.0547,173718.28979999947,0.3069,TABULA_standard_B_proxy plus TABULA_advanced_A_proxy
central,2040,Brussels-Capital Region,566042,382814.2046001009,150680.38039999868,32547.41500000082,0.6763,0.2662,0.0575,183227.7953999995,0.3237,TABULA_standard_B_proxy plus TABULA_advanced_A_proxy
central,2041,Brussels-Capital Region,566042,373304.69900010084,158604.9683999987,34132.33260000083,0.6595,0.2802,0.0603,192737.30099999954,0.3405,TABULA_standard_B_proxy plus TABULA_advanced_A_proxy
central,2042,Brussels-Capital Region,566042,363795.1934001009,166529.5563999987,35717.25020000083,0.6427,0.2942,0.0631,202246.80659999952,0.3573,TABULA_standard_B_proxy plus TABULA_advanced_A_proxy
central,2043,Brussels-Capital Region,566042,354285.6878001009,174454.14439999868,37302.16780000083,0.6259,0.3082,0.0659,211756.31219999952,0.3741,TABULA_standard_B_proxy plus TABULA_advanced_A_proxy
central,2044,Brussels-Capital Region,566042,344776.18220010085,182378.73239999864,38887.08540000084,0.6091,0.3222,0.0687,221265.8177999995,0.3909,TABULA_standard_B_proxy plus TABULA_advanced_A_proxy
central,2045,Brussels-Capital Region,566042,335266.67660010094,190303.32039999866,40472.00300000084,0.5923,0.3362,0.0715,230775.3233999995,0.4077,TABULA_standard_B_proxy plus TABULA_advanced_A_proxy
central,2046,Brussels-Capital Region,566042,325757.1710001009,198227.90839999868,42056.92060000084,0.5755,0.3502,0.0743,240284.8289999995,0.4245,TABULA_standard_B_proxy plus TABULA_advanced_A_proxy
central,2047,Brussels-Capital Region,566042,316247.6654001009,206152.4963999987,43641.83820000084,0.5587,0.3642,0.0771,249794.33459999954,0.4413,TABULA_standard_B_proxy plus TABULA_advanced_A_proxy
central,2048,Brussels-Capital Region,566042,306738.15980010096,214077.08439999868,45226.75580000084,0.5419,0.3782,0.0799,259303.8401999995,0.4581,TABULA_standard_B_proxy plus TABULA_advanced_A_proxy
central,2049,Brussels-Capital Region,566042,297228.6542001009,222001.67239999867,46811.67340000085,0.5251,0.3922,0.0827,268813.34579999954,0.4749,TABULA_standard_B_proxy plus TABULA_advanced_A_proxy
central,2050,Brussels-Capital Region,566042,287719.148600101,229926.2603999987,48396.591000000844,0.5083,0.4062,0.0855,278322.8513999995,0.4917,TABULA_standard_B_proxy plus TABULA_advanced_A_proxy
